assay,w_mono,mu_A,mu_R,target_div,pop_id
a0,1.0,1e-07,1e-07,16777216,p0
a0,1.0,1e-07,1e-07,16777216,p1
a0,1.0,1e-07,1e-07,16777216,p2
a0,1.0,1e-07,1e-07,16777216,p3
a0,1.0,1e-07,1e-07,16777216,p4
a0,1.0,1e-07,1e-07,16777216,p5
a0,1.0,1e-07,1e-07,16777216,p6
a0,1.0,1e-07,1e-07,16777216,p7
a0,1.0,1e-07,1e-07,16777216,p8
a0,1.0,1e-07,1e-07,16777216,p9
a0,1.0,1e-07,1e-07,16777216,p10
a0,1.0,1e-07,1e-07,16777216,p11
a0,1.0,1e-07,1e-07,16777216,p12
a0,1.0,1e-07,1e-07,16777216,p13
a0,1.0,1e-07,1e-07,16777216,p14
a0,1.0,1e-07,1e-07,16777216,p15
a0,1.0,1e-07,1e-07,16777216,p16
a0,1.0,1e-07,1e-07,16777216,p17
a0,1.0,1e-07,1e-07,16777216,p18
a0,1.0,1e-07,1e-07,16777216,p19
a0,1.0,1e-07,1e-07,16777216,p20
a0,1.0,1e-07,1e-07,16777216,p21
a0,1.0,1e-07,1e-07,16777216,p22
a0,1.0,1e-07,1e-07,16777216,p23
a0,1.0,1e-07,1e-07,16777216,p24
a0,1.0,1e-07,1e-07,16777216,p25
a0,1.0,1e-07,1e-07,16777216,p26
a0,1.0,1e-07,1e-07,16777216,p27
a0,1.0,1e-07,1e-07,16777216,p28
a0,1.0,1e-07,1e-07,16777216,p29
a0,1.0,1e-07,1e-07,16777216,p30
a0,1.0,1e-07,1e-07,16777216,p31
a0,1.0,1e-07,1e-07,16777216,p32
a0,1.0,1e-07,1e-07,16777216,p33
a0,1.0,1e-07,1e-07,16777216,p34
a0,1.0,1e-07,1e-07,16777216,p35
a0,1.0,1e-07,1e-07,16777216,p36
a0,1.0,1e-07,1e-07,16777216,p37
a0,1.0,1e-07,1e-07,16777216,p38
a0,1.0,1e-07,1e-07,16777216,p39
a0,1.0,1e-07,1e-07,16777216,p40
a0,1.0,1e-07,1e-07,16777216,p41
a0,1.0,1e-07,1e-07,16777216,p42
a0,1.0,1e-07,1e-07,16777216,p43
a0,1.0,1e-07,1e-07,16777216,p44
a0,1.0,1e-07,1e-07,16777216,p45
a0,1.0,1e-07,1e-07,16777216,p46
a0,1.0,1e-07,1e-07,16777216,p47
a0,1.0,1e-07,1e-07,16777216,p48
a0,1.0,1e-07,1e-07,16777216,p49
a1,1.0,1e-07,1e-06,16777216,p50
a1,1.0,1e-07,1e-06,16777216,p51
a1,1.0,1e-07,1e-06,16777216,p52
a1,1.0,1e-07,1e-06,16777216,p53
a1,1.0,1e-07,1e-06,16777216,p54
a1,1.0,1e-07,1e-06,16777216,p55
a1,1.0,1e-07,1e-06,16777216,p56
a1,1.0,1e-07,1e-06,16777216,p57
a1,1.0,1e-07,1e-06,16777216,p58
a1,1.0,1e-07,1e-06,16777216,p59
a1,1.0,1e-07,1e-06,16777216,p60
a1,1.0,1e-07,1e-06,16777216,p61
a1,1.0,1e-07,1e-06,16777216,p62
a1,1.0,1e-07,1e-06,16777216,p63
a1,1.0,1e-07,1e-06,16777216,p64
a1,1.0,1e-07,1e-06,16777216,p65
a1,1.0,1e-07,1e-06,16777216,p66
a1,1.0,1e-07,1e-06,16777216,p67
a1,1.0,1e-07,1e-06,16777216,p68
a1,1.0,1e-07,1e-06,16777216,p69
a1,1.0,1e-07,1e-06,16777216,p70
a1,1.0,1e-07,1e-06,16777216,p71
a1,1.0,1e-07,1e-06,16777216,p72
a1,1.0,1e-07,1e-06,16777216,p73
a1,1.0,1e-07,1e-06,16777216,p74
a1,1.0,1e-07,1e-06,16777216,p75
a1,1.0,1e-07,1e-06,16777216,p76
a1,1.0,1e-07,1e-06,16777216,p77
a1,1.0,1e-07,1e-06,16777216,p78
a1,1.0,1e-07,1e-06,16777216,p79
a1,1.0,1e-07,1e-06,16777216,p80
a1,1.0,1e-07,1e-06,16777216,p81
a1,1.0,1e-07,1e-06,16777216,p82
a1,1.0,1e-07,1e-06,16777216,p83
a1,1.0,1e-07,1e-06,16777216,p84
a1,1.0,1e-07,1e-06,16777216,p85
a1,1.0,1e-07,1e-06,16777216,p86
a1,1.0,1e-07,1e-06,16777216,p87
a1,1.0,1e-07,1e-06,16777216,p88
a1,1.0,1e-07,1e-06,16777216,p89
a1,1.0,1e-07,1e-06,16777216,p90
a1,1.0,1e-07,1e-06,16777216,p91
a1,1.0,1e-07,1e-06,16777216,p92
a1,1.0,1e-07,1e-06,16777216,p93
a1,1.0,1e-07,1e-06,16777216,p94
a1,1.0,1e-07,1e-06,16777216,p95
a1,1.0,1e-07,1e-06,16777216,p96
a1,1.0,1e-07,1e-06,16777216,p97
a1,1.0,1e-07,1e-06,16777216,p98
a1,1.0,1e-07,1e-06,16777216,p99
a2,1.0,1e-07,9.999999999999999e-06,16777216,p100
a2,1.0,1e-07,9.999999999999999e-06,16777216,p101
a2,1.0,1e-07,9.999999999999999e-06,16777216,p102
a2,1.0,1e-07,9.999999999999999e-06,16777216,p103
a2,1.0,1e-07,9.999999999999999e-06,16777216,p104
a2,1.0,1e-07,9.999999999999999e-06,16777216,p105
a2,1.0,1e-07,9.999999999999999e-06,16777216,p106
a2,1.0,1e-07,9.999999999999999e-06,16777216,p107
a2,1.0,1e-07,9.999999999999999e-06,16777216,p108
a2,1.0,1e-07,9.999999999999999e-06,16777216,p109
a2,1.0,1e-07,9.999999999999999e-06,16777216,p110
a2,1.0,1e-07,9.999999999999999e-06,16777216,p111
a2,1.0,1e-07,9.999999999999999e-06,16777216,p112
a2,1.0,1e-07,9.999999999999999e-06,16777216,p113
a2,1.0,1e-07,9.999999999999999e-06,16777216,p114
a2,1.0,1e-07,9.999999999999999e-06,16777216,p115
a2,1.0,1e-07,9.999999999999999e-06,16777216,p116
a2,1.0,1e-07,9.999999999999999e-06,16777216,p117
a2,1.0,1e-07,9.999999999999999e-06,16777216,p118
a2,1.0,1e-07,9.999999999999999e-06,16777216,p119
a2,1.0,1e-07,9.999999999999999e-06,16777216,p120
a2,1.0,1e-07,9.999999999999999e-06,16777216,p121
a2,1.0,1e-07,9.999999999999999e-06,16777216,p122
a2,1.0,1e-07,9.999999999999999e-06,16777216,p123
a2,1.0,1e-07,9.999999999999999e-06,16777216,p124
a2,1.0,1e-07,9.999999999999999e-06,16777216,p125
a2,1.0,1e-07,9.999999999999999e-06,16777216,p126
a2,1.0,1e-07,9.999999999999999e-06,16777216,p127
a2,1.0,1e-07,9.999999999999999e-06,16777216,p128
a2,1.0,1e-07,9.999999999999999e-06,16777216,p129
a2,1.0,1e-07,9.999999999999999e-06,16777216,p130
a2,1.0,1e-07,9.999999999999999e-06,16777216,p131
a2,1.0,1e-07,9.999999999999999e-06,16777216,p132
a2,1.0,1e-07,9.999999999999999e-06,16777216,p133
a2,1.0,1e-07,9.999999999999999e-06,16777216,p134
a2,1.0,1e-07,9.999999999999999e-06,16777216,p135
a2,1.0,1e-07,9.999999999999999e-06,16777216,p136
a2,1.0,1e-07,9.999999999999999e-06,16777216,p137
a2,1.0,1e-07,9.999999999999999e-06,16777216,p138
a2,1.0,1e-07,9.999999999999999e-06,16777216,p139
a2,1.0,1e-07,9.999999999999999e-06,16777216,p140
a2,1.0,1e-07,9.999999999999999e-06,16777216,p141
a2,1.0,1e-07,9.999999999999999e-06,16777216,p142
a2,1.0,1e-07,9.999999999999999e-06,16777216,p143
a2,1.0,1e-07,9.999999999999999e-06,16777216,p144
a2,1.0,1e-07,9.999999999999999e-06,16777216,p145
a2,1.0,1e-07,9.999999999999999e-06,16777216,p146
a2,1.0,1e-07,9.999999999999999e-06,16777216,p147
a2,1.0,1e-07,9.999999999999999e-06,16777216,p148
a2,1.0,1e-07,9.999999999999999e-06,16777216,p149
a3,1.0,1e-07,0.0001,16777216,p150
a3,1.0,1e-07,0.0001,16777216,p151
a3,1.0,1e-07,0.0001,16777216,p152
a3,1.0,1e-07,0.0001,16777216,p153
a3,1.0,1e-07,0.0001,16777216,p154
a3,1.0,1e-07,0.0001,16777216,p155
a3,1.0,1e-07,0.0001,16777216,p156
a3,1.0,1e-07,0.0001,16777216,p157
a3,1.0,1e-07,0.0001,16777216,p158
a3,1.0,1e-07,0.0001,16777216,p159
a3,1.0,1e-07,0.0001,16777216,p160
a3,1.0,1e-07,0.0001,16777216,p161
a3,1.0,1e-07,0.0001,16777216,p162
a3,1.0,1e-07,0.0001,16777216,p163
a3,1.0,1e-07,0.0001,16777216,p164
a3,1.0,1e-07,0.0001,16777216,p165
a3,1.0,1e-07,0.0001,16777216,p166
a3,1.0,1e-07,0.0001,16777216,p167
a3,1.0,1e-07,0.0001,16777216,p168
a3,1.0,1e-07,0.0001,16777216,p169
a3,1.0,1e-07,0.0001,16777216,p170
a3,1.0,1e-07,0.0001,16777216,p171
a3,1.0,1e-07,0.0001,16777216,p172
a3,1.0,1e-07,0.0001,16777216,p173
a3,1.0,1e-07,0.0001,16777216,p174
a3,1.0,1e-07,0.0001,16777216,p175
a3,1.0,1e-07,0.0001,16777216,p176
a3,1.0,1e-07,0.0001,16777216,p177
a3,1.0,1e-07,0.0001,16777216,p178
a3,1.0,1e-07,0.0001,16777216,p179
a3,1.0,1e-07,0.0001,16777216,p180
a3,1.0,1e-07,0.0001,16777216,p181
a3,1.0,1e-07,0.0001,16777216,p182
a3,1.0,1e-07,0.0001,16777216,p183
a3,1.0,1e-07,0.0001,16777216,p184
a3,1.0,1e-07,0.0001,16777216,p185
a3,1.0,1e-07,0.0001,16777216,p186
a3,1.0,1e-07,0.0001,16777216,p187
a3,1.0,1e-07,0.0001,16777216,p188
a3,1.0,1e-07,0.0001,16777216,p189
a3,1.0,1e-07,0.0001,16777216,p190
a3,1.0,1e-07,0.0001,16777216,p191
a3,1.0,1e-07,0.0001,16777216,p192
a3,1.0,1e-07,0.0001,16777216,p193
a3,1.0,1e-07,0.0001,16777216,p194
a3,1.0,1e-07,0.0001,16777216,p195
a3,1.0,1e-07,0.0001,16777216,p196
a3,1.0,1e-07,0.0001,16777216,p197
a3,1.0,1e-07,0.0001,16777216,p198
a3,1.0,1e-07,0.0001,16777216,p199
a4,1.0,1e-07,0.001,16777216,p200
a4,1.0,1e-07,0.001,16777216,p201
a4,1.0,1e-07,0.001,16777216,p202
a4,1.0,1e-07,0.001,16777216,p203
a4,1.0,1e-07,0.001,16777216,p204
a4,1.0,1e-07,0.001,16777216,p205
a4,1.0,1e-07,0.001,16777216,p206
a4,1.0,1e-07,0.001,16777216,p207
a4,1.0,1e-07,0.001,16777216,p208
a4,1.0,1e-07,0.001,16777216,p209
a4,1.0,1e-07,0.001,16777216,p210
a4,1.0,1e-07,0.001,16777216,p211
a4,1.0,1e-07,0.001,16777216,p212
a4,1.0,1e-07,0.001,16777216,p213
a4,1.0,1e-07,0.001,16777216,p214
a4,1.0,1e-07,0.001,16777216,p215
a4,1.0,1e-07,0.001,16777216,p216
a4,1.0,1e-07,0.001,16777216,p217
a4,1.0,1e-07,0.001,16777216,p218
a4,1.0,1e-07,0.001,16777216,p219
a4,1.0,1e-07,0.001,16777216,p220
a4,1.0,1e-07,0.001,16777216,p221
a4,1.0,1e-07,0.001,16777216,p222
a4,1.0,1e-07,0.001,16777216,p223
a4,1.0,1e-07,0.001,16777216,p224
a4,1.0,1e-07,0.001,16777216,p225
a4,1.0,1e-07,0.001,16777216,p226
a4,1.0,1e-07,0.001,16777216,p227
a4,1.0,1e-07,0.001,16777216,p228
a4,1.0,1e-07,0.001,16777216,p229
a4,1.0,1e-07,0.001,16777216,p230
a4,1.0,1e-07,0.001,16777216,p231
a4,1.0,1e-07,0.001,16777216,p232
a4,1.0,1e-07,0.001,16777216,p233
a4,1.0,1e-07,0.001,16777216,p234
a4,1.0,1e-07,0.001,16777216,p235
a4,1.0,1e-07,0.001,16777216,p236
a4,1.0,1e-07,0.001,16777216,p237
a4,1.0,1e-07,0.001,16777216,p238
a4,1.0,1e-07,0.001,16777216,p239
a4,1.0,1e-07,0.001,16777216,p240
a4,1.0,1e-07,0.001,16777216,p241
a4,1.0,1e-07,0.001,16777216,p242
a4,1.0,1e-07,0.001,16777216,p243
a4,1.0,1e-07,0.001,16777216,p244
a4,1.0,1e-07,0.001,16777216,p245
a4,1.0,1e-07,0.001,16777216,p246
a4,1.0,1e-07,0.001,16777216,p247
a4,1.0,1e-07,0.001,16777216,p248
a4,1.0,1e-07,0.001,16777216,p249
a5,1.0,1e-07,0.01,16777216,p250
a5,1.0,1e-07,0.01,16777216,p251
a5,1.0,1e-07,0.01,16777216,p252
a5,1.0,1e-07,0.01,16777216,p253
a5,1.0,1e-07,0.01,16777216,p254
a5,1.0,1e-07,0.01,16777216,p255
a5,1.0,1e-07,0.01,16777216,p256
a5,1.0,1e-07,0.01,16777216,p257
a5,1.0,1e-07,0.01,16777216,p258
a5,1.0,1e-07,0.01,16777216,p259
a5,1.0,1e-07,0.01,16777216,p260
a5,1.0,1e-07,0.01,16777216,p261
a5,1.0,1e-07,0.01,16777216,p262
a5,1.0,1e-07,0.01,16777216,p263
a5,1.0,1e-07,0.01,16777216,p264
a5,1.0,1e-07,0.01,16777216,p265
a5,1.0,1e-07,0.01,16777216,p266
a5,1.0,1e-07,0.01,16777216,p267
a5,1.0,1e-07,0.01,16777216,p268
a5,1.0,1e-07,0.01,16777216,p269
a5,1.0,1e-07,0.01,16777216,p270
a5,1.0,1e-07,0.01,16777216,p271
a5,1.0,1e-07,0.01,16777216,p272
a5,1.0,1e-07,0.01,16777216,p273
a5,1.0,1e-07,0.01,16777216,p274
a5,1.0,1e-07,0.01,16777216,p275
a5,1.0,1e-07,0.01,16777216,p276
a5,1.0,1e-07,0.01,16777216,p277
a5,1.0,1e-07,0.01,16777216,p278
a5,1.0,1e-07,0.01,16777216,p279
a5,1.0,1e-07,0.01,16777216,p280
a5,1.0,1e-07,0.01,16777216,p281
a5,1.0,1e-07,0.01,16777216,p282
a5,1.0,1e-07,0.01,16777216,p283
a5,1.0,1e-07,0.01,16777216,p284
a5,1.0,1e-07,0.01,16777216,p285
a5,1.0,1e-07,0.01,16777216,p286
a5,1.0,1e-07,0.01,16777216,p287
a5,1.0,1e-07,0.01,16777216,p288
a5,1.0,1e-07,0.01,16777216,p289
a5,1.0,1e-07,0.01,16777216,p290
a5,1.0,1e-07,0.01,16777216,p291
a5,1.0,1e-07,0.01,16777216,p292
a5,1.0,1e-07,0.01,16777216,p293
a5,1.0,1e-07,0.01,16777216,p294
a5,1.0,1e-07,0.01,16777216,p295
a5,1.0,1e-07,0.01,16777216,p296
a5,1.0,1e-07,0.01,16777216,p297
a5,1.0,1e-07,0.01,16777216,p298
a5,1.0,1e-07,0.01,16777216,p299
a6,1.0,1e-07,0.1,16777216,p300
a6,1.0,1e-07,0.1,16777216,p301
a6,1.0,1e-07,0.1,16777216,p302
a6,1.0,1e-07,0.1,16777216,p303
a6,1.0,1e-07,0.1,16777216,p304
a6,1.0,1e-07,0.1,16777216,p305
a6,1.0,1e-07,0.1,16777216,p306
a6,1.0,1e-07,0.1,16777216,p307
a6,1.0,1e-07,0.1,16777216,p308
a6,1.0,1e-07,0.1,16777216,p309
a6,1.0,1e-07,0.1,16777216,p310
a6,1.0,1e-07,0.1,16777216,p311
a6,1.0,1e-07,0.1,16777216,p312
a6,1.0,1e-07,0.1,16777216,p313
a6,1.0,1e-07,0.1,16777216,p314
a6,1.0,1e-07,0.1,16777216,p315
a6,1.0,1e-07,0.1,16777216,p316
a6,1.0,1e-07,0.1,16777216,p317
a6,1.0,1e-07,0.1,16777216,p318
a6,1.0,1e-07,0.1,16777216,p319
a6,1.0,1e-07,0.1,16777216,p320
a6,1.0,1e-07,0.1,16777216,p321
a6,1.0,1e-07,0.1,16777216,p322
a6,1.0,1e-07,0.1,16777216,p323
a6,1.0,1e-07,0.1,16777216,p324
a6,1.0,1e-07,0.1,16777216,p325
a6,1.0,1e-07,0.1,16777216,p326
a6,1.0,1e-07,0.1,16777216,p327
a6,1.0,1e-07,0.1,16777216,p328
a6,1.0,1e-07,0.1,16777216,p329
a6,1.0,1e-07,0.1,16777216,p330
a6,1.0,1e-07,0.1,16777216,p331
a6,1.0,1e-07,0.1,16777216,p332
a6,1.0,1e-07,0.1,16777216,p333
a6,1.0,1e-07,0.1,16777216,p334
a6,1.0,1e-07,0.1,16777216,p335
a6,1.0,1e-07,0.1,16777216,p336
a6,1.0,1e-07,0.1,16777216,p337
a6,1.0,1e-07,0.1,16777216,p338
a6,1.0,1e-07,0.1,16777216,p339
a6,1.0,1e-07,0.1,16777216,p340
a6,1.0,1e-07,0.1,16777216,p341
a6,1.0,1e-07,0.1,16777216,p342
a6,1.0,1e-07,0.1,16777216,p343
a6,1.0,1e-07,0.1,16777216,p344
a6,1.0,1e-07,0.1,16777216,p345
a6,1.0,1e-07,0.1,16777216,p346
a6,1.0,1e-07,0.1,16777216,p347
a6,1.0,1e-07,0.1,16777216,p348
a6,1.0,1e-07,0.1,16777216,p349
a7,1.0,3.162277660168379e-07,1e-07,16777216,p350
a7,1.0,3.162277660168379e-07,1e-07,16777216,p351
a7,1.0,3.162277660168379e-07,1e-07,16777216,p352
a7,1.0,3.162277660168379e-07,1e-07,16777216,p353
a7,1.0,3.162277660168379e-07,1e-07,16777216,p354
a7,1.0,3.162277660168379e-07,1e-07,16777216,p355
a7,1.0,3.162277660168379e-07,1e-07,16777216,p356
a7,1.0,3.162277660168379e-07,1e-07,16777216,p357
a7,1.0,3.162277660168379e-07,1e-07,16777216,p358
a7,1.0,3.162277660168379e-07,1e-07,16777216,p359
a7,1.0,3.162277660168379e-07,1e-07,16777216,p360
a7,1.0,3.162277660168379e-07,1e-07,16777216,p361
a7,1.0,3.162277660168379e-07,1e-07,16777216,p362
a7,1.0,3.162277660168379e-07,1e-07,16777216,p363
a7,1.0,3.162277660168379e-07,1e-07,16777216,p364
a7,1.0,3.162277660168379e-07,1e-07,16777216,p365
a7,1.0,3.162277660168379e-07,1e-07,16777216,p366
a7,1.0,3.162277660168379e-07,1e-07,16777216,p367
a7,1.0,3.162277660168379e-07,1e-07,16777216,p368
a7,1.0,3.162277660168379e-07,1e-07,16777216,p369
a7,1.0,3.162277660168379e-07,1e-07,16777216,p370
a7,1.0,3.162277660168379e-07,1e-07,16777216,p371
a7,1.0,3.162277660168379e-07,1e-07,16777216,p372
a7,1.0,3.162277660168379e-07,1e-07,16777216,p373
a7,1.0,3.162277660168379e-07,1e-07,16777216,p374
a7,1.0,3.162277660168379e-07,1e-07,16777216,p375
a7,1.0,3.162277660168379e-07,1e-07,16777216,p376
a7,1.0,3.162277660168379e-07,1e-07,16777216,p377
a7,1.0,3.162277660168379e-07,1e-07,16777216,p378
a7,1.0,3.162277660168379e-07,1e-07,16777216,p379
a7,1.0,3.162277660168379e-07,1e-07,16777216,p380
a7,1.0,3.162277660168379e-07,1e-07,16777216,p381
a7,1.0,3.162277660168379e-07,1e-07,16777216,p382
a7,1.0,3.162277660168379e-07,1e-07,16777216,p383
a7,1.0,3.162277660168379e-07,1e-07,16777216,p384
a7,1.0,3.162277660168379e-07,1e-07,16777216,p385
a7,1.0,3.162277660168379e-07,1e-07,16777216,p386
a7,1.0,3.162277660168379e-07,1e-07,16777216,p387
a7,1.0,3.162277660168379e-07,1e-07,16777216,p388
a7,1.0,3.162277660168379e-07,1e-07,16777216,p389
a7,1.0,3.162277660168379e-07,1e-07,16777216,p390
a7,1.0,3.162277660168379e-07,1e-07,16777216,p391
a7,1.0,3.162277660168379e-07,1e-07,16777216,p392
a7,1.0,3.162277660168379e-07,1e-07,16777216,p393
a7,1.0,3.162277660168379e-07,1e-07,16777216,p394
a7,1.0,3.162277660168379e-07,1e-07,16777216,p395
a7,1.0,3.162277660168379e-07,1e-07,16777216,p396
a7,1.0,3.162277660168379e-07,1e-07,16777216,p397
a7,1.0,3.162277660168379e-07,1e-07,16777216,p398
a7,1.0,3.162277660168379e-07,1e-07,16777216,p399
a8,1.0,3.162277660168379e-07,1e-06,16777216,p400
a8,1.0,3.162277660168379e-07,1e-06,16777216,p401
a8,1.0,3.162277660168379e-07,1e-06,16777216,p402
a8,1.0,3.162277660168379e-07,1e-06,16777216,p403
a8,1.0,3.162277660168379e-07,1e-06,16777216,p404
a8,1.0,3.162277660168379e-07,1e-06,16777216,p405
a8,1.0,3.162277660168379e-07,1e-06,16777216,p406
a8,1.0,3.162277660168379e-07,1e-06,16777216,p407
a8,1.0,3.162277660168379e-07,1e-06,16777216,p408
a8,1.0,3.162277660168379e-07,1e-06,16777216,p409
a8,1.0,3.162277660168379e-07,1e-06,16777216,p410
a8,1.0,3.162277660168379e-07,1e-06,16777216,p411
a8,1.0,3.162277660168379e-07,1e-06,16777216,p412
a8,1.0,3.162277660168379e-07,1e-06,16777216,p413
a8,1.0,3.162277660168379e-07,1e-06,16777216,p414
a8,1.0,3.162277660168379e-07,1e-06,16777216,p415
a8,1.0,3.162277660168379e-07,1e-06,16777216,p416
a8,1.0,3.162277660168379e-07,1e-06,16777216,p417
a8,1.0,3.162277660168379e-07,1e-06,16777216,p418
a8,1.0,3.162277660168379e-07,1e-06,16777216,p419
a8,1.0,3.162277660168379e-07,1e-06,16777216,p420
a8,1.0,3.162277660168379e-07,1e-06,16777216,p421
a8,1.0,3.162277660168379e-07,1e-06,16777216,p422
a8,1.0,3.162277660168379e-07,1e-06,16777216,p423
a8,1.0,3.162277660168379e-07,1e-06,16777216,p424
a8,1.0,3.162277660168379e-07,1e-06,16777216,p425
a8,1.0,3.162277660168379e-07,1e-06,16777216,p426
a8,1.0,3.162277660168379e-07,1e-06,16777216,p427
a8,1.0,3.162277660168379e-07,1e-06,16777216,p428
a8,1.0,3.162277660168379e-07,1e-06,16777216,p429
a8,1.0,3.162277660168379e-07,1e-06,16777216,p430
a8,1.0,3.162277660168379e-07,1e-06,16777216,p431
a8,1.0,3.162277660168379e-07,1e-06,16777216,p432
a8,1.0,3.162277660168379e-07,1e-06,16777216,p433
a8,1.0,3.162277660168379e-07,1e-06,16777216,p434
a8,1.0,3.162277660168379e-07,1e-06,16777216,p435
a8,1.0,3.162277660168379e-07,1e-06,16777216,p436
a8,1.0,3.162277660168379e-07,1e-06,16777216,p437
a8,1.0,3.162277660168379e-07,1e-06,16777216,p438
a8,1.0,3.162277660168379e-07,1e-06,16777216,p439
a8,1.0,3.162277660168379e-07,1e-06,16777216,p440
a8,1.0,3.162277660168379e-07,1e-06,16777216,p441
a8,1.0,3.162277660168379e-07,1e-06,16777216,p442
a8,1.0,3.162277660168379e-07,1e-06,16777216,p443
a8,1.0,3.162277660168379e-07,1e-06,16777216,p444
a8,1.0,3.162277660168379e-07,1e-06,16777216,p445
a8,1.0,3.162277660168379e-07,1e-06,16777216,p446
a8,1.0,3.162277660168379e-07,1e-06,16777216,p447
a8,1.0,3.162277660168379e-07,1e-06,16777216,p448
a8,1.0,3.162277660168379e-07,1e-06,16777216,p449
a9,1.0,3.162277660168379e-07,9.999999999999999e-06,16777216,p450
a9,1.0,3.162277660168379e-07,9.999999999999999e-06,16777216,p451
a9,1.0,3.162277660168379e-07,9.999999999999999e-06,16777216,p452
a9,1.0,3.162277660168379e-07,9.999999999999999e-06,16777216,p453
a9,1.0,3.162277660168379e-07,9.999999999999999e-06,16777216,p454
a9,1.0,3.162277660168379e-07,9.999999999999999e-06,16777216,p455
a9,1.0,3.162277660168379e-07,9.999999999999999e-06,16777216,p456
a9,1.0,3.162277660168379e-07,9.999999999999999e-06,16777216,p457
a9,1.0,3.162277660168379e-07,9.999999999999999e-06,16777216,p458
a9,1.0,3.162277660168379e-07,9.999999999999999e-06,16777216,p459
a9,1.0,3.162277660168379e-07,9.999999999999999e-06,16777216,p460
a9,1.0,3.162277660168379e-07,9.999999999999999e-06,16777216,p461
a9,1.0,3.162277660168379e-07,9.999999999999999e-06,16777216,p462
a9,1.0,3.162277660168379e-07,9.999999999999999e-06,16777216,p463
a9,1.0,3.162277660168379e-07,9.999999999999999e-06,16777216,p464
a9,1.0,3.162277660168379e-07,9.999999999999999e-06,16777216,p465
a9,1.0,3.162277660168379e-07,9.999999999999999e-06,16777216,p466
a9,1.0,3.162277660168379e-07,9.999999999999999e-06,16777216,p467
a9,1.0,3.162277660168379e-07,9.999999999999999e-06,16777216,p468
a9,1.0,3.162277660168379e-07,9.999999999999999e-06,16777216,p469
a9,1.0,3.162277660168379e-07,9.999999999999999e-06,16777216,p470
a9,1.0,3.162277660168379e-07,9.999999999999999e-06,16777216,p471
a9,1.0,3.162277660168379e-07,9.999999999999999e-06,16777216,p472
a9,1.0,3.162277660168379e-07,9.999999999999999e-06,16777216,p473
a9,1.0,3.162277660168379e-07,9.999999999999999e-06,16777216,p474
a9,1.0,3.162277660168379e-07,9.999999999999999e-06,16777216,p475
a9,1.0,3.162277660168379e-07,9.999999999999999e-06,16777216,p476
a9,1.0,3.162277660168379e-07,9.999999999999999e-06,16777216,p477
a9,1.0,3.162277660168379e-07,9.999999999999999e-06,16777216,p478
a9,1.0,3.162277660168379e-07,9.999999999999999e-06,16777216,p479
a9,1.0,3.162277660168379e-07,9.999999999999999e-06,16777216,p480
a9,1.0,3.162277660168379e-07,9.999999999999999e-06,16777216,p481
a9,1.0,3.162277660168379e-07,9.999999999999999e-06,16777216,p482
a9,1.0,3.162277660168379e-07,9.999999999999999e-06,16777216,p483
a9,1.0,3.162277660168379e-07,9.999999999999999e-06,16777216,p484
a9,1.0,3.162277660168379e-07,9.999999999999999e-06,16777216,p485
a9,1.0,3.162277660168379e-07,9.999999999999999e-06,16777216,p486
a9,1.0,3.162277660168379e-07,9.999999999999999e-06,16777216,p487
a9,1.0,3.162277660168379e-07,9.999999999999999e-06,16777216,p488
a9,1.0,3.162277660168379e-07,9.999999999999999e-06,16777216,p489
a9,1.0,3.162277660168379e-07,9.999999999999999e-06,16777216,p490
a9,1.0,3.162277660168379e-07,9.999999999999999e-06,16777216,p491
a9,1.0,3.162277660168379e-07,9.999999999999999e-06,16777216,p492
a9,1.0,3.162277660168379e-07,9.999999999999999e-06,16777216,p493
a9,1.0,3.162277660168379e-07,9.999999999999999e-06,16777216,p494
a9,1.0,3.162277660168379e-07,9.999999999999999e-06,16777216,p495
a9,1.0,3.162277660168379e-07,9.999999999999999e-06,16777216,p496
a9,1.0,3.162277660168379e-07,9.999999999999999e-06,16777216,p497
a9,1.0,3.162277660168379e-07,9.999999999999999e-06,16777216,p498
a9,1.0,3.162277660168379e-07,9.999999999999999e-06,16777216,p499
a10,1.0,3.162277660168379e-07,0.0001,16777216,p500
a10,1.0,3.162277660168379e-07,0.0001,16777216,p501
a10,1.0,3.162277660168379e-07,0.0001,16777216,p502
a10,1.0,3.162277660168379e-07,0.0001,16777216,p503
a10,1.0,3.162277660168379e-07,0.0001,16777216,p504
a10,1.0,3.162277660168379e-07,0.0001,16777216,p505
a10,1.0,3.162277660168379e-07,0.0001,16777216,p506
a10,1.0,3.162277660168379e-07,0.0001,16777216,p507
a10,1.0,3.162277660168379e-07,0.0001,16777216,p508
a10,1.0,3.162277660168379e-07,0.0001,16777216,p509
a10,1.0,3.162277660168379e-07,0.0001,16777216,p510
a10,1.0,3.162277660168379e-07,0.0001,16777216,p511
a10,1.0,3.162277660168379e-07,0.0001,16777216,p512
a10,1.0,3.162277660168379e-07,0.0001,16777216,p513
a10,1.0,3.162277660168379e-07,0.0001,16777216,p514
a10,1.0,3.162277660168379e-07,0.0001,16777216,p515
a10,1.0,3.162277660168379e-07,0.0001,16777216,p516
a10,1.0,3.162277660168379e-07,0.0001,16777216,p517
a10,1.0,3.162277660168379e-07,0.0001,16777216,p518
a10,1.0,3.162277660168379e-07,0.0001,16777216,p519
a10,1.0,3.162277660168379e-07,0.0001,16777216,p520
a10,1.0,3.162277660168379e-07,0.0001,16777216,p521
a10,1.0,3.162277660168379e-07,0.0001,16777216,p522
a10,1.0,3.162277660168379e-07,0.0001,16777216,p523
a10,1.0,3.162277660168379e-07,0.0001,16777216,p524
a10,1.0,3.162277660168379e-07,0.0001,16777216,p525
a10,1.0,3.162277660168379e-07,0.0001,16777216,p526
a10,1.0,3.162277660168379e-07,0.0001,16777216,p527
a10,1.0,3.162277660168379e-07,0.0001,16777216,p528
a10,1.0,3.162277660168379e-07,0.0001,16777216,p529
a10,1.0,3.162277660168379e-07,0.0001,16777216,p530
a10,1.0,3.162277660168379e-07,0.0001,16777216,p531
a10,1.0,3.162277660168379e-07,0.0001,16777216,p532
a10,1.0,3.162277660168379e-07,0.0001,16777216,p533
a10,1.0,3.162277660168379e-07,0.0001,16777216,p534
a10,1.0,3.162277660168379e-07,0.0001,16777216,p535
a10,1.0,3.162277660168379e-07,0.0001,16777216,p536
a10,1.0,3.162277660168379e-07,0.0001,16777216,p537
a10,1.0,3.162277660168379e-07,0.0001,16777216,p538
a10,1.0,3.162277660168379e-07,0.0001,16777216,p539
a10,1.0,3.162277660168379e-07,0.0001,16777216,p540
a10,1.0,3.162277660168379e-07,0.0001,16777216,p541
a10,1.0,3.162277660168379e-07,0.0001,16777216,p542
a10,1.0,3.162277660168379e-07,0.0001,16777216,p543
a10,1.0,3.162277660168379e-07,0.0001,16777216,p544
a10,1.0,3.162277660168379e-07,0.0001,16777216,p545
a10,1.0,3.162277660168379e-07,0.0001,16777216,p546
a10,1.0,3.162277660168379e-07,0.0001,16777216,p547
a10,1.0,3.162277660168379e-07,0.0001,16777216,p548
a10,1.0,3.162277660168379e-07,0.0001,16777216,p549
a11,1.0,3.162277660168379e-07,0.001,16777216,p550
a11,1.0,3.162277660168379e-07,0.001,16777216,p551
a11,1.0,3.162277660168379e-07,0.001,16777216,p552
a11,1.0,3.162277660168379e-07,0.001,16777216,p553
a11,1.0,3.162277660168379e-07,0.001,16777216,p554
a11,1.0,3.162277660168379e-07,0.001,16777216,p555
a11,1.0,3.162277660168379e-07,0.001,16777216,p556
a11,1.0,3.162277660168379e-07,0.001,16777216,p557
a11,1.0,3.162277660168379e-07,0.001,16777216,p558
a11,1.0,3.162277660168379e-07,0.001,16777216,p559
a11,1.0,3.162277660168379e-07,0.001,16777216,p560
a11,1.0,3.162277660168379e-07,0.001,16777216,p561
a11,1.0,3.162277660168379e-07,0.001,16777216,p562
a11,1.0,3.162277660168379e-07,0.001,16777216,p563
a11,1.0,3.162277660168379e-07,0.001,16777216,p564
a11,1.0,3.162277660168379e-07,0.001,16777216,p565
a11,1.0,3.162277660168379e-07,0.001,16777216,p566
a11,1.0,3.162277660168379e-07,0.001,16777216,p567
a11,1.0,3.162277660168379e-07,0.001,16777216,p568
a11,1.0,3.162277660168379e-07,0.001,16777216,p569
a11,1.0,3.162277660168379e-07,0.001,16777216,p570
a11,1.0,3.162277660168379e-07,0.001,16777216,p571
a11,1.0,3.162277660168379e-07,0.001,16777216,p572
a11,1.0,3.162277660168379e-07,0.001,16777216,p573
a11,1.0,3.162277660168379e-07,0.001,16777216,p574
a11,1.0,3.162277660168379e-07,0.001,16777216,p575
a11,1.0,3.162277660168379e-07,0.001,16777216,p576
a11,1.0,3.162277660168379e-07,0.001,16777216,p577
a11,1.0,3.162277660168379e-07,0.001,16777216,p578
a11,1.0,3.162277660168379e-07,0.001,16777216,p579
a11,1.0,3.162277660168379e-07,0.001,16777216,p580
a11,1.0,3.162277660168379e-07,0.001,16777216,p581
a11,1.0,3.162277660168379e-07,0.001,16777216,p582
a11,1.0,3.162277660168379e-07,0.001,16777216,p583
a11,1.0,3.162277660168379e-07,0.001,16777216,p584
a11,1.0,3.162277660168379e-07,0.001,16777216,p585
a11,1.0,3.162277660168379e-07,0.001,16777216,p586
a11,1.0,3.162277660168379e-07,0.001,16777216,p587
a11,1.0,3.162277660168379e-07,0.001,16777216,p588
a11,1.0,3.162277660168379e-07,0.001,16777216,p589
a11,1.0,3.162277660168379e-07,0.001,16777216,p590
a11,1.0,3.162277660168379e-07,0.001,16777216,p591
a11,1.0,3.162277660168379e-07,0.001,16777216,p592
a11,1.0,3.162277660168379e-07,0.001,16777216,p593
a11,1.0,3.162277660168379e-07,0.001,16777216,p594
a11,1.0,3.162277660168379e-07,0.001,16777216,p595
a11,1.0,3.162277660168379e-07,0.001,16777216,p596
a11,1.0,3.162277660168379e-07,0.001,16777216,p597
a11,1.0,3.162277660168379e-07,0.001,16777216,p598
a11,1.0,3.162277660168379e-07,0.001,16777216,p599
a12,1.0,3.162277660168379e-07,0.01,16777216,p600
a12,1.0,3.162277660168379e-07,0.01,16777216,p601
a12,1.0,3.162277660168379e-07,0.01,16777216,p602
a12,1.0,3.162277660168379e-07,0.01,16777216,p603
a12,1.0,3.162277660168379e-07,0.01,16777216,p604
a12,1.0,3.162277660168379e-07,0.01,16777216,p605
a12,1.0,3.162277660168379e-07,0.01,16777216,p606
a12,1.0,3.162277660168379e-07,0.01,16777216,p607
a12,1.0,3.162277660168379e-07,0.01,16777216,p608
a12,1.0,3.162277660168379e-07,0.01,16777216,p609
a12,1.0,3.162277660168379e-07,0.01,16777216,p610
a12,1.0,3.162277660168379e-07,0.01,16777216,p611
a12,1.0,3.162277660168379e-07,0.01,16777216,p612
a12,1.0,3.162277660168379e-07,0.01,16777216,p613
a12,1.0,3.162277660168379e-07,0.01,16777216,p614
a12,1.0,3.162277660168379e-07,0.01,16777216,p615
a12,1.0,3.162277660168379e-07,0.01,16777216,p616
a12,1.0,3.162277660168379e-07,0.01,16777216,p617
a12,1.0,3.162277660168379e-07,0.01,16777216,p618
a12,1.0,3.162277660168379e-07,0.01,16777216,p619
a12,1.0,3.162277660168379e-07,0.01,16777216,p620
a12,1.0,3.162277660168379e-07,0.01,16777216,p621
a12,1.0,3.162277660168379e-07,0.01,16777216,p622
a12,1.0,3.162277660168379e-07,0.01,16777216,p623
a12,1.0,3.162277660168379e-07,0.01,16777216,p624
a12,1.0,3.162277660168379e-07,0.01,16777216,p625
a12,1.0,3.162277660168379e-07,0.01,16777216,p626
a12,1.0,3.162277660168379e-07,0.01,16777216,p627
a12,1.0,3.162277660168379e-07,0.01,16777216,p628
a12,1.0,3.162277660168379e-07,0.01,16777216,p629
a12,1.0,3.162277660168379e-07,0.01,16777216,p630
a12,1.0,3.162277660168379e-07,0.01,16777216,p631
a12,1.0,3.162277660168379e-07,0.01,16777216,p632
a12,1.0,3.162277660168379e-07,0.01,16777216,p633
a12,1.0,3.162277660168379e-07,0.01,16777216,p634
a12,1.0,3.162277660168379e-07,0.01,16777216,p635
a12,1.0,3.162277660168379e-07,0.01,16777216,p636
a12,1.0,3.162277660168379e-07,0.01,16777216,p637
a12,1.0,3.162277660168379e-07,0.01,16777216,p638
a12,1.0,3.162277660168379e-07,0.01,16777216,p639
a12,1.0,3.162277660168379e-07,0.01,16777216,p640
a12,1.0,3.162277660168379e-07,0.01,16777216,p641
a12,1.0,3.162277660168379e-07,0.01,16777216,p642
a12,1.0,3.162277660168379e-07,0.01,16777216,p643
a12,1.0,3.162277660168379e-07,0.01,16777216,p644
a12,1.0,3.162277660168379e-07,0.01,16777216,p645
a12,1.0,3.162277660168379e-07,0.01,16777216,p646
a12,1.0,3.162277660168379e-07,0.01,16777216,p647
a12,1.0,3.162277660168379e-07,0.01,16777216,p648
a12,1.0,3.162277660168379e-07,0.01,16777216,p649
a13,1.0,3.162277660168379e-07,0.1,16777216,p650
a13,1.0,3.162277660168379e-07,0.1,16777216,p651
a13,1.0,3.162277660168379e-07,0.1,16777216,p652
a13,1.0,3.162277660168379e-07,0.1,16777216,p653
a13,1.0,3.162277660168379e-07,0.1,16777216,p654
a13,1.0,3.162277660168379e-07,0.1,16777216,p655
a13,1.0,3.162277660168379e-07,0.1,16777216,p656
a13,1.0,3.162277660168379e-07,0.1,16777216,p657
a13,1.0,3.162277660168379e-07,0.1,16777216,p658
a13,1.0,3.162277660168379e-07,0.1,16777216,p659
a13,1.0,3.162277660168379e-07,0.1,16777216,p660
a13,1.0,3.162277660168379e-07,0.1,16777216,p661
a13,1.0,3.162277660168379e-07,0.1,16777216,p662
a13,1.0,3.162277660168379e-07,0.1,16777216,p663
a13,1.0,3.162277660168379e-07,0.1,16777216,p664
a13,1.0,3.162277660168379e-07,0.1,16777216,p665
a13,1.0,3.162277660168379e-07,0.1,16777216,p666
a13,1.0,3.162277660168379e-07,0.1,16777216,p667
a13,1.0,3.162277660168379e-07,0.1,16777216,p668
a13,1.0,3.162277660168379e-07,0.1,16777216,p669
a13,1.0,3.162277660168379e-07,0.1,16777216,p670
a13,1.0,3.162277660168379e-07,0.1,16777216,p671
a13,1.0,3.162277660168379e-07,0.1,16777216,p672
a13,1.0,3.162277660168379e-07,0.1,16777216,p673
a13,1.0,3.162277660168379e-07,0.1,16777216,p674
a13,1.0,3.162277660168379e-07,0.1,16777216,p675
a13,1.0,3.162277660168379e-07,0.1,16777216,p676
a13,1.0,3.162277660168379e-07,0.1,16777216,p677
a13,1.0,3.162277660168379e-07,0.1,16777216,p678
a13,1.0,3.162277660168379e-07,0.1,16777216,p679
a13,1.0,3.162277660168379e-07,0.1,16777216,p680
a13,1.0,3.162277660168379e-07,0.1,16777216,p681
a13,1.0,3.162277660168379e-07,0.1,16777216,p682
a13,1.0,3.162277660168379e-07,0.1,16777216,p683
a13,1.0,3.162277660168379e-07,0.1,16777216,p684
a13,1.0,3.162277660168379e-07,0.1,16777216,p685
a13,1.0,3.162277660168379e-07,0.1,16777216,p686
a13,1.0,3.162277660168379e-07,0.1,16777216,p687
a13,1.0,3.162277660168379e-07,0.1,16777216,p688
a13,1.0,3.162277660168379e-07,0.1,16777216,p689
a13,1.0,3.162277660168379e-07,0.1,16777216,p690
a13,1.0,3.162277660168379e-07,0.1,16777216,p691
a13,1.0,3.162277660168379e-07,0.1,16777216,p692
a13,1.0,3.162277660168379e-07,0.1,16777216,p693
a13,1.0,3.162277660168379e-07,0.1,16777216,p694
a13,1.0,3.162277660168379e-07,0.1,16777216,p695
a13,1.0,3.162277660168379e-07,0.1,16777216,p696
a13,1.0,3.162277660168379e-07,0.1,16777216,p697
a13,1.0,3.162277660168379e-07,0.1,16777216,p698
a13,1.0,3.162277660168379e-07,0.1,16777216,p699
a14,1.0,1e-06,1e-07,16777216,p700
a14,1.0,1e-06,1e-07,16777216,p701
a14,1.0,1e-06,1e-07,16777216,p702
a14,1.0,1e-06,1e-07,16777216,p703
a14,1.0,1e-06,1e-07,16777216,p704
a14,1.0,1e-06,1e-07,16777216,p705
a14,1.0,1e-06,1e-07,16777216,p706
a14,1.0,1e-06,1e-07,16777216,p707
a14,1.0,1e-06,1e-07,16777216,p708
a14,1.0,1e-06,1e-07,16777216,p709
a14,1.0,1e-06,1e-07,16777216,p710
a14,1.0,1e-06,1e-07,16777216,p711
a14,1.0,1e-06,1e-07,16777216,p712
a14,1.0,1e-06,1e-07,16777216,p713
a14,1.0,1e-06,1e-07,16777216,p714
a14,1.0,1e-06,1e-07,16777216,p715
a14,1.0,1e-06,1e-07,16777216,p716
a14,1.0,1e-06,1e-07,16777216,p717
a14,1.0,1e-06,1e-07,16777216,p718
a14,1.0,1e-06,1e-07,16777216,p719
a14,1.0,1e-06,1e-07,16777216,p720
a14,1.0,1e-06,1e-07,16777216,p721
a14,1.0,1e-06,1e-07,16777216,p722
a14,1.0,1e-06,1e-07,16777216,p723
a14,1.0,1e-06,1e-07,16777216,p724
a14,1.0,1e-06,1e-07,16777216,p725
a14,1.0,1e-06,1e-07,16777216,p726
a14,1.0,1e-06,1e-07,16777216,p727
a14,1.0,1e-06,1e-07,16777216,p728
a14,1.0,1e-06,1e-07,16777216,p729
a14,1.0,1e-06,1e-07,16777216,p730
a14,1.0,1e-06,1e-07,16777216,p731
a14,1.0,1e-06,1e-07,16777216,p732
a14,1.0,1e-06,1e-07,16777216,p733
a14,1.0,1e-06,1e-07,16777216,p734
a14,1.0,1e-06,1e-07,16777216,p735
a14,1.0,1e-06,1e-07,16777216,p736
a14,1.0,1e-06,1e-07,16777216,p737
a14,1.0,1e-06,1e-07,16777216,p738
a14,1.0,1e-06,1e-07,16777216,p739
a14,1.0,1e-06,1e-07,16777216,p740
a14,1.0,1e-06,1e-07,16777216,p741
a14,1.0,1e-06,1e-07,16777216,p742
a14,1.0,1e-06,1e-07,16777216,p743
a14,1.0,1e-06,1e-07,16777216,p744
a14,1.0,1e-06,1e-07,16777216,p745
a14,1.0,1e-06,1e-07,16777216,p746
a14,1.0,1e-06,1e-07,16777216,p747
a14,1.0,1e-06,1e-07,16777216,p748
a14,1.0,1e-06,1e-07,16777216,p749
a15,1.0,1e-06,1e-06,16777216,p750
a15,1.0,1e-06,1e-06,16777216,p751
a15,1.0,1e-06,1e-06,16777216,p752
a15,1.0,1e-06,1e-06,16777216,p753
a15,1.0,1e-06,1e-06,16777216,p754
a15,1.0,1e-06,1e-06,16777216,p755
a15,1.0,1e-06,1e-06,16777216,p756
a15,1.0,1e-06,1e-06,16777216,p757
a15,1.0,1e-06,1e-06,16777216,p758
a15,1.0,1e-06,1e-06,16777216,p759
a15,1.0,1e-06,1e-06,16777216,p760
a15,1.0,1e-06,1e-06,16777216,p761
a15,1.0,1e-06,1e-06,16777216,p762
a15,1.0,1e-06,1e-06,16777216,p763
a15,1.0,1e-06,1e-06,16777216,p764
a15,1.0,1e-06,1e-06,16777216,p765
a15,1.0,1e-06,1e-06,16777216,p766
a15,1.0,1e-06,1e-06,16777216,p767
a15,1.0,1e-06,1e-06,16777216,p768
a15,1.0,1e-06,1e-06,16777216,p769
a15,1.0,1e-06,1e-06,16777216,p770
a15,1.0,1e-06,1e-06,16777216,p771
a15,1.0,1e-06,1e-06,16777216,p772
a15,1.0,1e-06,1e-06,16777216,p773
a15,1.0,1e-06,1e-06,16777216,p774
a15,1.0,1e-06,1e-06,16777216,p775
a15,1.0,1e-06,1e-06,16777216,p776
a15,1.0,1e-06,1e-06,16777216,p777
a15,1.0,1e-06,1e-06,16777216,p778
a15,1.0,1e-06,1e-06,16777216,p779
a15,1.0,1e-06,1e-06,16777216,p780
a15,1.0,1e-06,1e-06,16777216,p781
a15,1.0,1e-06,1e-06,16777216,p782
a15,1.0,1e-06,1e-06,16777216,p783
a15,1.0,1e-06,1e-06,16777216,p784
a15,1.0,1e-06,1e-06,16777216,p785
a15,1.0,1e-06,1e-06,16777216,p786
a15,1.0,1e-06,1e-06,16777216,p787
a15,1.0,1e-06,1e-06,16777216,p788
a15,1.0,1e-06,1e-06,16777216,p789
a15,1.0,1e-06,1e-06,16777216,p790
a15,1.0,1e-06,1e-06,16777216,p791
a15,1.0,1e-06,1e-06,16777216,p792
a15,1.0,1e-06,1e-06,16777216,p793
a15,1.0,1e-06,1e-06,16777216,p794
a15,1.0,1e-06,1e-06,16777216,p795
a15,1.0,1e-06,1e-06,16777216,p796
a15,1.0,1e-06,1e-06,16777216,p797
a15,1.0,1e-06,1e-06,16777216,p798
a15,1.0,1e-06,1e-06,16777216,p799
a16,1.0,1e-06,9.999999999999999e-06,16777216,p800
a16,1.0,1e-06,9.999999999999999e-06,16777216,p801
a16,1.0,1e-06,9.999999999999999e-06,16777216,p802
a16,1.0,1e-06,9.999999999999999e-06,16777216,p803
a16,1.0,1e-06,9.999999999999999e-06,16777216,p804
a16,1.0,1e-06,9.999999999999999e-06,16777216,p805
a16,1.0,1e-06,9.999999999999999e-06,16777216,p806
a16,1.0,1e-06,9.999999999999999e-06,16777216,p807
a16,1.0,1e-06,9.999999999999999e-06,16777216,p808
a16,1.0,1e-06,9.999999999999999e-06,16777216,p809
a16,1.0,1e-06,9.999999999999999e-06,16777216,p810
a16,1.0,1e-06,9.999999999999999e-06,16777216,p811
a16,1.0,1e-06,9.999999999999999e-06,16777216,p812
a16,1.0,1e-06,9.999999999999999e-06,16777216,p813
a16,1.0,1e-06,9.999999999999999e-06,16777216,p814
a16,1.0,1e-06,9.999999999999999e-06,16777216,p815
a16,1.0,1e-06,9.999999999999999e-06,16777216,p816
a16,1.0,1e-06,9.999999999999999e-06,16777216,p817
a16,1.0,1e-06,9.999999999999999e-06,16777216,p818
a16,1.0,1e-06,9.999999999999999e-06,16777216,p819
a16,1.0,1e-06,9.999999999999999e-06,16777216,p820
a16,1.0,1e-06,9.999999999999999e-06,16777216,p821
a16,1.0,1e-06,9.999999999999999e-06,16777216,p822
a16,1.0,1e-06,9.999999999999999e-06,16777216,p823
a16,1.0,1e-06,9.999999999999999e-06,16777216,p824
a16,1.0,1e-06,9.999999999999999e-06,16777216,p825
a16,1.0,1e-06,9.999999999999999e-06,16777216,p826
a16,1.0,1e-06,9.999999999999999e-06,16777216,p827
a16,1.0,1e-06,9.999999999999999e-06,16777216,p828
a16,1.0,1e-06,9.999999999999999e-06,16777216,p829
a16,1.0,1e-06,9.999999999999999e-06,16777216,p830
a16,1.0,1e-06,9.999999999999999e-06,16777216,p831
a16,1.0,1e-06,9.999999999999999e-06,16777216,p832
a16,1.0,1e-06,9.999999999999999e-06,16777216,p833
a16,1.0,1e-06,9.999999999999999e-06,16777216,p834
a16,1.0,1e-06,9.999999999999999e-06,16777216,p835
a16,1.0,1e-06,9.999999999999999e-06,16777216,p836
a16,1.0,1e-06,9.999999999999999e-06,16777216,p837
a16,1.0,1e-06,9.999999999999999e-06,16777216,p838
a16,1.0,1e-06,9.999999999999999e-06,16777216,p839
a16,1.0,1e-06,9.999999999999999e-06,16777216,p840
a16,1.0,1e-06,9.999999999999999e-06,16777216,p841
a16,1.0,1e-06,9.999999999999999e-06,16777216,p842
a16,1.0,1e-06,9.999999999999999e-06,16777216,p843
a16,1.0,1e-06,9.999999999999999e-06,16777216,p844
a16,1.0,1e-06,9.999999999999999e-06,16777216,p845
a16,1.0,1e-06,9.999999999999999e-06,16777216,p846
a16,1.0,1e-06,9.999999999999999e-06,16777216,p847
a16,1.0,1e-06,9.999999999999999e-06,16777216,p848
a16,1.0,1e-06,9.999999999999999e-06,16777216,p849
a17,1.0,1e-06,0.0001,16777216,p850
a17,1.0,1e-06,0.0001,16777216,p851
a17,1.0,1e-06,0.0001,16777216,p852
a17,1.0,1e-06,0.0001,16777216,p853
a17,1.0,1e-06,0.0001,16777216,p854
a17,1.0,1e-06,0.0001,16777216,p855
a17,1.0,1e-06,0.0001,16777216,p856
a17,1.0,1e-06,0.0001,16777216,p857
a17,1.0,1e-06,0.0001,16777216,p858
a17,1.0,1e-06,0.0001,16777216,p859
a17,1.0,1e-06,0.0001,16777216,p860
a17,1.0,1e-06,0.0001,16777216,p861
a17,1.0,1e-06,0.0001,16777216,p862
a17,1.0,1e-06,0.0001,16777216,p863
a17,1.0,1e-06,0.0001,16777216,p864
a17,1.0,1e-06,0.0001,16777216,p865
a17,1.0,1e-06,0.0001,16777216,p866
a17,1.0,1e-06,0.0001,16777216,p867
a17,1.0,1e-06,0.0001,16777216,p868
a17,1.0,1e-06,0.0001,16777216,p869
a17,1.0,1e-06,0.0001,16777216,p870
a17,1.0,1e-06,0.0001,16777216,p871
a17,1.0,1e-06,0.0001,16777216,p872
a17,1.0,1e-06,0.0001,16777216,p873
a17,1.0,1e-06,0.0001,16777216,p874
a17,1.0,1e-06,0.0001,16777216,p875
a17,1.0,1e-06,0.0001,16777216,p876
a17,1.0,1e-06,0.0001,16777216,p877
a17,1.0,1e-06,0.0001,16777216,p878
a17,1.0,1e-06,0.0001,16777216,p879
a17,1.0,1e-06,0.0001,16777216,p880
a17,1.0,1e-06,0.0001,16777216,p881
a17,1.0,1e-06,0.0001,16777216,p882
a17,1.0,1e-06,0.0001,16777216,p883
a17,1.0,1e-06,0.0001,16777216,p884
a17,1.0,1e-06,0.0001,16777216,p885
a17,1.0,1e-06,0.0001,16777216,p886
a17,1.0,1e-06,0.0001,16777216,p887
a17,1.0,1e-06,0.0001,16777216,p888
a17,1.0,1e-06,0.0001,16777216,p889
a17,1.0,1e-06,0.0001,16777216,p890
a17,1.0,1e-06,0.0001,16777216,p891
a17,1.0,1e-06,0.0001,16777216,p892
a17,1.0,1e-06,0.0001,16777216,p893
a17,1.0,1e-06,0.0001,16777216,p894
a17,1.0,1e-06,0.0001,16777216,p895
a17,1.0,1e-06,0.0001,16777216,p896
a17,1.0,1e-06,0.0001,16777216,p897
a17,1.0,1e-06,0.0001,16777216,p898
a17,1.0,1e-06,0.0001,16777216,p899
a18,1.0,1e-06,0.001,16777216,p900
a18,1.0,1e-06,0.001,16777216,p901
a18,1.0,1e-06,0.001,16777216,p902
a18,1.0,1e-06,0.001,16777216,p903
a18,1.0,1e-06,0.001,16777216,p904
a18,1.0,1e-06,0.001,16777216,p905
a18,1.0,1e-06,0.001,16777216,p906
a18,1.0,1e-06,0.001,16777216,p907
a18,1.0,1e-06,0.001,16777216,p908
a18,1.0,1e-06,0.001,16777216,p909
a18,1.0,1e-06,0.001,16777216,p910
a18,1.0,1e-06,0.001,16777216,p911
a18,1.0,1e-06,0.001,16777216,p912
a18,1.0,1e-06,0.001,16777216,p913
a18,1.0,1e-06,0.001,16777216,p914
a18,1.0,1e-06,0.001,16777216,p915
a18,1.0,1e-06,0.001,16777216,p916
a18,1.0,1e-06,0.001,16777216,p917
a18,1.0,1e-06,0.001,16777216,p918
a18,1.0,1e-06,0.001,16777216,p919
a18,1.0,1e-06,0.001,16777216,p920
a18,1.0,1e-06,0.001,16777216,p921
a18,1.0,1e-06,0.001,16777216,p922
a18,1.0,1e-06,0.001,16777216,p923
a18,1.0,1e-06,0.001,16777216,p924
a18,1.0,1e-06,0.001,16777216,p925
a18,1.0,1e-06,0.001,16777216,p926
a18,1.0,1e-06,0.001,16777216,p927
a18,1.0,1e-06,0.001,16777216,p928
a18,1.0,1e-06,0.001,16777216,p929
a18,1.0,1e-06,0.001,16777216,p930
a18,1.0,1e-06,0.001,16777216,p931
a18,1.0,1e-06,0.001,16777216,p932
a18,1.0,1e-06,0.001,16777216,p933
a18,1.0,1e-06,0.001,16777216,p934
a18,1.0,1e-06,0.001,16777216,p935
a18,1.0,1e-06,0.001,16777216,p936
a18,1.0,1e-06,0.001,16777216,p937
a18,1.0,1e-06,0.001,16777216,p938
a18,1.0,1e-06,0.001,16777216,p939
a18,1.0,1e-06,0.001,16777216,p940
a18,1.0,1e-06,0.001,16777216,p941
a18,1.0,1e-06,0.001,16777216,p942
a18,1.0,1e-06,0.001,16777216,p943
a18,1.0,1e-06,0.001,16777216,p944
a18,1.0,1e-06,0.001,16777216,p945
a18,1.0,1e-06,0.001,16777216,p946
a18,1.0,1e-06,0.001,16777216,p947
a18,1.0,1e-06,0.001,16777216,p948
a18,1.0,1e-06,0.001,16777216,p949
a19,1.0,1e-06,0.01,16777216,p950
a19,1.0,1e-06,0.01,16777216,p951
a19,1.0,1e-06,0.01,16777216,p952
a19,1.0,1e-06,0.01,16777216,p953
a19,1.0,1e-06,0.01,16777216,p954
a19,1.0,1e-06,0.01,16777216,p955
a19,1.0,1e-06,0.01,16777216,p956
a19,1.0,1e-06,0.01,16777216,p957
a19,1.0,1e-06,0.01,16777216,p958
a19,1.0,1e-06,0.01,16777216,p959
a19,1.0,1e-06,0.01,16777216,p960
a19,1.0,1e-06,0.01,16777216,p961
a19,1.0,1e-06,0.01,16777216,p962
a19,1.0,1e-06,0.01,16777216,p963
a19,1.0,1e-06,0.01,16777216,p964
a19,1.0,1e-06,0.01,16777216,p965
a19,1.0,1e-06,0.01,16777216,p966
a19,1.0,1e-06,0.01,16777216,p967
a19,1.0,1e-06,0.01,16777216,p968
a19,1.0,1e-06,0.01,16777216,p969
a19,1.0,1e-06,0.01,16777216,p970
a19,1.0,1e-06,0.01,16777216,p971
a19,1.0,1e-06,0.01,16777216,p972
a19,1.0,1e-06,0.01,16777216,p973
a19,1.0,1e-06,0.01,16777216,p974
a19,1.0,1e-06,0.01,16777216,p975
a19,1.0,1e-06,0.01,16777216,p976
a19,1.0,1e-06,0.01,16777216,p977
a19,1.0,1e-06,0.01,16777216,p978
a19,1.0,1e-06,0.01,16777216,p979
a19,1.0,1e-06,0.01,16777216,p980
a19,1.0,1e-06,0.01,16777216,p981
a19,1.0,1e-06,0.01,16777216,p982
a19,1.0,1e-06,0.01,16777216,p983
a19,1.0,1e-06,0.01,16777216,p984
a19,1.0,1e-06,0.01,16777216,p985
a19,1.0,1e-06,0.01,16777216,p986
a19,1.0,1e-06,0.01,16777216,p987
a19,1.0,1e-06,0.01,16777216,p988
a19,1.0,1e-06,0.01,16777216,p989
a19,1.0,1e-06,0.01,16777216,p990
a19,1.0,1e-06,0.01,16777216,p991
a19,1.0,1e-06,0.01,16777216,p992
a19,1.0,1e-06,0.01,16777216,p993
a19,1.0,1e-06,0.01,16777216,p994
a19,1.0,1e-06,0.01,16777216,p995
a19,1.0,1e-06,0.01,16777216,p996
a19,1.0,1e-06,0.01,16777216,p997
a19,1.0,1e-06,0.01,16777216,p998
a19,1.0,1e-06,0.01,16777216,p999
a20,1.0,1e-06,0.1,16777216,p1000
a20,1.0,1e-06,0.1,16777216,p1001
a20,1.0,1e-06,0.1,16777216,p1002
a20,1.0,1e-06,0.1,16777216,p1003
a20,1.0,1e-06,0.1,16777216,p1004
a20,1.0,1e-06,0.1,16777216,p1005
a20,1.0,1e-06,0.1,16777216,p1006
a20,1.0,1e-06,0.1,16777216,p1007
a20,1.0,1e-06,0.1,16777216,p1008
a20,1.0,1e-06,0.1,16777216,p1009
a20,1.0,1e-06,0.1,16777216,p1010
a20,1.0,1e-06,0.1,16777216,p1011
a20,1.0,1e-06,0.1,16777216,p1012
a20,1.0,1e-06,0.1,16777216,p1013
a20,1.0,1e-06,0.1,16777216,p1014
a20,1.0,1e-06,0.1,16777216,p1015
a20,1.0,1e-06,0.1,16777216,p1016
a20,1.0,1e-06,0.1,16777216,p1017
a20,1.0,1e-06,0.1,16777216,p1018
a20,1.0,1e-06,0.1,16777216,p1019
a20,1.0,1e-06,0.1,16777216,p1020
a20,1.0,1e-06,0.1,16777216,p1021
a20,1.0,1e-06,0.1,16777216,p1022
a20,1.0,1e-06,0.1,16777216,p1023
a20,1.0,1e-06,0.1,16777216,p1024
a20,1.0,1e-06,0.1,16777216,p1025
a20,1.0,1e-06,0.1,16777216,p1026
a20,1.0,1e-06,0.1,16777216,p1027
a20,1.0,1e-06,0.1,16777216,p1028
a20,1.0,1e-06,0.1,16777216,p1029
a20,1.0,1e-06,0.1,16777216,p1030
a20,1.0,1e-06,0.1,16777216,p1031
a20,1.0,1e-06,0.1,16777216,p1032
a20,1.0,1e-06,0.1,16777216,p1033
a20,1.0,1e-06,0.1,16777216,p1034
a20,1.0,1e-06,0.1,16777216,p1035
a20,1.0,1e-06,0.1,16777216,p1036
a20,1.0,1e-06,0.1,16777216,p1037
a20,1.0,1e-06,0.1,16777216,p1038
a20,1.0,1e-06,0.1,16777216,p1039
a20,1.0,1e-06,0.1,16777216,p1040
a20,1.0,1e-06,0.1,16777216,p1041
a20,1.0,1e-06,0.1,16777216,p1042
a20,1.0,1e-06,0.1,16777216,p1043
a20,1.0,1e-06,0.1,16777216,p1044
a20,1.0,1e-06,0.1,16777216,p1045
a20,1.0,1e-06,0.1,16777216,p1046
a20,1.0,1e-06,0.1,16777216,p1047
a20,1.0,1e-06,0.1,16777216,p1048
a20,1.0,1e-06,0.1,16777216,p1049
a21,1.0,3.162277660168379e-06,1e-07,6324555,p1050
a21,1.0,3.162277660168379e-06,1e-07,6324555,p1051
a21,1.0,3.162277660168379e-06,1e-07,6324555,p1052
a21,1.0,3.162277660168379e-06,1e-07,6324555,p1053
a21,1.0,3.162277660168379e-06,1e-07,6324555,p1054
a21,1.0,3.162277660168379e-06,1e-07,6324555,p1055
a21,1.0,3.162277660168379e-06,1e-07,6324555,p1056
a21,1.0,3.162277660168379e-06,1e-07,6324555,p1057
a21,1.0,3.162277660168379e-06,1e-07,6324555,p1058
a21,1.0,3.162277660168379e-06,1e-07,6324555,p1059
a21,1.0,3.162277660168379e-06,1e-07,6324555,p1060
a21,1.0,3.162277660168379e-06,1e-07,6324555,p1061
a21,1.0,3.162277660168379e-06,1e-07,6324555,p1062
a21,1.0,3.162277660168379e-06,1e-07,6324555,p1063
a21,1.0,3.162277660168379e-06,1e-07,6324555,p1064
a21,1.0,3.162277660168379e-06,1e-07,6324555,p1065
a21,1.0,3.162277660168379e-06,1e-07,6324555,p1066
a21,1.0,3.162277660168379e-06,1e-07,6324555,p1067
a21,1.0,3.162277660168379e-06,1e-07,6324555,p1068
a21,1.0,3.162277660168379e-06,1e-07,6324555,p1069
a21,1.0,3.162277660168379e-06,1e-07,6324555,p1070
a21,1.0,3.162277660168379e-06,1e-07,6324555,p1071
a21,1.0,3.162277660168379e-06,1e-07,6324555,p1072
a21,1.0,3.162277660168379e-06,1e-07,6324555,p1073
a21,1.0,3.162277660168379e-06,1e-07,6324555,p1074
a21,1.0,3.162277660168379e-06,1e-07,6324555,p1075
a21,1.0,3.162277660168379e-06,1e-07,6324555,p1076
a21,1.0,3.162277660168379e-06,1e-07,6324555,p1077
a21,1.0,3.162277660168379e-06,1e-07,6324555,p1078
a21,1.0,3.162277660168379e-06,1e-07,6324555,p1079
a21,1.0,3.162277660168379e-06,1e-07,6324555,p1080
a21,1.0,3.162277660168379e-06,1e-07,6324555,p1081
a21,1.0,3.162277660168379e-06,1e-07,6324555,p1082
a21,1.0,3.162277660168379e-06,1e-07,6324555,p1083
a21,1.0,3.162277660168379e-06,1e-07,6324555,p1084
a21,1.0,3.162277660168379e-06,1e-07,6324555,p1085
a21,1.0,3.162277660168379e-06,1e-07,6324555,p1086
a21,1.0,3.162277660168379e-06,1e-07,6324555,p1087
a21,1.0,3.162277660168379e-06,1e-07,6324555,p1088
a21,1.0,3.162277660168379e-06,1e-07,6324555,p1089
a21,1.0,3.162277660168379e-06,1e-07,6324555,p1090
a21,1.0,3.162277660168379e-06,1e-07,6324555,p1091
a21,1.0,3.162277660168379e-06,1e-07,6324555,p1092
a21,1.0,3.162277660168379e-06,1e-07,6324555,p1093
a21,1.0,3.162277660168379e-06,1e-07,6324555,p1094
a21,1.0,3.162277660168379e-06,1e-07,6324555,p1095
a21,1.0,3.162277660168379e-06,1e-07,6324555,p1096
a21,1.0,3.162277660168379e-06,1e-07,6324555,p1097
a21,1.0,3.162277660168379e-06,1e-07,6324555,p1098
a21,1.0,3.162277660168379e-06,1e-07,6324555,p1099
a22,1.0,3.162277660168379e-06,1e-06,6324555,p1100
a22,1.0,3.162277660168379e-06,1e-06,6324555,p1101
a22,1.0,3.162277660168379e-06,1e-06,6324555,p1102
a22,1.0,3.162277660168379e-06,1e-06,6324555,p1103
a22,1.0,3.162277660168379e-06,1e-06,6324555,p1104
a22,1.0,3.162277660168379e-06,1e-06,6324555,p1105
a22,1.0,3.162277660168379e-06,1e-06,6324555,p1106
a22,1.0,3.162277660168379e-06,1e-06,6324555,p1107
a22,1.0,3.162277660168379e-06,1e-06,6324555,p1108
a22,1.0,3.162277660168379e-06,1e-06,6324555,p1109
a22,1.0,3.162277660168379e-06,1e-06,6324555,p1110
a22,1.0,3.162277660168379e-06,1e-06,6324555,p1111
a22,1.0,3.162277660168379e-06,1e-06,6324555,p1112
a22,1.0,3.162277660168379e-06,1e-06,6324555,p1113
a22,1.0,3.162277660168379e-06,1e-06,6324555,p1114
a22,1.0,3.162277660168379e-06,1e-06,6324555,p1115
a22,1.0,3.162277660168379e-06,1e-06,6324555,p1116
a22,1.0,3.162277660168379e-06,1e-06,6324555,p1117
a22,1.0,3.162277660168379e-06,1e-06,6324555,p1118
a22,1.0,3.162277660168379e-06,1e-06,6324555,p1119
a22,1.0,3.162277660168379e-06,1e-06,6324555,p1120
a22,1.0,3.162277660168379e-06,1e-06,6324555,p1121
a22,1.0,3.162277660168379e-06,1e-06,6324555,p1122
a22,1.0,3.162277660168379e-06,1e-06,6324555,p1123
a22,1.0,3.162277660168379e-06,1e-06,6324555,p1124
a22,1.0,3.162277660168379e-06,1e-06,6324555,p1125
a22,1.0,3.162277660168379e-06,1e-06,6324555,p1126
a22,1.0,3.162277660168379e-06,1e-06,6324555,p1127
a22,1.0,3.162277660168379e-06,1e-06,6324555,p1128
a22,1.0,3.162277660168379e-06,1e-06,6324555,p1129
a22,1.0,3.162277660168379e-06,1e-06,6324555,p1130
a22,1.0,3.162277660168379e-06,1e-06,6324555,p1131
a22,1.0,3.162277660168379e-06,1e-06,6324555,p1132
a22,1.0,3.162277660168379e-06,1e-06,6324555,p1133
a22,1.0,3.162277660168379e-06,1e-06,6324555,p1134
a22,1.0,3.162277660168379e-06,1e-06,6324555,p1135
a22,1.0,3.162277660168379e-06,1e-06,6324555,p1136
a22,1.0,3.162277660168379e-06,1e-06,6324555,p1137
a22,1.0,3.162277660168379e-06,1e-06,6324555,p1138
a22,1.0,3.162277660168379e-06,1e-06,6324555,p1139
a22,1.0,3.162277660168379e-06,1e-06,6324555,p1140
a22,1.0,3.162277660168379e-06,1e-06,6324555,p1141
a22,1.0,3.162277660168379e-06,1e-06,6324555,p1142
a22,1.0,3.162277660168379e-06,1e-06,6324555,p1143
a22,1.0,3.162277660168379e-06,1e-06,6324555,p1144
a22,1.0,3.162277660168379e-06,1e-06,6324555,p1145
a22,1.0,3.162277660168379e-06,1e-06,6324555,p1146
a22,1.0,3.162277660168379e-06,1e-06,6324555,p1147
a22,1.0,3.162277660168379e-06,1e-06,6324555,p1148
a22,1.0,3.162277660168379e-06,1e-06,6324555,p1149
a23,1.0,3.162277660168379e-06,9.999999999999999e-06,6324555,p1150
a23,1.0,3.162277660168379e-06,9.999999999999999e-06,6324555,p1151
a23,1.0,3.162277660168379e-06,9.999999999999999e-06,6324555,p1152
a23,1.0,3.162277660168379e-06,9.999999999999999e-06,6324555,p1153
a23,1.0,3.162277660168379e-06,9.999999999999999e-06,6324555,p1154
a23,1.0,3.162277660168379e-06,9.999999999999999e-06,6324555,p1155
a23,1.0,3.162277660168379e-06,9.999999999999999e-06,6324555,p1156
a23,1.0,3.162277660168379e-06,9.999999999999999e-06,6324555,p1157
a23,1.0,3.162277660168379e-06,9.999999999999999e-06,6324555,p1158
a23,1.0,3.162277660168379e-06,9.999999999999999e-06,6324555,p1159
a23,1.0,3.162277660168379e-06,9.999999999999999e-06,6324555,p1160
a23,1.0,3.162277660168379e-06,9.999999999999999e-06,6324555,p1161
a23,1.0,3.162277660168379e-06,9.999999999999999e-06,6324555,p1162
a23,1.0,3.162277660168379e-06,9.999999999999999e-06,6324555,p1163
a23,1.0,3.162277660168379e-06,9.999999999999999e-06,6324555,p1164
a23,1.0,3.162277660168379e-06,9.999999999999999e-06,6324555,p1165
a23,1.0,3.162277660168379e-06,9.999999999999999e-06,6324555,p1166
a23,1.0,3.162277660168379e-06,9.999999999999999e-06,6324555,p1167
a23,1.0,3.162277660168379e-06,9.999999999999999e-06,6324555,p1168
a23,1.0,3.162277660168379e-06,9.999999999999999e-06,6324555,p1169
a23,1.0,3.162277660168379e-06,9.999999999999999e-06,6324555,p1170
a23,1.0,3.162277660168379e-06,9.999999999999999e-06,6324555,p1171
a23,1.0,3.162277660168379e-06,9.999999999999999e-06,6324555,p1172
a23,1.0,3.162277660168379e-06,9.999999999999999e-06,6324555,p1173
a23,1.0,3.162277660168379e-06,9.999999999999999e-06,6324555,p1174
a23,1.0,3.162277660168379e-06,9.999999999999999e-06,6324555,p1175
a23,1.0,3.162277660168379e-06,9.999999999999999e-06,6324555,p1176
a23,1.0,3.162277660168379e-06,9.999999999999999e-06,6324555,p1177
a23,1.0,3.162277660168379e-06,9.999999999999999e-06,6324555,p1178
a23,1.0,3.162277660168379e-06,9.999999999999999e-06,6324555,p1179
a23,1.0,3.162277660168379e-06,9.999999999999999e-06,6324555,p1180
a23,1.0,3.162277660168379e-06,9.999999999999999e-06,6324555,p1181
a23,1.0,3.162277660168379e-06,9.999999999999999e-06,6324555,p1182
a23,1.0,3.162277660168379e-06,9.999999999999999e-06,6324555,p1183
a23,1.0,3.162277660168379e-06,9.999999999999999e-06,6324555,p1184
a23,1.0,3.162277660168379e-06,9.999999999999999e-06,6324555,p1185
a23,1.0,3.162277660168379e-06,9.999999999999999e-06,6324555,p1186
a23,1.0,3.162277660168379e-06,9.999999999999999e-06,6324555,p1187
a23,1.0,3.162277660168379e-06,9.999999999999999e-06,6324555,p1188
a23,1.0,3.162277660168379e-06,9.999999999999999e-06,6324555,p1189
a23,1.0,3.162277660168379e-06,9.999999999999999e-06,6324555,p1190
a23,1.0,3.162277660168379e-06,9.999999999999999e-06,6324555,p1191
a23,1.0,3.162277660168379e-06,9.999999999999999e-06,6324555,p1192
a23,1.0,3.162277660168379e-06,9.999999999999999e-06,6324555,p1193
a23,1.0,3.162277660168379e-06,9.999999999999999e-06,6324555,p1194
a23,1.0,3.162277660168379e-06,9.999999999999999e-06,6324555,p1195
a23,1.0,3.162277660168379e-06,9.999999999999999e-06,6324555,p1196
a23,1.0,3.162277660168379e-06,9.999999999999999e-06,6324555,p1197
a23,1.0,3.162277660168379e-06,9.999999999999999e-06,6324555,p1198
a23,1.0,3.162277660168379e-06,9.999999999999999e-06,6324555,p1199
a24,1.0,3.162277660168379e-06,0.0001,6324555,p1200
a24,1.0,3.162277660168379e-06,0.0001,6324555,p1201
a24,1.0,3.162277660168379e-06,0.0001,6324555,p1202
a24,1.0,3.162277660168379e-06,0.0001,6324555,p1203
a24,1.0,3.162277660168379e-06,0.0001,6324555,p1204
a24,1.0,3.162277660168379e-06,0.0001,6324555,p1205
a24,1.0,3.162277660168379e-06,0.0001,6324555,p1206
a24,1.0,3.162277660168379e-06,0.0001,6324555,p1207
a24,1.0,3.162277660168379e-06,0.0001,6324555,p1208
a24,1.0,3.162277660168379e-06,0.0001,6324555,p1209
a24,1.0,3.162277660168379e-06,0.0001,6324555,p1210
a24,1.0,3.162277660168379e-06,0.0001,6324555,p1211
a24,1.0,3.162277660168379e-06,0.0001,6324555,p1212
a24,1.0,3.162277660168379e-06,0.0001,6324555,p1213
a24,1.0,3.162277660168379e-06,0.0001,6324555,p1214
a24,1.0,3.162277660168379e-06,0.0001,6324555,p1215
a24,1.0,3.162277660168379e-06,0.0001,6324555,p1216
a24,1.0,3.162277660168379e-06,0.0001,6324555,p1217
a24,1.0,3.162277660168379e-06,0.0001,6324555,p1218
a24,1.0,3.162277660168379e-06,0.0001,6324555,p1219
a24,1.0,3.162277660168379e-06,0.0001,6324555,p1220
a24,1.0,3.162277660168379e-06,0.0001,6324555,p1221
a24,1.0,3.162277660168379e-06,0.0001,6324555,p1222
a24,1.0,3.162277660168379e-06,0.0001,6324555,p1223
a24,1.0,3.162277660168379e-06,0.0001,6324555,p1224
a24,1.0,3.162277660168379e-06,0.0001,6324555,p1225
a24,1.0,3.162277660168379e-06,0.0001,6324555,p1226
a24,1.0,3.162277660168379e-06,0.0001,6324555,p1227
a24,1.0,3.162277660168379e-06,0.0001,6324555,p1228
a24,1.0,3.162277660168379e-06,0.0001,6324555,p1229
a24,1.0,3.162277660168379e-06,0.0001,6324555,p1230
a24,1.0,3.162277660168379e-06,0.0001,6324555,p1231
a24,1.0,3.162277660168379e-06,0.0001,6324555,p1232
a24,1.0,3.162277660168379e-06,0.0001,6324555,p1233
a24,1.0,3.162277660168379e-06,0.0001,6324555,p1234
a24,1.0,3.162277660168379e-06,0.0001,6324555,p1235
a24,1.0,3.162277660168379e-06,0.0001,6324555,p1236
a24,1.0,3.162277660168379e-06,0.0001,6324555,p1237
a24,1.0,3.162277660168379e-06,0.0001,6324555,p1238
a24,1.0,3.162277660168379e-06,0.0001,6324555,p1239
a24,1.0,3.162277660168379e-06,0.0001,6324555,p1240
a24,1.0,3.162277660168379e-06,0.0001,6324555,p1241
a24,1.0,3.162277660168379e-06,0.0001,6324555,p1242
a24,1.0,3.162277660168379e-06,0.0001,6324555,p1243
a24,1.0,3.162277660168379e-06,0.0001,6324555,p1244
a24,1.0,3.162277660168379e-06,0.0001,6324555,p1245
a24,1.0,3.162277660168379e-06,0.0001,6324555,p1246
a24,1.0,3.162277660168379e-06,0.0001,6324555,p1247
a24,1.0,3.162277660168379e-06,0.0001,6324555,p1248
a24,1.0,3.162277660168379e-06,0.0001,6324555,p1249
a25,1.0,3.162277660168379e-06,0.001,6324555,p1250
a25,1.0,3.162277660168379e-06,0.001,6324555,p1251
a25,1.0,3.162277660168379e-06,0.001,6324555,p1252
a25,1.0,3.162277660168379e-06,0.001,6324555,p1253
a25,1.0,3.162277660168379e-06,0.001,6324555,p1254
a25,1.0,3.162277660168379e-06,0.001,6324555,p1255
a25,1.0,3.162277660168379e-06,0.001,6324555,p1256
a25,1.0,3.162277660168379e-06,0.001,6324555,p1257
a25,1.0,3.162277660168379e-06,0.001,6324555,p1258
a25,1.0,3.162277660168379e-06,0.001,6324555,p1259
a25,1.0,3.162277660168379e-06,0.001,6324555,p1260
a25,1.0,3.162277660168379e-06,0.001,6324555,p1261
a25,1.0,3.162277660168379e-06,0.001,6324555,p1262
a25,1.0,3.162277660168379e-06,0.001,6324555,p1263
a25,1.0,3.162277660168379e-06,0.001,6324555,p1264
a25,1.0,3.162277660168379e-06,0.001,6324555,p1265
a25,1.0,3.162277660168379e-06,0.001,6324555,p1266
a25,1.0,3.162277660168379e-06,0.001,6324555,p1267
a25,1.0,3.162277660168379e-06,0.001,6324555,p1268
a25,1.0,3.162277660168379e-06,0.001,6324555,p1269
a25,1.0,3.162277660168379e-06,0.001,6324555,p1270
a25,1.0,3.162277660168379e-06,0.001,6324555,p1271
a25,1.0,3.162277660168379e-06,0.001,6324555,p1272
a25,1.0,3.162277660168379e-06,0.001,6324555,p1273
a25,1.0,3.162277660168379e-06,0.001,6324555,p1274
a25,1.0,3.162277660168379e-06,0.001,6324555,p1275
a25,1.0,3.162277660168379e-06,0.001,6324555,p1276
a25,1.0,3.162277660168379e-06,0.001,6324555,p1277
a25,1.0,3.162277660168379e-06,0.001,6324555,p1278
a25,1.0,3.162277660168379e-06,0.001,6324555,p1279
a25,1.0,3.162277660168379e-06,0.001,6324555,p1280
a25,1.0,3.162277660168379e-06,0.001,6324555,p1281
a25,1.0,3.162277660168379e-06,0.001,6324555,p1282
a25,1.0,3.162277660168379e-06,0.001,6324555,p1283
a25,1.0,3.162277660168379e-06,0.001,6324555,p1284
a25,1.0,3.162277660168379e-06,0.001,6324555,p1285
a25,1.0,3.162277660168379e-06,0.001,6324555,p1286
a25,1.0,3.162277660168379e-06,0.001,6324555,p1287
a25,1.0,3.162277660168379e-06,0.001,6324555,p1288
a25,1.0,3.162277660168379e-06,0.001,6324555,p1289
a25,1.0,3.162277660168379e-06,0.001,6324555,p1290
a25,1.0,3.162277660168379e-06,0.001,6324555,p1291
a25,1.0,3.162277660168379e-06,0.001,6324555,p1292
a25,1.0,3.162277660168379e-06,0.001,6324555,p1293
a25,1.0,3.162277660168379e-06,0.001,6324555,p1294
a25,1.0,3.162277660168379e-06,0.001,6324555,p1295
a25,1.0,3.162277660168379e-06,0.001,6324555,p1296
a25,1.0,3.162277660168379e-06,0.001,6324555,p1297
a25,1.0,3.162277660168379e-06,0.001,6324555,p1298
a25,1.0,3.162277660168379e-06,0.001,6324555,p1299
a26,1.0,3.162277660168379e-06,0.01,6324555,p1300
a26,1.0,3.162277660168379e-06,0.01,6324555,p1301
a26,1.0,3.162277660168379e-06,0.01,6324555,p1302
a26,1.0,3.162277660168379e-06,0.01,6324555,p1303
a26,1.0,3.162277660168379e-06,0.01,6324555,p1304
a26,1.0,3.162277660168379e-06,0.01,6324555,p1305
a26,1.0,3.162277660168379e-06,0.01,6324555,p1306
a26,1.0,3.162277660168379e-06,0.01,6324555,p1307
a26,1.0,3.162277660168379e-06,0.01,6324555,p1308
a26,1.0,3.162277660168379e-06,0.01,6324555,p1309
a26,1.0,3.162277660168379e-06,0.01,6324555,p1310
a26,1.0,3.162277660168379e-06,0.01,6324555,p1311
a26,1.0,3.162277660168379e-06,0.01,6324555,p1312
a26,1.0,3.162277660168379e-06,0.01,6324555,p1313
a26,1.0,3.162277660168379e-06,0.01,6324555,p1314
a26,1.0,3.162277660168379e-06,0.01,6324555,p1315
a26,1.0,3.162277660168379e-06,0.01,6324555,p1316
a26,1.0,3.162277660168379e-06,0.01,6324555,p1317
a26,1.0,3.162277660168379e-06,0.01,6324555,p1318
a26,1.0,3.162277660168379e-06,0.01,6324555,p1319
a26,1.0,3.162277660168379e-06,0.01,6324555,p1320
a26,1.0,3.162277660168379e-06,0.01,6324555,p1321
a26,1.0,3.162277660168379e-06,0.01,6324555,p1322
a26,1.0,3.162277660168379e-06,0.01,6324555,p1323
a26,1.0,3.162277660168379e-06,0.01,6324555,p1324
a26,1.0,3.162277660168379e-06,0.01,6324555,p1325
a26,1.0,3.162277660168379e-06,0.01,6324555,p1326
a26,1.0,3.162277660168379e-06,0.01,6324555,p1327
a26,1.0,3.162277660168379e-06,0.01,6324555,p1328
a26,1.0,3.162277660168379e-06,0.01,6324555,p1329
a26,1.0,3.162277660168379e-06,0.01,6324555,p1330
a26,1.0,3.162277660168379e-06,0.01,6324555,p1331
a26,1.0,3.162277660168379e-06,0.01,6324555,p1332
a26,1.0,3.162277660168379e-06,0.01,6324555,p1333
a26,1.0,3.162277660168379e-06,0.01,6324555,p1334
a26,1.0,3.162277660168379e-06,0.01,6324555,p1335
a26,1.0,3.162277660168379e-06,0.01,6324555,p1336
a26,1.0,3.162277660168379e-06,0.01,6324555,p1337
a26,1.0,3.162277660168379e-06,0.01,6324555,p1338
a26,1.0,3.162277660168379e-06,0.01,6324555,p1339
a26,1.0,3.162277660168379e-06,0.01,6324555,p1340
a26,1.0,3.162277660168379e-06,0.01,6324555,p1341
a26,1.0,3.162277660168379e-06,0.01,6324555,p1342
a26,1.0,3.162277660168379e-06,0.01,6324555,p1343
a26,1.0,3.162277660168379e-06,0.01,6324555,p1344
a26,1.0,3.162277660168379e-06,0.01,6324555,p1345
a26,1.0,3.162277660168379e-06,0.01,6324555,p1346
a26,1.0,3.162277660168379e-06,0.01,6324555,p1347
a26,1.0,3.162277660168379e-06,0.01,6324555,p1348
a26,1.0,3.162277660168379e-06,0.01,6324555,p1349
a27,1.0,3.162277660168379e-06,0.1,6324555,p1350
a27,1.0,3.162277660168379e-06,0.1,6324555,p1351
a27,1.0,3.162277660168379e-06,0.1,6324555,p1352
a27,1.0,3.162277660168379e-06,0.1,6324555,p1353
a27,1.0,3.162277660168379e-06,0.1,6324555,p1354
a27,1.0,3.162277660168379e-06,0.1,6324555,p1355
a27,1.0,3.162277660168379e-06,0.1,6324555,p1356
a27,1.0,3.162277660168379e-06,0.1,6324555,p1357
a27,1.0,3.162277660168379e-06,0.1,6324555,p1358
a27,1.0,3.162277660168379e-06,0.1,6324555,p1359
a27,1.0,3.162277660168379e-06,0.1,6324555,p1360
a27,1.0,3.162277660168379e-06,0.1,6324555,p1361
a27,1.0,3.162277660168379e-06,0.1,6324555,p1362
a27,1.0,3.162277660168379e-06,0.1,6324555,p1363
a27,1.0,3.162277660168379e-06,0.1,6324555,p1364
a27,1.0,3.162277660168379e-06,0.1,6324555,p1365
a27,1.0,3.162277660168379e-06,0.1,6324555,p1366
a27,1.0,3.162277660168379e-06,0.1,6324555,p1367
a27,1.0,3.162277660168379e-06,0.1,6324555,p1368
a27,1.0,3.162277660168379e-06,0.1,6324555,p1369
a27,1.0,3.162277660168379e-06,0.1,6324555,p1370
a27,1.0,3.162277660168379e-06,0.1,6324555,p1371
a27,1.0,3.162277660168379e-06,0.1,6324555,p1372
a27,1.0,3.162277660168379e-06,0.1,6324555,p1373
a27,1.0,3.162277660168379e-06,0.1,6324555,p1374
a27,1.0,3.162277660168379e-06,0.1,6324555,p1375
a27,1.0,3.162277660168379e-06,0.1,6324555,p1376
a27,1.0,3.162277660168379e-06,0.1,6324555,p1377
a27,1.0,3.162277660168379e-06,0.1,6324555,p1378
a27,1.0,3.162277660168379e-06,0.1,6324555,p1379
a27,1.0,3.162277660168379e-06,0.1,6324555,p1380
a27,1.0,3.162277660168379e-06,0.1,6324555,p1381
a27,1.0,3.162277660168379e-06,0.1,6324555,p1382
a27,1.0,3.162277660168379e-06,0.1,6324555,p1383
a27,1.0,3.162277660168379e-06,0.1,6324555,p1384
a27,1.0,3.162277660168379e-06,0.1,6324555,p1385
a27,1.0,3.162277660168379e-06,0.1,6324555,p1386
a27,1.0,3.162277660168379e-06,0.1,6324555,p1387
a27,1.0,3.162277660168379e-06,0.1,6324555,p1388
a27,1.0,3.162277660168379e-06,0.1,6324555,p1389
a27,1.0,3.162277660168379e-06,0.1,6324555,p1390
a27,1.0,3.162277660168379e-06,0.1,6324555,p1391
a27,1.0,3.162277660168379e-06,0.1,6324555,p1392
a27,1.0,3.162277660168379e-06,0.1,6324555,p1393
a27,1.0,3.162277660168379e-06,0.1,6324555,p1394
a27,1.0,3.162277660168379e-06,0.1,6324555,p1395
a27,1.0,3.162277660168379e-06,0.1,6324555,p1396
a27,1.0,3.162277660168379e-06,0.1,6324555,p1397
a27,1.0,3.162277660168379e-06,0.1,6324555,p1398
a27,1.0,3.162277660168379e-06,0.1,6324555,p1399
a28,1.0,9.999999999999999e-06,1e-07,2000000,p1400
a28,1.0,9.999999999999999e-06,1e-07,2000000,p1401
a28,1.0,9.999999999999999e-06,1e-07,2000000,p1402
a28,1.0,9.999999999999999e-06,1e-07,2000000,p1403
a28,1.0,9.999999999999999e-06,1e-07,2000000,p1404
a28,1.0,9.999999999999999e-06,1e-07,2000000,p1405
a28,1.0,9.999999999999999e-06,1e-07,2000000,p1406
a28,1.0,9.999999999999999e-06,1e-07,2000000,p1407
a28,1.0,9.999999999999999e-06,1e-07,2000000,p1408
a28,1.0,9.999999999999999e-06,1e-07,2000000,p1409
a28,1.0,9.999999999999999e-06,1e-07,2000000,p1410
a28,1.0,9.999999999999999e-06,1e-07,2000000,p1411
a28,1.0,9.999999999999999e-06,1e-07,2000000,p1412
a28,1.0,9.999999999999999e-06,1e-07,2000000,p1413
a28,1.0,9.999999999999999e-06,1e-07,2000000,p1414
a28,1.0,9.999999999999999e-06,1e-07,2000000,p1415
a28,1.0,9.999999999999999e-06,1e-07,2000000,p1416
a28,1.0,9.999999999999999e-06,1e-07,2000000,p1417
a28,1.0,9.999999999999999e-06,1e-07,2000000,p1418
a28,1.0,9.999999999999999e-06,1e-07,2000000,p1419
a28,1.0,9.999999999999999e-06,1e-07,2000000,p1420
a28,1.0,9.999999999999999e-06,1e-07,2000000,p1421
a28,1.0,9.999999999999999e-06,1e-07,2000000,p1422
a28,1.0,9.999999999999999e-06,1e-07,2000000,p1423
a28,1.0,9.999999999999999e-06,1e-07,2000000,p1424
a28,1.0,9.999999999999999e-06,1e-07,2000000,p1425
a28,1.0,9.999999999999999e-06,1e-07,2000000,p1426
a28,1.0,9.999999999999999e-06,1e-07,2000000,p1427
a28,1.0,9.999999999999999e-06,1e-07,2000000,p1428
a28,1.0,9.999999999999999e-06,1e-07,2000000,p1429
a28,1.0,9.999999999999999e-06,1e-07,2000000,p1430
a28,1.0,9.999999999999999e-06,1e-07,2000000,p1431
a28,1.0,9.999999999999999e-06,1e-07,2000000,p1432
a28,1.0,9.999999999999999e-06,1e-07,2000000,p1433
a28,1.0,9.999999999999999e-06,1e-07,2000000,p1434
a28,1.0,9.999999999999999e-06,1e-07,2000000,p1435
a28,1.0,9.999999999999999e-06,1e-07,2000000,p1436
a28,1.0,9.999999999999999e-06,1e-07,2000000,p1437
a28,1.0,9.999999999999999e-06,1e-07,2000000,p1438
a28,1.0,9.999999999999999e-06,1e-07,2000000,p1439
a28,1.0,9.999999999999999e-06,1e-07,2000000,p1440
a28,1.0,9.999999999999999e-06,1e-07,2000000,p1441
a28,1.0,9.999999999999999e-06,1e-07,2000000,p1442
a28,1.0,9.999999999999999e-06,1e-07,2000000,p1443
a28,1.0,9.999999999999999e-06,1e-07,2000000,p1444
a28,1.0,9.999999999999999e-06,1e-07,2000000,p1445
a28,1.0,9.999999999999999e-06,1e-07,2000000,p1446
a28,1.0,9.999999999999999e-06,1e-07,2000000,p1447
a28,1.0,9.999999999999999e-06,1e-07,2000000,p1448
a28,1.0,9.999999999999999e-06,1e-07,2000000,p1449
a29,1.0,9.999999999999999e-06,1e-06,2000000,p1450
a29,1.0,9.999999999999999e-06,1e-06,2000000,p1451
a29,1.0,9.999999999999999e-06,1e-06,2000000,p1452
a29,1.0,9.999999999999999e-06,1e-06,2000000,p1453
a29,1.0,9.999999999999999e-06,1e-06,2000000,p1454
a29,1.0,9.999999999999999e-06,1e-06,2000000,p1455
a29,1.0,9.999999999999999e-06,1e-06,2000000,p1456
a29,1.0,9.999999999999999e-06,1e-06,2000000,p1457
a29,1.0,9.999999999999999e-06,1e-06,2000000,p1458
a29,1.0,9.999999999999999e-06,1e-06,2000000,p1459
a29,1.0,9.999999999999999e-06,1e-06,2000000,p1460
a29,1.0,9.999999999999999e-06,1e-06,2000000,p1461
a29,1.0,9.999999999999999e-06,1e-06,2000000,p1462
a29,1.0,9.999999999999999e-06,1e-06,2000000,p1463
a29,1.0,9.999999999999999e-06,1e-06,2000000,p1464
a29,1.0,9.999999999999999e-06,1e-06,2000000,p1465
a29,1.0,9.999999999999999e-06,1e-06,2000000,p1466
a29,1.0,9.999999999999999e-06,1e-06,2000000,p1467
a29,1.0,9.999999999999999e-06,1e-06,2000000,p1468
a29,1.0,9.999999999999999e-06,1e-06,2000000,p1469
a29,1.0,9.999999999999999e-06,1e-06,2000000,p1470
a29,1.0,9.999999999999999e-06,1e-06,2000000,p1471
a29,1.0,9.999999999999999e-06,1e-06,2000000,p1472
a29,1.0,9.999999999999999e-06,1e-06,2000000,p1473
a29,1.0,9.999999999999999e-06,1e-06,2000000,p1474
a29,1.0,9.999999999999999e-06,1e-06,2000000,p1475
a29,1.0,9.999999999999999e-06,1e-06,2000000,p1476
a29,1.0,9.999999999999999e-06,1e-06,2000000,p1477
a29,1.0,9.999999999999999e-06,1e-06,2000000,p1478
a29,1.0,9.999999999999999e-06,1e-06,2000000,p1479
a29,1.0,9.999999999999999e-06,1e-06,2000000,p1480
a29,1.0,9.999999999999999e-06,1e-06,2000000,p1481
a29,1.0,9.999999999999999e-06,1e-06,2000000,p1482
a29,1.0,9.999999999999999e-06,1e-06,2000000,p1483
a29,1.0,9.999999999999999e-06,1e-06,2000000,p1484
a29,1.0,9.999999999999999e-06,1e-06,2000000,p1485
a29,1.0,9.999999999999999e-06,1e-06,2000000,p1486
a29,1.0,9.999999999999999e-06,1e-06,2000000,p1487
a29,1.0,9.999999999999999e-06,1e-06,2000000,p1488
a29,1.0,9.999999999999999e-06,1e-06,2000000,p1489
a29,1.0,9.999999999999999e-06,1e-06,2000000,p1490
a29,1.0,9.999999999999999e-06,1e-06,2000000,p1491
a29,1.0,9.999999999999999e-06,1e-06,2000000,p1492
a29,1.0,9.999999999999999e-06,1e-06,2000000,p1493
a29,1.0,9.999999999999999e-06,1e-06,2000000,p1494
a29,1.0,9.999999999999999e-06,1e-06,2000000,p1495
a29,1.0,9.999999999999999e-06,1e-06,2000000,p1496
a29,1.0,9.999999999999999e-06,1e-06,2000000,p1497
a29,1.0,9.999999999999999e-06,1e-06,2000000,p1498
a29,1.0,9.999999999999999e-06,1e-06,2000000,p1499
a30,1.0,9.999999999999999e-06,9.999999999999999e-06,2000000,p1500
a30,1.0,9.999999999999999e-06,9.999999999999999e-06,2000000,p1501
a30,1.0,9.999999999999999e-06,9.999999999999999e-06,2000000,p1502
a30,1.0,9.999999999999999e-06,9.999999999999999e-06,2000000,p1503
a30,1.0,9.999999999999999e-06,9.999999999999999e-06,2000000,p1504
a30,1.0,9.999999999999999e-06,9.999999999999999e-06,2000000,p1505
a30,1.0,9.999999999999999e-06,9.999999999999999e-06,2000000,p1506
a30,1.0,9.999999999999999e-06,9.999999999999999e-06,2000000,p1507
a30,1.0,9.999999999999999e-06,9.999999999999999e-06,2000000,p1508
a30,1.0,9.999999999999999e-06,9.999999999999999e-06,2000000,p1509
a30,1.0,9.999999999999999e-06,9.999999999999999e-06,2000000,p1510
a30,1.0,9.999999999999999e-06,9.999999999999999e-06,2000000,p1511
a30,1.0,9.999999999999999e-06,9.999999999999999e-06,2000000,p1512
a30,1.0,9.999999999999999e-06,9.999999999999999e-06,2000000,p1513
a30,1.0,9.999999999999999e-06,9.999999999999999e-06,2000000,p1514
a30,1.0,9.999999999999999e-06,9.999999999999999e-06,2000000,p1515
a30,1.0,9.999999999999999e-06,9.999999999999999e-06,2000000,p1516
a30,1.0,9.999999999999999e-06,9.999999999999999e-06,2000000,p1517
a30,1.0,9.999999999999999e-06,9.999999999999999e-06,2000000,p1518
a30,1.0,9.999999999999999e-06,9.999999999999999e-06,2000000,p1519
a30,1.0,9.999999999999999e-06,9.999999999999999e-06,2000000,p1520
a30,1.0,9.999999999999999e-06,9.999999999999999e-06,2000000,p1521
a30,1.0,9.999999999999999e-06,9.999999999999999e-06,2000000,p1522
a30,1.0,9.999999999999999e-06,9.999999999999999e-06,2000000,p1523
a30,1.0,9.999999999999999e-06,9.999999999999999e-06,2000000,p1524
a30,1.0,9.999999999999999e-06,9.999999999999999e-06,2000000,p1525
a30,1.0,9.999999999999999e-06,9.999999999999999e-06,2000000,p1526
a30,1.0,9.999999999999999e-06,9.999999999999999e-06,2000000,p1527
a30,1.0,9.999999999999999e-06,9.999999999999999e-06,2000000,p1528
a30,1.0,9.999999999999999e-06,9.999999999999999e-06,2000000,p1529
a30,1.0,9.999999999999999e-06,9.999999999999999e-06,2000000,p1530
a30,1.0,9.999999999999999e-06,9.999999999999999e-06,2000000,p1531
a30,1.0,9.999999999999999e-06,9.999999999999999e-06,2000000,p1532
a30,1.0,9.999999999999999e-06,9.999999999999999e-06,2000000,p1533
a30,1.0,9.999999999999999e-06,9.999999999999999e-06,2000000,p1534
a30,1.0,9.999999999999999e-06,9.999999999999999e-06,2000000,p1535
a30,1.0,9.999999999999999e-06,9.999999999999999e-06,2000000,p1536
a30,1.0,9.999999999999999e-06,9.999999999999999e-06,2000000,p1537
a30,1.0,9.999999999999999e-06,9.999999999999999e-06,2000000,p1538
a30,1.0,9.999999999999999e-06,9.999999999999999e-06,2000000,p1539
a30,1.0,9.999999999999999e-06,9.999999999999999e-06,2000000,p1540
a30,1.0,9.999999999999999e-06,9.999999999999999e-06,2000000,p1541
a30,1.0,9.999999999999999e-06,9.999999999999999e-06,2000000,p1542
a30,1.0,9.999999999999999e-06,9.999999999999999e-06,2000000,p1543
a30,1.0,9.999999999999999e-06,9.999999999999999e-06,2000000,p1544
a30,1.0,9.999999999999999e-06,9.999999999999999e-06,2000000,p1545
a30,1.0,9.999999999999999e-06,9.999999999999999e-06,2000000,p1546
a30,1.0,9.999999999999999e-06,9.999999999999999e-06,2000000,p1547
a30,1.0,9.999999999999999e-06,9.999999999999999e-06,2000000,p1548
a30,1.0,9.999999999999999e-06,9.999999999999999e-06,2000000,p1549
a31,1.0,9.999999999999999e-06,0.0001,2000000,p1550
a31,1.0,9.999999999999999e-06,0.0001,2000000,p1551
a31,1.0,9.999999999999999e-06,0.0001,2000000,p1552
a31,1.0,9.999999999999999e-06,0.0001,2000000,p1553
a31,1.0,9.999999999999999e-06,0.0001,2000000,p1554
a31,1.0,9.999999999999999e-06,0.0001,2000000,p1555
a31,1.0,9.999999999999999e-06,0.0001,2000000,p1556
a31,1.0,9.999999999999999e-06,0.0001,2000000,p1557
a31,1.0,9.999999999999999e-06,0.0001,2000000,p1558
a31,1.0,9.999999999999999e-06,0.0001,2000000,p1559
a31,1.0,9.999999999999999e-06,0.0001,2000000,p1560
a31,1.0,9.999999999999999e-06,0.0001,2000000,p1561
a31,1.0,9.999999999999999e-06,0.0001,2000000,p1562
a31,1.0,9.999999999999999e-06,0.0001,2000000,p1563
a31,1.0,9.999999999999999e-06,0.0001,2000000,p1564
a31,1.0,9.999999999999999e-06,0.0001,2000000,p1565
a31,1.0,9.999999999999999e-06,0.0001,2000000,p1566
a31,1.0,9.999999999999999e-06,0.0001,2000000,p1567
a31,1.0,9.999999999999999e-06,0.0001,2000000,p1568
a31,1.0,9.999999999999999e-06,0.0001,2000000,p1569
a31,1.0,9.999999999999999e-06,0.0001,2000000,p1570
a31,1.0,9.999999999999999e-06,0.0001,2000000,p1571
a31,1.0,9.999999999999999e-06,0.0001,2000000,p1572
a31,1.0,9.999999999999999e-06,0.0001,2000000,p1573
a31,1.0,9.999999999999999e-06,0.0001,2000000,p1574
a31,1.0,9.999999999999999e-06,0.0001,2000000,p1575
a31,1.0,9.999999999999999e-06,0.0001,2000000,p1576
a31,1.0,9.999999999999999e-06,0.0001,2000000,p1577
a31,1.0,9.999999999999999e-06,0.0001,2000000,p1578
a31,1.0,9.999999999999999e-06,0.0001,2000000,p1579
a31,1.0,9.999999999999999e-06,0.0001,2000000,p1580
a31,1.0,9.999999999999999e-06,0.0001,2000000,p1581
a31,1.0,9.999999999999999e-06,0.0001,2000000,p1582
a31,1.0,9.999999999999999e-06,0.0001,2000000,p1583
a31,1.0,9.999999999999999e-06,0.0001,2000000,p1584
a31,1.0,9.999999999999999e-06,0.0001,2000000,p1585
a31,1.0,9.999999999999999e-06,0.0001,2000000,p1586
a31,1.0,9.999999999999999e-06,0.0001,2000000,p1587
a31,1.0,9.999999999999999e-06,0.0001,2000000,p1588
a31,1.0,9.999999999999999e-06,0.0001,2000000,p1589
a31,1.0,9.999999999999999e-06,0.0001,2000000,p1590
a31,1.0,9.999999999999999e-06,0.0001,2000000,p1591
a31,1.0,9.999999999999999e-06,0.0001,2000000,p1592
a31,1.0,9.999999999999999e-06,0.0001,2000000,p1593
a31,1.0,9.999999999999999e-06,0.0001,2000000,p1594
a31,1.0,9.999999999999999e-06,0.0001,2000000,p1595
a31,1.0,9.999999999999999e-06,0.0001,2000000,p1596
a31,1.0,9.999999999999999e-06,0.0001,2000000,p1597
a31,1.0,9.999999999999999e-06,0.0001,2000000,p1598
a31,1.0,9.999999999999999e-06,0.0001,2000000,p1599
a32,1.0,9.999999999999999e-06,0.001,2000000,p1600
a32,1.0,9.999999999999999e-06,0.001,2000000,p1601
a32,1.0,9.999999999999999e-06,0.001,2000000,p1602
a32,1.0,9.999999999999999e-06,0.001,2000000,p1603
a32,1.0,9.999999999999999e-06,0.001,2000000,p1604
a32,1.0,9.999999999999999e-06,0.001,2000000,p1605
a32,1.0,9.999999999999999e-06,0.001,2000000,p1606
a32,1.0,9.999999999999999e-06,0.001,2000000,p1607
a32,1.0,9.999999999999999e-06,0.001,2000000,p1608
a32,1.0,9.999999999999999e-06,0.001,2000000,p1609
a32,1.0,9.999999999999999e-06,0.001,2000000,p1610
a32,1.0,9.999999999999999e-06,0.001,2000000,p1611
a32,1.0,9.999999999999999e-06,0.001,2000000,p1612
a32,1.0,9.999999999999999e-06,0.001,2000000,p1613
a32,1.0,9.999999999999999e-06,0.001,2000000,p1614
a32,1.0,9.999999999999999e-06,0.001,2000000,p1615
a32,1.0,9.999999999999999e-06,0.001,2000000,p1616
a32,1.0,9.999999999999999e-06,0.001,2000000,p1617
a32,1.0,9.999999999999999e-06,0.001,2000000,p1618
a32,1.0,9.999999999999999e-06,0.001,2000000,p1619
a32,1.0,9.999999999999999e-06,0.001,2000000,p1620
a32,1.0,9.999999999999999e-06,0.001,2000000,p1621
a32,1.0,9.999999999999999e-06,0.001,2000000,p1622
a32,1.0,9.999999999999999e-06,0.001,2000000,p1623
a32,1.0,9.999999999999999e-06,0.001,2000000,p1624
a32,1.0,9.999999999999999e-06,0.001,2000000,p1625
a32,1.0,9.999999999999999e-06,0.001,2000000,p1626
a32,1.0,9.999999999999999e-06,0.001,2000000,p1627
a32,1.0,9.999999999999999e-06,0.001,2000000,p1628
a32,1.0,9.999999999999999e-06,0.001,2000000,p1629
a32,1.0,9.999999999999999e-06,0.001,2000000,p1630
a32,1.0,9.999999999999999e-06,0.001,2000000,p1631
a32,1.0,9.999999999999999e-06,0.001,2000000,p1632
a32,1.0,9.999999999999999e-06,0.001,2000000,p1633
a32,1.0,9.999999999999999e-06,0.001,2000000,p1634
a32,1.0,9.999999999999999e-06,0.001,2000000,p1635
a32,1.0,9.999999999999999e-06,0.001,2000000,p1636
a32,1.0,9.999999999999999e-06,0.001,2000000,p1637
a32,1.0,9.999999999999999e-06,0.001,2000000,p1638
a32,1.0,9.999999999999999e-06,0.001,2000000,p1639
a32,1.0,9.999999999999999e-06,0.001,2000000,p1640
a32,1.0,9.999999999999999e-06,0.001,2000000,p1641
a32,1.0,9.999999999999999e-06,0.001,2000000,p1642
a32,1.0,9.999999999999999e-06,0.001,2000000,p1643
a32,1.0,9.999999999999999e-06,0.001,2000000,p1644
a32,1.0,9.999999999999999e-06,0.001,2000000,p1645
a32,1.0,9.999999999999999e-06,0.001,2000000,p1646
a32,1.0,9.999999999999999e-06,0.001,2000000,p1647
a32,1.0,9.999999999999999e-06,0.001,2000000,p1648
a32,1.0,9.999999999999999e-06,0.001,2000000,p1649
a33,1.0,9.999999999999999e-06,0.01,2000000,p1650
a33,1.0,9.999999999999999e-06,0.01,2000000,p1651
a33,1.0,9.999999999999999e-06,0.01,2000000,p1652
a33,1.0,9.999999999999999e-06,0.01,2000000,p1653
a33,1.0,9.999999999999999e-06,0.01,2000000,p1654
a33,1.0,9.999999999999999e-06,0.01,2000000,p1655
a33,1.0,9.999999999999999e-06,0.01,2000000,p1656
a33,1.0,9.999999999999999e-06,0.01,2000000,p1657
a33,1.0,9.999999999999999e-06,0.01,2000000,p1658
a33,1.0,9.999999999999999e-06,0.01,2000000,p1659
a33,1.0,9.999999999999999e-06,0.01,2000000,p1660
a33,1.0,9.999999999999999e-06,0.01,2000000,p1661
a33,1.0,9.999999999999999e-06,0.01,2000000,p1662
a33,1.0,9.999999999999999e-06,0.01,2000000,p1663
a33,1.0,9.999999999999999e-06,0.01,2000000,p1664
a33,1.0,9.999999999999999e-06,0.01,2000000,p1665
a33,1.0,9.999999999999999e-06,0.01,2000000,p1666
a33,1.0,9.999999999999999e-06,0.01,2000000,p1667
a33,1.0,9.999999999999999e-06,0.01,2000000,p1668
a33,1.0,9.999999999999999e-06,0.01,2000000,p1669
a33,1.0,9.999999999999999e-06,0.01,2000000,p1670
a33,1.0,9.999999999999999e-06,0.01,2000000,p1671
a33,1.0,9.999999999999999e-06,0.01,2000000,p1672
a33,1.0,9.999999999999999e-06,0.01,2000000,p1673
a33,1.0,9.999999999999999e-06,0.01,2000000,p1674
a33,1.0,9.999999999999999e-06,0.01,2000000,p1675
a33,1.0,9.999999999999999e-06,0.01,2000000,p1676
a33,1.0,9.999999999999999e-06,0.01,2000000,p1677
a33,1.0,9.999999999999999e-06,0.01,2000000,p1678
a33,1.0,9.999999999999999e-06,0.01,2000000,p1679
a33,1.0,9.999999999999999e-06,0.01,2000000,p1680
a33,1.0,9.999999999999999e-06,0.01,2000000,p1681
a33,1.0,9.999999999999999e-06,0.01,2000000,p1682
a33,1.0,9.999999999999999e-06,0.01,2000000,p1683
a33,1.0,9.999999999999999e-06,0.01,2000000,p1684
a33,1.0,9.999999999999999e-06,0.01,2000000,p1685
a33,1.0,9.999999999999999e-06,0.01,2000000,p1686
a33,1.0,9.999999999999999e-06,0.01,2000000,p1687
a33,1.0,9.999999999999999e-06,0.01,2000000,p1688
a33,1.0,9.999999999999999e-06,0.01,2000000,p1689
a33,1.0,9.999999999999999e-06,0.01,2000000,p1690
a33,1.0,9.999999999999999e-06,0.01,2000000,p1691
a33,1.0,9.999999999999999e-06,0.01,2000000,p1692
a33,1.0,9.999999999999999e-06,0.01,2000000,p1693
a33,1.0,9.999999999999999e-06,0.01,2000000,p1694
a33,1.0,9.999999999999999e-06,0.01,2000000,p1695
a33,1.0,9.999999999999999e-06,0.01,2000000,p1696
a33,1.0,9.999999999999999e-06,0.01,2000000,p1697
a33,1.0,9.999999999999999e-06,0.01,2000000,p1698
a33,1.0,9.999999999999999e-06,0.01,2000000,p1699
a34,1.0,9.999999999999999e-06,0.1,2000000,p1700
a34,1.0,9.999999999999999e-06,0.1,2000000,p1701
a34,1.0,9.999999999999999e-06,0.1,2000000,p1702
a34,1.0,9.999999999999999e-06,0.1,2000000,p1703
a34,1.0,9.999999999999999e-06,0.1,2000000,p1704
a34,1.0,9.999999999999999e-06,0.1,2000000,p1705
a34,1.0,9.999999999999999e-06,0.1,2000000,p1706
a34,1.0,9.999999999999999e-06,0.1,2000000,p1707
a34,1.0,9.999999999999999e-06,0.1,2000000,p1708
a34,1.0,9.999999999999999e-06,0.1,2000000,p1709
a34,1.0,9.999999999999999e-06,0.1,2000000,p1710
a34,1.0,9.999999999999999e-06,0.1,2000000,p1711
a34,1.0,9.999999999999999e-06,0.1,2000000,p1712
a34,1.0,9.999999999999999e-06,0.1,2000000,p1713
a34,1.0,9.999999999999999e-06,0.1,2000000,p1714
a34,1.0,9.999999999999999e-06,0.1,2000000,p1715
a34,1.0,9.999999999999999e-06,0.1,2000000,p1716
a34,1.0,9.999999999999999e-06,0.1,2000000,p1717
a34,1.0,9.999999999999999e-06,0.1,2000000,p1718
a34,1.0,9.999999999999999e-06,0.1,2000000,p1719
a34,1.0,9.999999999999999e-06,0.1,2000000,p1720
a34,1.0,9.999999999999999e-06,0.1,2000000,p1721
a34,1.0,9.999999999999999e-06,0.1,2000000,p1722
a34,1.0,9.999999999999999e-06,0.1,2000000,p1723
a34,1.0,9.999999999999999e-06,0.1,2000000,p1724
a34,1.0,9.999999999999999e-06,0.1,2000000,p1725
a34,1.0,9.999999999999999e-06,0.1,2000000,p1726
a34,1.0,9.999999999999999e-06,0.1,2000000,p1727
a34,1.0,9.999999999999999e-06,0.1,2000000,p1728
a34,1.0,9.999999999999999e-06,0.1,2000000,p1729
a34,1.0,9.999999999999999e-06,0.1,2000000,p1730
a34,1.0,9.999999999999999e-06,0.1,2000000,p1731
a34,1.0,9.999999999999999e-06,0.1,2000000,p1732
a34,1.0,9.999999999999999e-06,0.1,2000000,p1733
a34,1.0,9.999999999999999e-06,0.1,2000000,p1734
a34,1.0,9.999999999999999e-06,0.1,2000000,p1735
a34,1.0,9.999999999999999e-06,0.1,2000000,p1736
a34,1.0,9.999999999999999e-06,0.1,2000000,p1737
a34,1.0,9.999999999999999e-06,0.1,2000000,p1738
a34,1.0,9.999999999999999e-06,0.1,2000000,p1739
a34,1.0,9.999999999999999e-06,0.1,2000000,p1740
a34,1.0,9.999999999999999e-06,0.1,2000000,p1741
a34,1.0,9.999999999999999e-06,0.1,2000000,p1742
a34,1.0,9.999999999999999e-06,0.1,2000000,p1743
a34,1.0,9.999999999999999e-06,0.1,2000000,p1744
a34,1.0,9.999999999999999e-06,0.1,2000000,p1745
a34,1.0,9.999999999999999e-06,0.1,2000000,p1746
a34,1.0,9.999999999999999e-06,0.1,2000000,p1747
a34,1.0,9.999999999999999e-06,0.1,2000000,p1748
a34,1.0,9.999999999999999e-06,0.1,2000000,p1749
a35,1.0,3.1622776601683795e-05,1e-07,632455,p1750
a35,1.0,3.1622776601683795e-05,1e-07,632455,p1751
a35,1.0,3.1622776601683795e-05,1e-07,632455,p1752
a35,1.0,3.1622776601683795e-05,1e-07,632455,p1753
a35,1.0,3.1622776601683795e-05,1e-07,632455,p1754
a35,1.0,3.1622776601683795e-05,1e-07,632455,p1755
a35,1.0,3.1622776601683795e-05,1e-07,632455,p1756
a35,1.0,3.1622776601683795e-05,1e-07,632455,p1757
a35,1.0,3.1622776601683795e-05,1e-07,632455,p1758
a35,1.0,3.1622776601683795e-05,1e-07,632455,p1759
a35,1.0,3.1622776601683795e-05,1e-07,632455,p1760
a35,1.0,3.1622776601683795e-05,1e-07,632455,p1761
a35,1.0,3.1622776601683795e-05,1e-07,632455,p1762
a35,1.0,3.1622776601683795e-05,1e-07,632455,p1763
a35,1.0,3.1622776601683795e-05,1e-07,632455,p1764
a35,1.0,3.1622776601683795e-05,1e-07,632455,p1765
a35,1.0,3.1622776601683795e-05,1e-07,632455,p1766
a35,1.0,3.1622776601683795e-05,1e-07,632455,p1767
a35,1.0,3.1622776601683795e-05,1e-07,632455,p1768
a35,1.0,3.1622776601683795e-05,1e-07,632455,p1769
a35,1.0,3.1622776601683795e-05,1e-07,632455,p1770
a35,1.0,3.1622776601683795e-05,1e-07,632455,p1771
a35,1.0,3.1622776601683795e-05,1e-07,632455,p1772
a35,1.0,3.1622776601683795e-05,1e-07,632455,p1773
a35,1.0,3.1622776601683795e-05,1e-07,632455,p1774
a35,1.0,3.1622776601683795e-05,1e-07,632455,p1775
a35,1.0,3.1622776601683795e-05,1e-07,632455,p1776
a35,1.0,3.1622776601683795e-05,1e-07,632455,p1777
a35,1.0,3.1622776601683795e-05,1e-07,632455,p1778
a35,1.0,3.1622776601683795e-05,1e-07,632455,p1779
a35,1.0,3.1622776601683795e-05,1e-07,632455,p1780
a35,1.0,3.1622776601683795e-05,1e-07,632455,p1781
a35,1.0,3.1622776601683795e-05,1e-07,632455,p1782
a35,1.0,3.1622776601683795e-05,1e-07,632455,p1783
a35,1.0,3.1622776601683795e-05,1e-07,632455,p1784
a35,1.0,3.1622776601683795e-05,1e-07,632455,p1785
a35,1.0,3.1622776601683795e-05,1e-07,632455,p1786
a35,1.0,3.1622776601683795e-05,1e-07,632455,p1787
a35,1.0,3.1622776601683795e-05,1e-07,632455,p1788
a35,1.0,3.1622776601683795e-05,1e-07,632455,p1789
a35,1.0,3.1622776601683795e-05,1e-07,632455,p1790
a35,1.0,3.1622776601683795e-05,1e-07,632455,p1791
a35,1.0,3.1622776601683795e-05,1e-07,632455,p1792
a35,1.0,3.1622776601683795e-05,1e-07,632455,p1793
a35,1.0,3.1622776601683795e-05,1e-07,632455,p1794
a35,1.0,3.1622776601683795e-05,1e-07,632455,p1795
a35,1.0,3.1622776601683795e-05,1e-07,632455,p1796
a35,1.0,3.1622776601683795e-05,1e-07,632455,p1797
a35,1.0,3.1622776601683795e-05,1e-07,632455,p1798
a35,1.0,3.1622776601683795e-05,1e-07,632455,p1799
a36,1.0,3.1622776601683795e-05,1e-06,632455,p1800
a36,1.0,3.1622776601683795e-05,1e-06,632455,p1801
a36,1.0,3.1622776601683795e-05,1e-06,632455,p1802
a36,1.0,3.1622776601683795e-05,1e-06,632455,p1803
a36,1.0,3.1622776601683795e-05,1e-06,632455,p1804
a36,1.0,3.1622776601683795e-05,1e-06,632455,p1805
a36,1.0,3.1622776601683795e-05,1e-06,632455,p1806
a36,1.0,3.1622776601683795e-05,1e-06,632455,p1807
a36,1.0,3.1622776601683795e-05,1e-06,632455,p1808
a36,1.0,3.1622776601683795e-05,1e-06,632455,p1809
a36,1.0,3.1622776601683795e-05,1e-06,632455,p1810
a36,1.0,3.1622776601683795e-05,1e-06,632455,p1811
a36,1.0,3.1622776601683795e-05,1e-06,632455,p1812
a36,1.0,3.1622776601683795e-05,1e-06,632455,p1813
a36,1.0,3.1622776601683795e-05,1e-06,632455,p1814
a36,1.0,3.1622776601683795e-05,1e-06,632455,p1815
a36,1.0,3.1622776601683795e-05,1e-06,632455,p1816
a36,1.0,3.1622776601683795e-05,1e-06,632455,p1817
a36,1.0,3.1622776601683795e-05,1e-06,632455,p1818
a36,1.0,3.1622776601683795e-05,1e-06,632455,p1819
a36,1.0,3.1622776601683795e-05,1e-06,632455,p1820
a36,1.0,3.1622776601683795e-05,1e-06,632455,p1821
a36,1.0,3.1622776601683795e-05,1e-06,632455,p1822
a36,1.0,3.1622776601683795e-05,1e-06,632455,p1823
a36,1.0,3.1622776601683795e-05,1e-06,632455,p1824
a36,1.0,3.1622776601683795e-05,1e-06,632455,p1825
a36,1.0,3.1622776601683795e-05,1e-06,632455,p1826
a36,1.0,3.1622776601683795e-05,1e-06,632455,p1827
a36,1.0,3.1622776601683795e-05,1e-06,632455,p1828
a36,1.0,3.1622776601683795e-05,1e-06,632455,p1829
a36,1.0,3.1622776601683795e-05,1e-06,632455,p1830
a36,1.0,3.1622776601683795e-05,1e-06,632455,p1831
a36,1.0,3.1622776601683795e-05,1e-06,632455,p1832
a36,1.0,3.1622776601683795e-05,1e-06,632455,p1833
a36,1.0,3.1622776601683795e-05,1e-06,632455,p1834
a36,1.0,3.1622776601683795e-05,1e-06,632455,p1835
a36,1.0,3.1622776601683795e-05,1e-06,632455,p1836
a36,1.0,3.1622776601683795e-05,1e-06,632455,p1837
a36,1.0,3.1622776601683795e-05,1e-06,632455,p1838
a36,1.0,3.1622776601683795e-05,1e-06,632455,p1839
a36,1.0,3.1622776601683795e-05,1e-06,632455,p1840
a36,1.0,3.1622776601683795e-05,1e-06,632455,p1841
a36,1.0,3.1622776601683795e-05,1e-06,632455,p1842
a36,1.0,3.1622776601683795e-05,1e-06,632455,p1843
a36,1.0,3.1622776601683795e-05,1e-06,632455,p1844
a36,1.0,3.1622776601683795e-05,1e-06,632455,p1845
a36,1.0,3.1622776601683795e-05,1e-06,632455,p1846
a36,1.0,3.1622776601683795e-05,1e-06,632455,p1847
a36,1.0,3.1622776601683795e-05,1e-06,632455,p1848
a36,1.0,3.1622776601683795e-05,1e-06,632455,p1849
a37,1.0,3.1622776601683795e-05,9.999999999999999e-06,632455,p1850
a37,1.0,3.1622776601683795e-05,9.999999999999999e-06,632455,p1851
a37,1.0,3.1622776601683795e-05,9.999999999999999e-06,632455,p1852
a37,1.0,3.1622776601683795e-05,9.999999999999999e-06,632455,p1853
a37,1.0,3.1622776601683795e-05,9.999999999999999e-06,632455,p1854
a37,1.0,3.1622776601683795e-05,9.999999999999999e-06,632455,p1855
a37,1.0,3.1622776601683795e-05,9.999999999999999e-06,632455,p1856
a37,1.0,3.1622776601683795e-05,9.999999999999999e-06,632455,p1857
a37,1.0,3.1622776601683795e-05,9.999999999999999e-06,632455,p1858
a37,1.0,3.1622776601683795e-05,9.999999999999999e-06,632455,p1859
a37,1.0,3.1622776601683795e-05,9.999999999999999e-06,632455,p1860
a37,1.0,3.1622776601683795e-05,9.999999999999999e-06,632455,p1861
a37,1.0,3.1622776601683795e-05,9.999999999999999e-06,632455,p1862
a37,1.0,3.1622776601683795e-05,9.999999999999999e-06,632455,p1863
a37,1.0,3.1622776601683795e-05,9.999999999999999e-06,632455,p1864
a37,1.0,3.1622776601683795e-05,9.999999999999999e-06,632455,p1865
a37,1.0,3.1622776601683795e-05,9.999999999999999e-06,632455,p1866
a37,1.0,3.1622776601683795e-05,9.999999999999999e-06,632455,p1867
a37,1.0,3.1622776601683795e-05,9.999999999999999e-06,632455,p1868
a37,1.0,3.1622776601683795e-05,9.999999999999999e-06,632455,p1869
a37,1.0,3.1622776601683795e-05,9.999999999999999e-06,632455,p1870
a37,1.0,3.1622776601683795e-05,9.999999999999999e-06,632455,p1871
a37,1.0,3.1622776601683795e-05,9.999999999999999e-06,632455,p1872
a37,1.0,3.1622776601683795e-05,9.999999999999999e-06,632455,p1873
a37,1.0,3.1622776601683795e-05,9.999999999999999e-06,632455,p1874
a37,1.0,3.1622776601683795e-05,9.999999999999999e-06,632455,p1875
a37,1.0,3.1622776601683795e-05,9.999999999999999e-06,632455,p1876
a37,1.0,3.1622776601683795e-05,9.999999999999999e-06,632455,p1877
a37,1.0,3.1622776601683795e-05,9.999999999999999e-06,632455,p1878
a37,1.0,3.1622776601683795e-05,9.999999999999999e-06,632455,p1879
a37,1.0,3.1622776601683795e-05,9.999999999999999e-06,632455,p1880
a37,1.0,3.1622776601683795e-05,9.999999999999999e-06,632455,p1881
a37,1.0,3.1622776601683795e-05,9.999999999999999e-06,632455,p1882
a37,1.0,3.1622776601683795e-05,9.999999999999999e-06,632455,p1883
a37,1.0,3.1622776601683795e-05,9.999999999999999e-06,632455,p1884
a37,1.0,3.1622776601683795e-05,9.999999999999999e-06,632455,p1885
a37,1.0,3.1622776601683795e-05,9.999999999999999e-06,632455,p1886
a37,1.0,3.1622776601683795e-05,9.999999999999999e-06,632455,p1887
a37,1.0,3.1622776601683795e-05,9.999999999999999e-06,632455,p1888
a37,1.0,3.1622776601683795e-05,9.999999999999999e-06,632455,p1889
a37,1.0,3.1622776601683795e-05,9.999999999999999e-06,632455,p1890
a37,1.0,3.1622776601683795e-05,9.999999999999999e-06,632455,p1891
a37,1.0,3.1622776601683795e-05,9.999999999999999e-06,632455,p1892
a37,1.0,3.1622776601683795e-05,9.999999999999999e-06,632455,p1893
a37,1.0,3.1622776601683795e-05,9.999999999999999e-06,632455,p1894
a37,1.0,3.1622776601683795e-05,9.999999999999999e-06,632455,p1895
a37,1.0,3.1622776601683795e-05,9.999999999999999e-06,632455,p1896
a37,1.0,3.1622776601683795e-05,9.999999999999999e-06,632455,p1897
a37,1.0,3.1622776601683795e-05,9.999999999999999e-06,632455,p1898
a37,1.0,3.1622776601683795e-05,9.999999999999999e-06,632455,p1899
a38,1.0,3.1622776601683795e-05,0.0001,632455,p1900
a38,1.0,3.1622776601683795e-05,0.0001,632455,p1901
a38,1.0,3.1622776601683795e-05,0.0001,632455,p1902
a38,1.0,3.1622776601683795e-05,0.0001,632455,p1903
a38,1.0,3.1622776601683795e-05,0.0001,632455,p1904
a38,1.0,3.1622776601683795e-05,0.0001,632455,p1905
a38,1.0,3.1622776601683795e-05,0.0001,632455,p1906
a38,1.0,3.1622776601683795e-05,0.0001,632455,p1907
a38,1.0,3.1622776601683795e-05,0.0001,632455,p1908
a38,1.0,3.1622776601683795e-05,0.0001,632455,p1909
a38,1.0,3.1622776601683795e-05,0.0001,632455,p1910
a38,1.0,3.1622776601683795e-05,0.0001,632455,p1911
a38,1.0,3.1622776601683795e-05,0.0001,632455,p1912
a38,1.0,3.1622776601683795e-05,0.0001,632455,p1913
a38,1.0,3.1622776601683795e-05,0.0001,632455,p1914
a38,1.0,3.1622776601683795e-05,0.0001,632455,p1915
a38,1.0,3.1622776601683795e-05,0.0001,632455,p1916
a38,1.0,3.1622776601683795e-05,0.0001,632455,p1917
a38,1.0,3.1622776601683795e-05,0.0001,632455,p1918
a38,1.0,3.1622776601683795e-05,0.0001,632455,p1919
a38,1.0,3.1622776601683795e-05,0.0001,632455,p1920
a38,1.0,3.1622776601683795e-05,0.0001,632455,p1921
a38,1.0,3.1622776601683795e-05,0.0001,632455,p1922
a38,1.0,3.1622776601683795e-05,0.0001,632455,p1923
a38,1.0,3.1622776601683795e-05,0.0001,632455,p1924
a38,1.0,3.1622776601683795e-05,0.0001,632455,p1925
a38,1.0,3.1622776601683795e-05,0.0001,632455,p1926
a38,1.0,3.1622776601683795e-05,0.0001,632455,p1927
a38,1.0,3.1622776601683795e-05,0.0001,632455,p1928
a38,1.0,3.1622776601683795e-05,0.0001,632455,p1929
a38,1.0,3.1622776601683795e-05,0.0001,632455,p1930
a38,1.0,3.1622776601683795e-05,0.0001,632455,p1931
a38,1.0,3.1622776601683795e-05,0.0001,632455,p1932
a38,1.0,3.1622776601683795e-05,0.0001,632455,p1933
a38,1.0,3.1622776601683795e-05,0.0001,632455,p1934
a38,1.0,3.1622776601683795e-05,0.0001,632455,p1935
a38,1.0,3.1622776601683795e-05,0.0001,632455,p1936
a38,1.0,3.1622776601683795e-05,0.0001,632455,p1937
a38,1.0,3.1622776601683795e-05,0.0001,632455,p1938
a38,1.0,3.1622776601683795e-05,0.0001,632455,p1939
a38,1.0,3.1622776601683795e-05,0.0001,632455,p1940
a38,1.0,3.1622776601683795e-05,0.0001,632455,p1941
a38,1.0,3.1622776601683795e-05,0.0001,632455,p1942
a38,1.0,3.1622776601683795e-05,0.0001,632455,p1943
a38,1.0,3.1622776601683795e-05,0.0001,632455,p1944
a38,1.0,3.1622776601683795e-05,0.0001,632455,p1945
a38,1.0,3.1622776601683795e-05,0.0001,632455,p1946
a38,1.0,3.1622776601683795e-05,0.0001,632455,p1947
a38,1.0,3.1622776601683795e-05,0.0001,632455,p1948
a38,1.0,3.1622776601683795e-05,0.0001,632455,p1949
a39,1.0,3.1622776601683795e-05,0.001,632455,p1950
a39,1.0,3.1622776601683795e-05,0.001,632455,p1951
a39,1.0,3.1622776601683795e-05,0.001,632455,p1952
a39,1.0,3.1622776601683795e-05,0.001,632455,p1953
a39,1.0,3.1622776601683795e-05,0.001,632455,p1954
a39,1.0,3.1622776601683795e-05,0.001,632455,p1955
a39,1.0,3.1622776601683795e-05,0.001,632455,p1956
a39,1.0,3.1622776601683795e-05,0.001,632455,p1957
a39,1.0,3.1622776601683795e-05,0.001,632455,p1958
a39,1.0,3.1622776601683795e-05,0.001,632455,p1959
a39,1.0,3.1622776601683795e-05,0.001,632455,p1960
a39,1.0,3.1622776601683795e-05,0.001,632455,p1961
a39,1.0,3.1622776601683795e-05,0.001,632455,p1962
a39,1.0,3.1622776601683795e-05,0.001,632455,p1963
a39,1.0,3.1622776601683795e-05,0.001,632455,p1964
a39,1.0,3.1622776601683795e-05,0.001,632455,p1965
a39,1.0,3.1622776601683795e-05,0.001,632455,p1966
a39,1.0,3.1622776601683795e-05,0.001,632455,p1967
a39,1.0,3.1622776601683795e-05,0.001,632455,p1968
a39,1.0,3.1622776601683795e-05,0.001,632455,p1969
a39,1.0,3.1622776601683795e-05,0.001,632455,p1970
a39,1.0,3.1622776601683795e-05,0.001,632455,p1971
a39,1.0,3.1622776601683795e-05,0.001,632455,p1972
a39,1.0,3.1622776601683795e-05,0.001,632455,p1973
a39,1.0,3.1622776601683795e-05,0.001,632455,p1974
a39,1.0,3.1622776601683795e-05,0.001,632455,p1975
a39,1.0,3.1622776601683795e-05,0.001,632455,p1976
a39,1.0,3.1622776601683795e-05,0.001,632455,p1977
a39,1.0,3.1622776601683795e-05,0.001,632455,p1978
a39,1.0,3.1622776601683795e-05,0.001,632455,p1979
a39,1.0,3.1622776601683795e-05,0.001,632455,p1980
a39,1.0,3.1622776601683795e-05,0.001,632455,p1981
a39,1.0,3.1622776601683795e-05,0.001,632455,p1982
a39,1.0,3.1622776601683795e-05,0.001,632455,p1983
a39,1.0,3.1622776601683795e-05,0.001,632455,p1984
a39,1.0,3.1622776601683795e-05,0.001,632455,p1985
a39,1.0,3.1622776601683795e-05,0.001,632455,p1986
a39,1.0,3.1622776601683795e-05,0.001,632455,p1987
a39,1.0,3.1622776601683795e-05,0.001,632455,p1988
a39,1.0,3.1622776601683795e-05,0.001,632455,p1989
a39,1.0,3.1622776601683795e-05,0.001,632455,p1990
a39,1.0,3.1622776601683795e-05,0.001,632455,p1991
a39,1.0,3.1622776601683795e-05,0.001,632455,p1992
a39,1.0,3.1622776601683795e-05,0.001,632455,p1993
a39,1.0,3.1622776601683795e-05,0.001,632455,p1994
a39,1.0,3.1622776601683795e-05,0.001,632455,p1995
a39,1.0,3.1622776601683795e-05,0.001,632455,p1996
a39,1.0,3.1622776601683795e-05,0.001,632455,p1997
a39,1.0,3.1622776601683795e-05,0.001,632455,p1998
a39,1.0,3.1622776601683795e-05,0.001,632455,p1999
a40,1.0,3.1622776601683795e-05,0.01,632455,p2000
a40,1.0,3.1622776601683795e-05,0.01,632455,p2001
a40,1.0,3.1622776601683795e-05,0.01,632455,p2002
a40,1.0,3.1622776601683795e-05,0.01,632455,p2003
a40,1.0,3.1622776601683795e-05,0.01,632455,p2004
a40,1.0,3.1622776601683795e-05,0.01,632455,p2005
a40,1.0,3.1622776601683795e-05,0.01,632455,p2006
a40,1.0,3.1622776601683795e-05,0.01,632455,p2007
a40,1.0,3.1622776601683795e-05,0.01,632455,p2008
a40,1.0,3.1622776601683795e-05,0.01,632455,p2009
a40,1.0,3.1622776601683795e-05,0.01,632455,p2010
a40,1.0,3.1622776601683795e-05,0.01,632455,p2011
a40,1.0,3.1622776601683795e-05,0.01,632455,p2012
a40,1.0,3.1622776601683795e-05,0.01,632455,p2013
a40,1.0,3.1622776601683795e-05,0.01,632455,p2014
a40,1.0,3.1622776601683795e-05,0.01,632455,p2015
a40,1.0,3.1622776601683795e-05,0.01,632455,p2016
a40,1.0,3.1622776601683795e-05,0.01,632455,p2017
a40,1.0,3.1622776601683795e-05,0.01,632455,p2018
a40,1.0,3.1622776601683795e-05,0.01,632455,p2019
a40,1.0,3.1622776601683795e-05,0.01,632455,p2020
a40,1.0,3.1622776601683795e-05,0.01,632455,p2021
a40,1.0,3.1622776601683795e-05,0.01,632455,p2022
a40,1.0,3.1622776601683795e-05,0.01,632455,p2023
a40,1.0,3.1622776601683795e-05,0.01,632455,p2024
a40,1.0,3.1622776601683795e-05,0.01,632455,p2025
a40,1.0,3.1622776601683795e-05,0.01,632455,p2026
a40,1.0,3.1622776601683795e-05,0.01,632455,p2027
a40,1.0,3.1622776601683795e-05,0.01,632455,p2028
a40,1.0,3.1622776601683795e-05,0.01,632455,p2029
a40,1.0,3.1622776601683795e-05,0.01,632455,p2030
a40,1.0,3.1622776601683795e-05,0.01,632455,p2031
a40,1.0,3.1622776601683795e-05,0.01,632455,p2032
a40,1.0,3.1622776601683795e-05,0.01,632455,p2033
a40,1.0,3.1622776601683795e-05,0.01,632455,p2034
a40,1.0,3.1622776601683795e-05,0.01,632455,p2035
a40,1.0,3.1622776601683795e-05,0.01,632455,p2036
a40,1.0,3.1622776601683795e-05,0.01,632455,p2037
a40,1.0,3.1622776601683795e-05,0.01,632455,p2038
a40,1.0,3.1622776601683795e-05,0.01,632455,p2039
a40,1.0,3.1622776601683795e-05,0.01,632455,p2040
a40,1.0,3.1622776601683795e-05,0.01,632455,p2041
a40,1.0,3.1622776601683795e-05,0.01,632455,p2042
a40,1.0,3.1622776601683795e-05,0.01,632455,p2043
a40,1.0,3.1622776601683795e-05,0.01,632455,p2044
a40,1.0,3.1622776601683795e-05,0.01,632455,p2045
a40,1.0,3.1622776601683795e-05,0.01,632455,p2046
a40,1.0,3.1622776601683795e-05,0.01,632455,p2047
a40,1.0,3.1622776601683795e-05,0.01,632455,p2048
a40,1.0,3.1622776601683795e-05,0.01,632455,p2049
a41,1.0,3.1622776601683795e-05,0.1,632455,p2050
a41,1.0,3.1622776601683795e-05,0.1,632455,p2051
a41,1.0,3.1622776601683795e-05,0.1,632455,p2052
a41,1.0,3.1622776601683795e-05,0.1,632455,p2053
a41,1.0,3.1622776601683795e-05,0.1,632455,p2054
a41,1.0,3.1622776601683795e-05,0.1,632455,p2055
a41,1.0,3.1622776601683795e-05,0.1,632455,p2056
a41,1.0,3.1622776601683795e-05,0.1,632455,p2057
a41,1.0,3.1622776601683795e-05,0.1,632455,p2058
a41,1.0,3.1622776601683795e-05,0.1,632455,p2059
a41,1.0,3.1622776601683795e-05,0.1,632455,p2060
a41,1.0,3.1622776601683795e-05,0.1,632455,p2061
a41,1.0,3.1622776601683795e-05,0.1,632455,p2062
a41,1.0,3.1622776601683795e-05,0.1,632455,p2063
a41,1.0,3.1622776601683795e-05,0.1,632455,p2064
a41,1.0,3.1622776601683795e-05,0.1,632455,p2065
a41,1.0,3.1622776601683795e-05,0.1,632455,p2066
a41,1.0,3.1622776601683795e-05,0.1,632455,p2067
a41,1.0,3.1622776601683795e-05,0.1,632455,p2068
a41,1.0,3.1622776601683795e-05,0.1,632455,p2069
a41,1.0,3.1622776601683795e-05,0.1,632455,p2070
a41,1.0,3.1622776601683795e-05,0.1,632455,p2071
a41,1.0,3.1622776601683795e-05,0.1,632455,p2072
a41,1.0,3.1622776601683795e-05,0.1,632455,p2073
a41,1.0,3.1622776601683795e-05,0.1,632455,p2074
a41,1.0,3.1622776601683795e-05,0.1,632455,p2075
a41,1.0,3.1622776601683795e-05,0.1,632455,p2076
a41,1.0,3.1622776601683795e-05,0.1,632455,p2077
a41,1.0,3.1622776601683795e-05,0.1,632455,p2078
a41,1.0,3.1622776601683795e-05,0.1,632455,p2079
a41,1.0,3.1622776601683795e-05,0.1,632455,p2080
a41,1.0,3.1622776601683795e-05,0.1,632455,p2081
a41,1.0,3.1622776601683795e-05,0.1,632455,p2082
a41,1.0,3.1622776601683795e-05,0.1,632455,p2083
a41,1.0,3.1622776601683795e-05,0.1,632455,p2084
a41,1.0,3.1622776601683795e-05,0.1,632455,p2085
a41,1.0,3.1622776601683795e-05,0.1,632455,p2086
a41,1.0,3.1622776601683795e-05,0.1,632455,p2087
a41,1.0,3.1622776601683795e-05,0.1,632455,p2088
a41,1.0,3.1622776601683795e-05,0.1,632455,p2089
a41,1.0,3.1622776601683795e-05,0.1,632455,p2090
a41,1.0,3.1622776601683795e-05,0.1,632455,p2091
a41,1.0,3.1622776601683795e-05,0.1,632455,p2092
a41,1.0,3.1622776601683795e-05,0.1,632455,p2093
a41,1.0,3.1622776601683795e-05,0.1,632455,p2094
a41,1.0,3.1622776601683795e-05,0.1,632455,p2095
a41,1.0,3.1622776601683795e-05,0.1,632455,p2096
a41,1.0,3.1622776601683795e-05,0.1,632455,p2097
a41,1.0,3.1622776601683795e-05,0.1,632455,p2098
a41,1.0,3.1622776601683795e-05,0.1,632455,p2099
a42,1.0,0.0001,1e-07,200000,p2100
a42,1.0,0.0001,1e-07,200000,p2101
a42,1.0,0.0001,1e-07,200000,p2102
a42,1.0,0.0001,1e-07,200000,p2103
a42,1.0,0.0001,1e-07,200000,p2104
a42,1.0,0.0001,1e-07,200000,p2105
a42,1.0,0.0001,1e-07,200000,p2106
a42,1.0,0.0001,1e-07,200000,p2107
a42,1.0,0.0001,1e-07,200000,p2108
a42,1.0,0.0001,1e-07,200000,p2109
a42,1.0,0.0001,1e-07,200000,p2110
a42,1.0,0.0001,1e-07,200000,p2111
a42,1.0,0.0001,1e-07,200000,p2112
a42,1.0,0.0001,1e-07,200000,p2113
a42,1.0,0.0001,1e-07,200000,p2114
a42,1.0,0.0001,1e-07,200000,p2115
a42,1.0,0.0001,1e-07,200000,p2116
a42,1.0,0.0001,1e-07,200000,p2117
a42,1.0,0.0001,1e-07,200000,p2118
a42,1.0,0.0001,1e-07,200000,p2119
a42,1.0,0.0001,1e-07,200000,p2120
a42,1.0,0.0001,1e-07,200000,p2121
a42,1.0,0.0001,1e-07,200000,p2122
a42,1.0,0.0001,1e-07,200000,p2123
a42,1.0,0.0001,1e-07,200000,p2124
a42,1.0,0.0001,1e-07,200000,p2125
a42,1.0,0.0001,1e-07,200000,p2126
a42,1.0,0.0001,1e-07,200000,p2127
a42,1.0,0.0001,1e-07,200000,p2128
a42,1.0,0.0001,1e-07,200000,p2129
a42,1.0,0.0001,1e-07,200000,p2130
a42,1.0,0.0001,1e-07,200000,p2131
a42,1.0,0.0001,1e-07,200000,p2132
a42,1.0,0.0001,1e-07,200000,p2133
a42,1.0,0.0001,1e-07,200000,p2134
a42,1.0,0.0001,1e-07,200000,p2135
a42,1.0,0.0001,1e-07,200000,p2136
a42,1.0,0.0001,1e-07,200000,p2137
a42,1.0,0.0001,1e-07,200000,p2138
a42,1.0,0.0001,1e-07,200000,p2139
a42,1.0,0.0001,1e-07,200000,p2140
a42,1.0,0.0001,1e-07,200000,p2141
a42,1.0,0.0001,1e-07,200000,p2142
a42,1.0,0.0001,1e-07,200000,p2143
a42,1.0,0.0001,1e-07,200000,p2144
a42,1.0,0.0001,1e-07,200000,p2145
a42,1.0,0.0001,1e-07,200000,p2146
a42,1.0,0.0001,1e-07,200000,p2147
a42,1.0,0.0001,1e-07,200000,p2148
a42,1.0,0.0001,1e-07,200000,p2149
a43,1.0,0.0001,1e-06,200000,p2150
a43,1.0,0.0001,1e-06,200000,p2151
a43,1.0,0.0001,1e-06,200000,p2152
a43,1.0,0.0001,1e-06,200000,p2153
a43,1.0,0.0001,1e-06,200000,p2154
a43,1.0,0.0001,1e-06,200000,p2155
a43,1.0,0.0001,1e-06,200000,p2156
a43,1.0,0.0001,1e-06,200000,p2157
a43,1.0,0.0001,1e-06,200000,p2158
a43,1.0,0.0001,1e-06,200000,p2159
a43,1.0,0.0001,1e-06,200000,p2160
a43,1.0,0.0001,1e-06,200000,p2161
a43,1.0,0.0001,1e-06,200000,p2162
a43,1.0,0.0001,1e-06,200000,p2163
a43,1.0,0.0001,1e-06,200000,p2164
a43,1.0,0.0001,1e-06,200000,p2165
a43,1.0,0.0001,1e-06,200000,p2166
a43,1.0,0.0001,1e-06,200000,p2167
a43,1.0,0.0001,1e-06,200000,p2168
a43,1.0,0.0001,1e-06,200000,p2169
a43,1.0,0.0001,1e-06,200000,p2170
a43,1.0,0.0001,1e-06,200000,p2171
a43,1.0,0.0001,1e-06,200000,p2172
a43,1.0,0.0001,1e-06,200000,p2173
a43,1.0,0.0001,1e-06,200000,p2174
a43,1.0,0.0001,1e-06,200000,p2175
a43,1.0,0.0001,1e-06,200000,p2176
a43,1.0,0.0001,1e-06,200000,p2177
a43,1.0,0.0001,1e-06,200000,p2178
a43,1.0,0.0001,1e-06,200000,p2179
a43,1.0,0.0001,1e-06,200000,p2180
a43,1.0,0.0001,1e-06,200000,p2181
a43,1.0,0.0001,1e-06,200000,p2182
a43,1.0,0.0001,1e-06,200000,p2183
a43,1.0,0.0001,1e-06,200000,p2184
a43,1.0,0.0001,1e-06,200000,p2185
a43,1.0,0.0001,1e-06,200000,p2186
a43,1.0,0.0001,1e-06,200000,p2187
a43,1.0,0.0001,1e-06,200000,p2188
a43,1.0,0.0001,1e-06,200000,p2189
a43,1.0,0.0001,1e-06,200000,p2190
a43,1.0,0.0001,1e-06,200000,p2191
a43,1.0,0.0001,1e-06,200000,p2192
a43,1.0,0.0001,1e-06,200000,p2193
a43,1.0,0.0001,1e-06,200000,p2194
a43,1.0,0.0001,1e-06,200000,p2195
a43,1.0,0.0001,1e-06,200000,p2196
a43,1.0,0.0001,1e-06,200000,p2197
a43,1.0,0.0001,1e-06,200000,p2198
a43,1.0,0.0001,1e-06,200000,p2199
a44,1.0,0.0001,9.999999999999999e-06,200000,p2200
a44,1.0,0.0001,9.999999999999999e-06,200000,p2201
a44,1.0,0.0001,9.999999999999999e-06,200000,p2202
a44,1.0,0.0001,9.999999999999999e-06,200000,p2203
a44,1.0,0.0001,9.999999999999999e-06,200000,p2204
a44,1.0,0.0001,9.999999999999999e-06,200000,p2205
a44,1.0,0.0001,9.999999999999999e-06,200000,p2206
a44,1.0,0.0001,9.999999999999999e-06,200000,p2207
a44,1.0,0.0001,9.999999999999999e-06,200000,p2208
a44,1.0,0.0001,9.999999999999999e-06,200000,p2209
a44,1.0,0.0001,9.999999999999999e-06,200000,p2210
a44,1.0,0.0001,9.999999999999999e-06,200000,p2211
a44,1.0,0.0001,9.999999999999999e-06,200000,p2212
a44,1.0,0.0001,9.999999999999999e-06,200000,p2213
a44,1.0,0.0001,9.999999999999999e-06,200000,p2214
a44,1.0,0.0001,9.999999999999999e-06,200000,p2215
a44,1.0,0.0001,9.999999999999999e-06,200000,p2216
a44,1.0,0.0001,9.999999999999999e-06,200000,p2217
a44,1.0,0.0001,9.999999999999999e-06,200000,p2218
a44,1.0,0.0001,9.999999999999999e-06,200000,p2219
a44,1.0,0.0001,9.999999999999999e-06,200000,p2220
a44,1.0,0.0001,9.999999999999999e-06,200000,p2221
a44,1.0,0.0001,9.999999999999999e-06,200000,p2222
a44,1.0,0.0001,9.999999999999999e-06,200000,p2223
a44,1.0,0.0001,9.999999999999999e-06,200000,p2224
a44,1.0,0.0001,9.999999999999999e-06,200000,p2225
a44,1.0,0.0001,9.999999999999999e-06,200000,p2226
a44,1.0,0.0001,9.999999999999999e-06,200000,p2227
a44,1.0,0.0001,9.999999999999999e-06,200000,p2228
a44,1.0,0.0001,9.999999999999999e-06,200000,p2229
a44,1.0,0.0001,9.999999999999999e-06,200000,p2230
a44,1.0,0.0001,9.999999999999999e-06,200000,p2231
a44,1.0,0.0001,9.999999999999999e-06,200000,p2232
a44,1.0,0.0001,9.999999999999999e-06,200000,p2233
a44,1.0,0.0001,9.999999999999999e-06,200000,p2234
a44,1.0,0.0001,9.999999999999999e-06,200000,p2235
a44,1.0,0.0001,9.999999999999999e-06,200000,p2236
a44,1.0,0.0001,9.999999999999999e-06,200000,p2237
a44,1.0,0.0001,9.999999999999999e-06,200000,p2238
a44,1.0,0.0001,9.999999999999999e-06,200000,p2239
a44,1.0,0.0001,9.999999999999999e-06,200000,p2240
a44,1.0,0.0001,9.999999999999999e-06,200000,p2241
a44,1.0,0.0001,9.999999999999999e-06,200000,p2242
a44,1.0,0.0001,9.999999999999999e-06,200000,p2243
a44,1.0,0.0001,9.999999999999999e-06,200000,p2244
a44,1.0,0.0001,9.999999999999999e-06,200000,p2245
a44,1.0,0.0001,9.999999999999999e-06,200000,p2246
a44,1.0,0.0001,9.999999999999999e-06,200000,p2247
a44,1.0,0.0001,9.999999999999999e-06,200000,p2248
a44,1.0,0.0001,9.999999999999999e-06,200000,p2249
a45,1.0,0.0001,0.0001,200000,p2250
a45,1.0,0.0001,0.0001,200000,p2251
a45,1.0,0.0001,0.0001,200000,p2252
a45,1.0,0.0001,0.0001,200000,p2253
a45,1.0,0.0001,0.0001,200000,p2254
a45,1.0,0.0001,0.0001,200000,p2255
a45,1.0,0.0001,0.0001,200000,p2256
a45,1.0,0.0001,0.0001,200000,p2257
a45,1.0,0.0001,0.0001,200000,p2258
a45,1.0,0.0001,0.0001,200000,p2259
a45,1.0,0.0001,0.0001,200000,p2260
a45,1.0,0.0001,0.0001,200000,p2261
a45,1.0,0.0001,0.0001,200000,p2262
a45,1.0,0.0001,0.0001,200000,p2263
a45,1.0,0.0001,0.0001,200000,p2264
a45,1.0,0.0001,0.0001,200000,p2265
a45,1.0,0.0001,0.0001,200000,p2266
a45,1.0,0.0001,0.0001,200000,p2267
a45,1.0,0.0001,0.0001,200000,p2268
a45,1.0,0.0001,0.0001,200000,p2269
a45,1.0,0.0001,0.0001,200000,p2270
a45,1.0,0.0001,0.0001,200000,p2271
a45,1.0,0.0001,0.0001,200000,p2272
a45,1.0,0.0001,0.0001,200000,p2273
a45,1.0,0.0001,0.0001,200000,p2274
a45,1.0,0.0001,0.0001,200000,p2275
a45,1.0,0.0001,0.0001,200000,p2276
a45,1.0,0.0001,0.0001,200000,p2277
a45,1.0,0.0001,0.0001,200000,p2278
a45,1.0,0.0001,0.0001,200000,p2279
a45,1.0,0.0001,0.0001,200000,p2280
a45,1.0,0.0001,0.0001,200000,p2281
a45,1.0,0.0001,0.0001,200000,p2282
a45,1.0,0.0001,0.0001,200000,p2283
a45,1.0,0.0001,0.0001,200000,p2284
a45,1.0,0.0001,0.0001,200000,p2285
a45,1.0,0.0001,0.0001,200000,p2286
a45,1.0,0.0001,0.0001,200000,p2287
a45,1.0,0.0001,0.0001,200000,p2288
a45,1.0,0.0001,0.0001,200000,p2289
a45,1.0,0.0001,0.0001,200000,p2290
a45,1.0,0.0001,0.0001,200000,p2291
a45,1.0,0.0001,0.0001,200000,p2292
a45,1.0,0.0001,0.0001,200000,p2293
a45,1.0,0.0001,0.0001,200000,p2294
a45,1.0,0.0001,0.0001,200000,p2295
a45,1.0,0.0001,0.0001,200000,p2296
a45,1.0,0.0001,0.0001,200000,p2297
a45,1.0,0.0001,0.0001,200000,p2298
a45,1.0,0.0001,0.0001,200000,p2299
a46,1.0,0.0001,0.001,200000,p2300
a46,1.0,0.0001,0.001,200000,p2301
a46,1.0,0.0001,0.001,200000,p2302
a46,1.0,0.0001,0.001,200000,p2303
a46,1.0,0.0001,0.001,200000,p2304
a46,1.0,0.0001,0.001,200000,p2305
a46,1.0,0.0001,0.001,200000,p2306
a46,1.0,0.0001,0.001,200000,p2307
a46,1.0,0.0001,0.001,200000,p2308
a46,1.0,0.0001,0.001,200000,p2309
a46,1.0,0.0001,0.001,200000,p2310
a46,1.0,0.0001,0.001,200000,p2311
a46,1.0,0.0001,0.001,200000,p2312
a46,1.0,0.0001,0.001,200000,p2313
a46,1.0,0.0001,0.001,200000,p2314
a46,1.0,0.0001,0.001,200000,p2315
a46,1.0,0.0001,0.001,200000,p2316
a46,1.0,0.0001,0.001,200000,p2317
a46,1.0,0.0001,0.001,200000,p2318
a46,1.0,0.0001,0.001,200000,p2319
a46,1.0,0.0001,0.001,200000,p2320
a46,1.0,0.0001,0.001,200000,p2321
a46,1.0,0.0001,0.001,200000,p2322
a46,1.0,0.0001,0.001,200000,p2323
a46,1.0,0.0001,0.001,200000,p2324
a46,1.0,0.0001,0.001,200000,p2325
a46,1.0,0.0001,0.001,200000,p2326
a46,1.0,0.0001,0.001,200000,p2327
a46,1.0,0.0001,0.001,200000,p2328
a46,1.0,0.0001,0.001,200000,p2329
a46,1.0,0.0001,0.001,200000,p2330
a46,1.0,0.0001,0.001,200000,p2331
a46,1.0,0.0001,0.001,200000,p2332
a46,1.0,0.0001,0.001,200000,p2333
a46,1.0,0.0001,0.001,200000,p2334
a46,1.0,0.0001,0.001,200000,p2335
a46,1.0,0.0001,0.001,200000,p2336
a46,1.0,0.0001,0.001,200000,p2337
a46,1.0,0.0001,0.001,200000,p2338
a46,1.0,0.0001,0.001,200000,p2339
a46,1.0,0.0001,0.001,200000,p2340
a46,1.0,0.0001,0.001,200000,p2341
a46,1.0,0.0001,0.001,200000,p2342
a46,1.0,0.0001,0.001,200000,p2343
a46,1.0,0.0001,0.001,200000,p2344
a46,1.0,0.0001,0.001,200000,p2345
a46,1.0,0.0001,0.001,200000,p2346
a46,1.0,0.0001,0.001,200000,p2347
a46,1.0,0.0001,0.001,200000,p2348
a46,1.0,0.0001,0.001,200000,p2349
a47,1.0,0.0001,0.01,200000,p2350
a47,1.0,0.0001,0.01,200000,p2351
a47,1.0,0.0001,0.01,200000,p2352
a47,1.0,0.0001,0.01,200000,p2353
a47,1.0,0.0001,0.01,200000,p2354
a47,1.0,0.0001,0.01,200000,p2355
a47,1.0,0.0001,0.01,200000,p2356
a47,1.0,0.0001,0.01,200000,p2357
a47,1.0,0.0001,0.01,200000,p2358
a47,1.0,0.0001,0.01,200000,p2359
a47,1.0,0.0001,0.01,200000,p2360
a47,1.0,0.0001,0.01,200000,p2361
a47,1.0,0.0001,0.01,200000,p2362
a47,1.0,0.0001,0.01,200000,p2363
a47,1.0,0.0001,0.01,200000,p2364
a47,1.0,0.0001,0.01,200000,p2365
a47,1.0,0.0001,0.01,200000,p2366
a47,1.0,0.0001,0.01,200000,p2367
a47,1.0,0.0001,0.01,200000,p2368
a47,1.0,0.0001,0.01,200000,p2369
a47,1.0,0.0001,0.01,200000,p2370
a47,1.0,0.0001,0.01,200000,p2371
a47,1.0,0.0001,0.01,200000,p2372
a47,1.0,0.0001,0.01,200000,p2373
a47,1.0,0.0001,0.01,200000,p2374
a47,1.0,0.0001,0.01,200000,p2375
a47,1.0,0.0001,0.01,200000,p2376
a47,1.0,0.0001,0.01,200000,p2377
a47,1.0,0.0001,0.01,200000,p2378
a47,1.0,0.0001,0.01,200000,p2379
a47,1.0,0.0001,0.01,200000,p2380
a47,1.0,0.0001,0.01,200000,p2381
a47,1.0,0.0001,0.01,200000,p2382
a47,1.0,0.0001,0.01,200000,p2383
a47,1.0,0.0001,0.01,200000,p2384
a47,1.0,0.0001,0.01,200000,p2385
a47,1.0,0.0001,0.01,200000,p2386
a47,1.0,0.0001,0.01,200000,p2387
a47,1.0,0.0001,0.01,200000,p2388
a47,1.0,0.0001,0.01,200000,p2389
a47,1.0,0.0001,0.01,200000,p2390
a47,1.0,0.0001,0.01,200000,p2391
a47,1.0,0.0001,0.01,200000,p2392
a47,1.0,0.0001,0.01,200000,p2393
a47,1.0,0.0001,0.01,200000,p2394
a47,1.0,0.0001,0.01,200000,p2395
a47,1.0,0.0001,0.01,200000,p2396
a47,1.0,0.0001,0.01,200000,p2397
a47,1.0,0.0001,0.01,200000,p2398
a47,1.0,0.0001,0.01,200000,p2399
a48,1.0,0.0001,0.1,200000,p2400
a48,1.0,0.0001,0.1,200000,p2401
a48,1.0,0.0001,0.1,200000,p2402
a48,1.0,0.0001,0.1,200000,p2403
a48,1.0,0.0001,0.1,200000,p2404
a48,1.0,0.0001,0.1,200000,p2405
a48,1.0,0.0001,0.1,200000,p2406
a48,1.0,0.0001,0.1,200000,p2407
a48,1.0,0.0001,0.1,200000,p2408
a48,1.0,0.0001,0.1,200000,p2409
a48,1.0,0.0001,0.1,200000,p2410
a48,1.0,0.0001,0.1,200000,p2411
a48,1.0,0.0001,0.1,200000,p2412
a48,1.0,0.0001,0.1,200000,p2413
a48,1.0,0.0001,0.1,200000,p2414
a48,1.0,0.0001,0.1,200000,p2415
a48,1.0,0.0001,0.1,200000,p2416
a48,1.0,0.0001,0.1,200000,p2417
a48,1.0,0.0001,0.1,200000,p2418
a48,1.0,0.0001,0.1,200000,p2419
a48,1.0,0.0001,0.1,200000,p2420
a48,1.0,0.0001,0.1,200000,p2421
a48,1.0,0.0001,0.1,200000,p2422
a48,1.0,0.0001,0.1,200000,p2423
a48,1.0,0.0001,0.1,200000,p2424
a48,1.0,0.0001,0.1,200000,p2425
a48,1.0,0.0001,0.1,200000,p2426
a48,1.0,0.0001,0.1,200000,p2427
a48,1.0,0.0001,0.1,200000,p2428
a48,1.0,0.0001,0.1,200000,p2429
a48,1.0,0.0001,0.1,200000,p2430
a48,1.0,0.0001,0.1,200000,p2431
a48,1.0,0.0001,0.1,200000,p2432
a48,1.0,0.0001,0.1,200000,p2433
a48,1.0,0.0001,0.1,200000,p2434
a48,1.0,0.0001,0.1,200000,p2435
a48,1.0,0.0001,0.1,200000,p2436
a48,1.0,0.0001,0.1,200000,p2437
a48,1.0,0.0001,0.1,200000,p2438
a48,1.0,0.0001,0.1,200000,p2439
a48,1.0,0.0001,0.1,200000,p2440
a48,1.0,0.0001,0.1,200000,p2441
a48,1.0,0.0001,0.1,200000,p2442
a48,1.0,0.0001,0.1,200000,p2443
a48,1.0,0.0001,0.1,200000,p2444
a48,1.0,0.0001,0.1,200000,p2445
a48,1.0,0.0001,0.1,200000,p2446
a48,1.0,0.0001,0.1,200000,p2447
a48,1.0,0.0001,0.1,200000,p2448
a48,1.0,0.0001,0.1,200000,p2449
a49,0.31622776601683794,1e-07,1e-07,16777216,p2450
a49,0.31622776601683794,1e-07,1e-07,16777216,p2451
a49,0.31622776601683794,1e-07,1e-07,16777216,p2452
a49,0.31622776601683794,1e-07,1e-07,16777216,p2453
a49,0.31622776601683794,1e-07,1e-07,16777216,p2454
a49,0.31622776601683794,1e-07,1e-07,16777216,p2455
a49,0.31622776601683794,1e-07,1e-07,16777216,p2456
a49,0.31622776601683794,1e-07,1e-07,16777216,p2457
a49,0.31622776601683794,1e-07,1e-07,16777216,p2458
a49,0.31622776601683794,1e-07,1e-07,16777216,p2459
a49,0.31622776601683794,1e-07,1e-07,16777216,p2460
a49,0.31622776601683794,1e-07,1e-07,16777216,p2461
a49,0.31622776601683794,1e-07,1e-07,16777216,p2462
a49,0.31622776601683794,1e-07,1e-07,16777216,p2463
a49,0.31622776601683794,1e-07,1e-07,16777216,p2464
a49,0.31622776601683794,1e-07,1e-07,16777216,p2465
a49,0.31622776601683794,1e-07,1e-07,16777216,p2466
a49,0.31622776601683794,1e-07,1e-07,16777216,p2467
a49,0.31622776601683794,1e-07,1e-07,16777216,p2468
a49,0.31622776601683794,1e-07,1e-07,16777216,p2469
a49,0.31622776601683794,1e-07,1e-07,16777216,p2470
a49,0.31622776601683794,1e-07,1e-07,16777216,p2471
a49,0.31622776601683794,1e-07,1e-07,16777216,p2472
a49,0.31622776601683794,1e-07,1e-07,16777216,p2473
a49,0.31622776601683794,1e-07,1e-07,16777216,p2474
a49,0.31622776601683794,1e-07,1e-07,16777216,p2475
a49,0.31622776601683794,1e-07,1e-07,16777216,p2476
a49,0.31622776601683794,1e-07,1e-07,16777216,p2477
a49,0.31622776601683794,1e-07,1e-07,16777216,p2478
a49,0.31622776601683794,1e-07,1e-07,16777216,p2479
a49,0.31622776601683794,1e-07,1e-07,16777216,p2480
a49,0.31622776601683794,1e-07,1e-07,16777216,p2481
a49,0.31622776601683794,1e-07,1e-07,16777216,p2482
a49,0.31622776601683794,1e-07,1e-07,16777216,p2483
a49,0.31622776601683794,1e-07,1e-07,16777216,p2484
a49,0.31622776601683794,1e-07,1e-07,16777216,p2485
a49,0.31622776601683794,1e-07,1e-07,16777216,p2486
a49,0.31622776601683794,1e-07,1e-07,16777216,p2487
a49,0.31622776601683794,1e-07,1e-07,16777216,p2488
a49,0.31622776601683794,1e-07,1e-07,16777216,p2489
a49,0.31622776601683794,1e-07,1e-07,16777216,p2490
a49,0.31622776601683794,1e-07,1e-07,16777216,p2491
a49,0.31622776601683794,1e-07,1e-07,16777216,p2492
a49,0.31622776601683794,1e-07,1e-07,16777216,p2493
a49,0.31622776601683794,1e-07,1e-07,16777216,p2494
a49,0.31622776601683794,1e-07,1e-07,16777216,p2495
a49,0.31622776601683794,1e-07,1e-07,16777216,p2496
a49,0.31622776601683794,1e-07,1e-07,16777216,p2497
a49,0.31622776601683794,1e-07,1e-07,16777216,p2498
a49,0.31622776601683794,1e-07,1e-07,16777216,p2499
a50,0.31622776601683794,1e-07,1e-06,16777216,p2500
a50,0.31622776601683794,1e-07,1e-06,16777216,p2501
a50,0.31622776601683794,1e-07,1e-06,16777216,p2502
a50,0.31622776601683794,1e-07,1e-06,16777216,p2503
a50,0.31622776601683794,1e-07,1e-06,16777216,p2504
a50,0.31622776601683794,1e-07,1e-06,16777216,p2505
a50,0.31622776601683794,1e-07,1e-06,16777216,p2506
a50,0.31622776601683794,1e-07,1e-06,16777216,p2507
a50,0.31622776601683794,1e-07,1e-06,16777216,p2508
a50,0.31622776601683794,1e-07,1e-06,16777216,p2509
a50,0.31622776601683794,1e-07,1e-06,16777216,p2510
a50,0.31622776601683794,1e-07,1e-06,16777216,p2511
a50,0.31622776601683794,1e-07,1e-06,16777216,p2512
a50,0.31622776601683794,1e-07,1e-06,16777216,p2513
a50,0.31622776601683794,1e-07,1e-06,16777216,p2514
a50,0.31622776601683794,1e-07,1e-06,16777216,p2515
a50,0.31622776601683794,1e-07,1e-06,16777216,p2516
a50,0.31622776601683794,1e-07,1e-06,16777216,p2517
a50,0.31622776601683794,1e-07,1e-06,16777216,p2518
a50,0.31622776601683794,1e-07,1e-06,16777216,p2519
a50,0.31622776601683794,1e-07,1e-06,16777216,p2520
a50,0.31622776601683794,1e-07,1e-06,16777216,p2521
a50,0.31622776601683794,1e-07,1e-06,16777216,p2522
a50,0.31622776601683794,1e-07,1e-06,16777216,p2523
a50,0.31622776601683794,1e-07,1e-06,16777216,p2524
a50,0.31622776601683794,1e-07,1e-06,16777216,p2525
a50,0.31622776601683794,1e-07,1e-06,16777216,p2526
a50,0.31622776601683794,1e-07,1e-06,16777216,p2527
a50,0.31622776601683794,1e-07,1e-06,16777216,p2528
a50,0.31622776601683794,1e-07,1e-06,16777216,p2529
a50,0.31622776601683794,1e-07,1e-06,16777216,p2530
a50,0.31622776601683794,1e-07,1e-06,16777216,p2531
a50,0.31622776601683794,1e-07,1e-06,16777216,p2532
a50,0.31622776601683794,1e-07,1e-06,16777216,p2533
a50,0.31622776601683794,1e-07,1e-06,16777216,p2534
a50,0.31622776601683794,1e-07,1e-06,16777216,p2535
a50,0.31622776601683794,1e-07,1e-06,16777216,p2536
a50,0.31622776601683794,1e-07,1e-06,16777216,p2537
a50,0.31622776601683794,1e-07,1e-06,16777216,p2538
a50,0.31622776601683794,1e-07,1e-06,16777216,p2539
a50,0.31622776601683794,1e-07,1e-06,16777216,p2540
a50,0.31622776601683794,1e-07,1e-06,16777216,p2541
a50,0.31622776601683794,1e-07,1e-06,16777216,p2542
a50,0.31622776601683794,1e-07,1e-06,16777216,p2543
a50,0.31622776601683794,1e-07,1e-06,16777216,p2544
a50,0.31622776601683794,1e-07,1e-06,16777216,p2545
a50,0.31622776601683794,1e-07,1e-06,16777216,p2546
a50,0.31622776601683794,1e-07,1e-06,16777216,p2547
a50,0.31622776601683794,1e-07,1e-06,16777216,p2548
a50,0.31622776601683794,1e-07,1e-06,16777216,p2549
a51,0.31622776601683794,1e-07,9.999999999999999e-06,16777216,p2550
a51,0.31622776601683794,1e-07,9.999999999999999e-06,16777216,p2551
a51,0.31622776601683794,1e-07,9.999999999999999e-06,16777216,p2552
a51,0.31622776601683794,1e-07,9.999999999999999e-06,16777216,p2553
a51,0.31622776601683794,1e-07,9.999999999999999e-06,16777216,p2554
a51,0.31622776601683794,1e-07,9.999999999999999e-06,16777216,p2555
a51,0.31622776601683794,1e-07,9.999999999999999e-06,16777216,p2556
a51,0.31622776601683794,1e-07,9.999999999999999e-06,16777216,p2557
a51,0.31622776601683794,1e-07,9.999999999999999e-06,16777216,p2558
a51,0.31622776601683794,1e-07,9.999999999999999e-06,16777216,p2559
a51,0.31622776601683794,1e-07,9.999999999999999e-06,16777216,p2560
a51,0.31622776601683794,1e-07,9.999999999999999e-06,16777216,p2561
a51,0.31622776601683794,1e-07,9.999999999999999e-06,16777216,p2562
a51,0.31622776601683794,1e-07,9.999999999999999e-06,16777216,p2563
a51,0.31622776601683794,1e-07,9.999999999999999e-06,16777216,p2564
a51,0.31622776601683794,1e-07,9.999999999999999e-06,16777216,p2565
a51,0.31622776601683794,1e-07,9.999999999999999e-06,16777216,p2566
a51,0.31622776601683794,1e-07,9.999999999999999e-06,16777216,p2567
a51,0.31622776601683794,1e-07,9.999999999999999e-06,16777216,p2568
a51,0.31622776601683794,1e-07,9.999999999999999e-06,16777216,p2569
a51,0.31622776601683794,1e-07,9.999999999999999e-06,16777216,p2570
a51,0.31622776601683794,1e-07,9.999999999999999e-06,16777216,p2571
a51,0.31622776601683794,1e-07,9.999999999999999e-06,16777216,p2572
a51,0.31622776601683794,1e-07,9.999999999999999e-06,16777216,p2573
a51,0.31622776601683794,1e-07,9.999999999999999e-06,16777216,p2574
a51,0.31622776601683794,1e-07,9.999999999999999e-06,16777216,p2575
a51,0.31622776601683794,1e-07,9.999999999999999e-06,16777216,p2576
a51,0.31622776601683794,1e-07,9.999999999999999e-06,16777216,p2577
a51,0.31622776601683794,1e-07,9.999999999999999e-06,16777216,p2578
a51,0.31622776601683794,1e-07,9.999999999999999e-06,16777216,p2579
a51,0.31622776601683794,1e-07,9.999999999999999e-06,16777216,p2580
a51,0.31622776601683794,1e-07,9.999999999999999e-06,16777216,p2581
a51,0.31622776601683794,1e-07,9.999999999999999e-06,16777216,p2582
a51,0.31622776601683794,1e-07,9.999999999999999e-06,16777216,p2583
a51,0.31622776601683794,1e-07,9.999999999999999e-06,16777216,p2584
a51,0.31622776601683794,1e-07,9.999999999999999e-06,16777216,p2585
a51,0.31622776601683794,1e-07,9.999999999999999e-06,16777216,p2586
a51,0.31622776601683794,1e-07,9.999999999999999e-06,16777216,p2587
a51,0.31622776601683794,1e-07,9.999999999999999e-06,16777216,p2588
a51,0.31622776601683794,1e-07,9.999999999999999e-06,16777216,p2589
a51,0.31622776601683794,1e-07,9.999999999999999e-06,16777216,p2590
a51,0.31622776601683794,1e-07,9.999999999999999e-06,16777216,p2591
a51,0.31622776601683794,1e-07,9.999999999999999e-06,16777216,p2592
a51,0.31622776601683794,1e-07,9.999999999999999e-06,16777216,p2593
a51,0.31622776601683794,1e-07,9.999999999999999e-06,16777216,p2594
a51,0.31622776601683794,1e-07,9.999999999999999e-06,16777216,p2595
a51,0.31622776601683794,1e-07,9.999999999999999e-06,16777216,p2596
a51,0.31622776601683794,1e-07,9.999999999999999e-06,16777216,p2597
a51,0.31622776601683794,1e-07,9.999999999999999e-06,16777216,p2598
a51,0.31622776601683794,1e-07,9.999999999999999e-06,16777216,p2599
a52,0.31622776601683794,1e-07,0.0001,16777216,p2600
a52,0.31622776601683794,1e-07,0.0001,16777216,p2601
a52,0.31622776601683794,1e-07,0.0001,16777216,p2602
a52,0.31622776601683794,1e-07,0.0001,16777216,p2603
a52,0.31622776601683794,1e-07,0.0001,16777216,p2604
a52,0.31622776601683794,1e-07,0.0001,16777216,p2605
a52,0.31622776601683794,1e-07,0.0001,16777216,p2606
a52,0.31622776601683794,1e-07,0.0001,16777216,p2607
a52,0.31622776601683794,1e-07,0.0001,16777216,p2608
a52,0.31622776601683794,1e-07,0.0001,16777216,p2609
a52,0.31622776601683794,1e-07,0.0001,16777216,p2610
a52,0.31622776601683794,1e-07,0.0001,16777216,p2611
a52,0.31622776601683794,1e-07,0.0001,16777216,p2612
a52,0.31622776601683794,1e-07,0.0001,16777216,p2613
a52,0.31622776601683794,1e-07,0.0001,16777216,p2614
a52,0.31622776601683794,1e-07,0.0001,16777216,p2615
a52,0.31622776601683794,1e-07,0.0001,16777216,p2616
a52,0.31622776601683794,1e-07,0.0001,16777216,p2617
a52,0.31622776601683794,1e-07,0.0001,16777216,p2618
a52,0.31622776601683794,1e-07,0.0001,16777216,p2619
a52,0.31622776601683794,1e-07,0.0001,16777216,p2620
a52,0.31622776601683794,1e-07,0.0001,16777216,p2621
a52,0.31622776601683794,1e-07,0.0001,16777216,p2622
a52,0.31622776601683794,1e-07,0.0001,16777216,p2623
a52,0.31622776601683794,1e-07,0.0001,16777216,p2624
a52,0.31622776601683794,1e-07,0.0001,16777216,p2625
a52,0.31622776601683794,1e-07,0.0001,16777216,p2626
a52,0.31622776601683794,1e-07,0.0001,16777216,p2627
a52,0.31622776601683794,1e-07,0.0001,16777216,p2628
a52,0.31622776601683794,1e-07,0.0001,16777216,p2629
a52,0.31622776601683794,1e-07,0.0001,16777216,p2630
a52,0.31622776601683794,1e-07,0.0001,16777216,p2631
a52,0.31622776601683794,1e-07,0.0001,16777216,p2632
a52,0.31622776601683794,1e-07,0.0001,16777216,p2633
a52,0.31622776601683794,1e-07,0.0001,16777216,p2634
a52,0.31622776601683794,1e-07,0.0001,16777216,p2635
a52,0.31622776601683794,1e-07,0.0001,16777216,p2636
a52,0.31622776601683794,1e-07,0.0001,16777216,p2637
a52,0.31622776601683794,1e-07,0.0001,16777216,p2638
a52,0.31622776601683794,1e-07,0.0001,16777216,p2639
a52,0.31622776601683794,1e-07,0.0001,16777216,p2640
a52,0.31622776601683794,1e-07,0.0001,16777216,p2641
a52,0.31622776601683794,1e-07,0.0001,16777216,p2642
a52,0.31622776601683794,1e-07,0.0001,16777216,p2643
a52,0.31622776601683794,1e-07,0.0001,16777216,p2644
a52,0.31622776601683794,1e-07,0.0001,16777216,p2645
a52,0.31622776601683794,1e-07,0.0001,16777216,p2646
a52,0.31622776601683794,1e-07,0.0001,16777216,p2647
a52,0.31622776601683794,1e-07,0.0001,16777216,p2648
a52,0.31622776601683794,1e-07,0.0001,16777216,p2649
a53,0.31622776601683794,1e-07,0.001,16777216,p2650
a53,0.31622776601683794,1e-07,0.001,16777216,p2651
a53,0.31622776601683794,1e-07,0.001,16777216,p2652
a53,0.31622776601683794,1e-07,0.001,16777216,p2653
a53,0.31622776601683794,1e-07,0.001,16777216,p2654
a53,0.31622776601683794,1e-07,0.001,16777216,p2655
a53,0.31622776601683794,1e-07,0.001,16777216,p2656
a53,0.31622776601683794,1e-07,0.001,16777216,p2657
a53,0.31622776601683794,1e-07,0.001,16777216,p2658
a53,0.31622776601683794,1e-07,0.001,16777216,p2659
a53,0.31622776601683794,1e-07,0.001,16777216,p2660
a53,0.31622776601683794,1e-07,0.001,16777216,p2661
a53,0.31622776601683794,1e-07,0.001,16777216,p2662
a53,0.31622776601683794,1e-07,0.001,16777216,p2663
a53,0.31622776601683794,1e-07,0.001,16777216,p2664
a53,0.31622776601683794,1e-07,0.001,16777216,p2665
a53,0.31622776601683794,1e-07,0.001,16777216,p2666
a53,0.31622776601683794,1e-07,0.001,16777216,p2667
a53,0.31622776601683794,1e-07,0.001,16777216,p2668
a53,0.31622776601683794,1e-07,0.001,16777216,p2669
a53,0.31622776601683794,1e-07,0.001,16777216,p2670
a53,0.31622776601683794,1e-07,0.001,16777216,p2671
a53,0.31622776601683794,1e-07,0.001,16777216,p2672
a53,0.31622776601683794,1e-07,0.001,16777216,p2673
a53,0.31622776601683794,1e-07,0.001,16777216,p2674
a53,0.31622776601683794,1e-07,0.001,16777216,p2675
a53,0.31622776601683794,1e-07,0.001,16777216,p2676
a53,0.31622776601683794,1e-07,0.001,16777216,p2677
a53,0.31622776601683794,1e-07,0.001,16777216,p2678
a53,0.31622776601683794,1e-07,0.001,16777216,p2679
a53,0.31622776601683794,1e-07,0.001,16777216,p2680
a53,0.31622776601683794,1e-07,0.001,16777216,p2681
a53,0.31622776601683794,1e-07,0.001,16777216,p2682
a53,0.31622776601683794,1e-07,0.001,16777216,p2683
a53,0.31622776601683794,1e-07,0.001,16777216,p2684
a53,0.31622776601683794,1e-07,0.001,16777216,p2685
a53,0.31622776601683794,1e-07,0.001,16777216,p2686
a53,0.31622776601683794,1e-07,0.001,16777216,p2687
a53,0.31622776601683794,1e-07,0.001,16777216,p2688
a53,0.31622776601683794,1e-07,0.001,16777216,p2689
a53,0.31622776601683794,1e-07,0.001,16777216,p2690
a53,0.31622776601683794,1e-07,0.001,16777216,p2691
a53,0.31622776601683794,1e-07,0.001,16777216,p2692
a53,0.31622776601683794,1e-07,0.001,16777216,p2693
a53,0.31622776601683794,1e-07,0.001,16777216,p2694
a53,0.31622776601683794,1e-07,0.001,16777216,p2695
a53,0.31622776601683794,1e-07,0.001,16777216,p2696
a53,0.31622776601683794,1e-07,0.001,16777216,p2697
a53,0.31622776601683794,1e-07,0.001,16777216,p2698
a53,0.31622776601683794,1e-07,0.001,16777216,p2699
a54,0.31622776601683794,1e-07,0.01,16777216,p2700
a54,0.31622776601683794,1e-07,0.01,16777216,p2701
a54,0.31622776601683794,1e-07,0.01,16777216,p2702
a54,0.31622776601683794,1e-07,0.01,16777216,p2703
a54,0.31622776601683794,1e-07,0.01,16777216,p2704
a54,0.31622776601683794,1e-07,0.01,16777216,p2705
a54,0.31622776601683794,1e-07,0.01,16777216,p2706
a54,0.31622776601683794,1e-07,0.01,16777216,p2707
a54,0.31622776601683794,1e-07,0.01,16777216,p2708
a54,0.31622776601683794,1e-07,0.01,16777216,p2709
a54,0.31622776601683794,1e-07,0.01,16777216,p2710
a54,0.31622776601683794,1e-07,0.01,16777216,p2711
a54,0.31622776601683794,1e-07,0.01,16777216,p2712
a54,0.31622776601683794,1e-07,0.01,16777216,p2713
a54,0.31622776601683794,1e-07,0.01,16777216,p2714
a54,0.31622776601683794,1e-07,0.01,16777216,p2715
a54,0.31622776601683794,1e-07,0.01,16777216,p2716
a54,0.31622776601683794,1e-07,0.01,16777216,p2717
a54,0.31622776601683794,1e-07,0.01,16777216,p2718
a54,0.31622776601683794,1e-07,0.01,16777216,p2719
a54,0.31622776601683794,1e-07,0.01,16777216,p2720
a54,0.31622776601683794,1e-07,0.01,16777216,p2721
a54,0.31622776601683794,1e-07,0.01,16777216,p2722
a54,0.31622776601683794,1e-07,0.01,16777216,p2723
a54,0.31622776601683794,1e-07,0.01,16777216,p2724
a54,0.31622776601683794,1e-07,0.01,16777216,p2725
a54,0.31622776601683794,1e-07,0.01,16777216,p2726
a54,0.31622776601683794,1e-07,0.01,16777216,p2727
a54,0.31622776601683794,1e-07,0.01,16777216,p2728
a54,0.31622776601683794,1e-07,0.01,16777216,p2729
a54,0.31622776601683794,1e-07,0.01,16777216,p2730
a54,0.31622776601683794,1e-07,0.01,16777216,p2731
a54,0.31622776601683794,1e-07,0.01,16777216,p2732
a54,0.31622776601683794,1e-07,0.01,16777216,p2733
a54,0.31622776601683794,1e-07,0.01,16777216,p2734
a54,0.31622776601683794,1e-07,0.01,16777216,p2735
a54,0.31622776601683794,1e-07,0.01,16777216,p2736
a54,0.31622776601683794,1e-07,0.01,16777216,p2737
a54,0.31622776601683794,1e-07,0.01,16777216,p2738
a54,0.31622776601683794,1e-07,0.01,16777216,p2739
a54,0.31622776601683794,1e-07,0.01,16777216,p2740
a54,0.31622776601683794,1e-07,0.01,16777216,p2741
a54,0.31622776601683794,1e-07,0.01,16777216,p2742
a54,0.31622776601683794,1e-07,0.01,16777216,p2743
a54,0.31622776601683794,1e-07,0.01,16777216,p2744
a54,0.31622776601683794,1e-07,0.01,16777216,p2745
a54,0.31622776601683794,1e-07,0.01,16777216,p2746
a54,0.31622776601683794,1e-07,0.01,16777216,p2747
a54,0.31622776601683794,1e-07,0.01,16777216,p2748
a54,0.31622776601683794,1e-07,0.01,16777216,p2749
a55,0.31622776601683794,1e-07,0.1,16777216,p2750
a55,0.31622776601683794,1e-07,0.1,16777216,p2751
a55,0.31622776601683794,1e-07,0.1,16777216,p2752
a55,0.31622776601683794,1e-07,0.1,16777216,p2753
a55,0.31622776601683794,1e-07,0.1,16777216,p2754
a55,0.31622776601683794,1e-07,0.1,16777216,p2755
a55,0.31622776601683794,1e-07,0.1,16777216,p2756
a55,0.31622776601683794,1e-07,0.1,16777216,p2757
a55,0.31622776601683794,1e-07,0.1,16777216,p2758
a55,0.31622776601683794,1e-07,0.1,16777216,p2759
a55,0.31622776601683794,1e-07,0.1,16777216,p2760
a55,0.31622776601683794,1e-07,0.1,16777216,p2761
a55,0.31622776601683794,1e-07,0.1,16777216,p2762
a55,0.31622776601683794,1e-07,0.1,16777216,p2763
a55,0.31622776601683794,1e-07,0.1,16777216,p2764
a55,0.31622776601683794,1e-07,0.1,16777216,p2765
a55,0.31622776601683794,1e-07,0.1,16777216,p2766
a55,0.31622776601683794,1e-07,0.1,16777216,p2767
a55,0.31622776601683794,1e-07,0.1,16777216,p2768
a55,0.31622776601683794,1e-07,0.1,16777216,p2769
a55,0.31622776601683794,1e-07,0.1,16777216,p2770
a55,0.31622776601683794,1e-07,0.1,16777216,p2771
a55,0.31622776601683794,1e-07,0.1,16777216,p2772
a55,0.31622776601683794,1e-07,0.1,16777216,p2773
a55,0.31622776601683794,1e-07,0.1,16777216,p2774
a55,0.31622776601683794,1e-07,0.1,16777216,p2775
a55,0.31622776601683794,1e-07,0.1,16777216,p2776
a55,0.31622776601683794,1e-07,0.1,16777216,p2777
a55,0.31622776601683794,1e-07,0.1,16777216,p2778
a55,0.31622776601683794,1e-07,0.1,16777216,p2779
a55,0.31622776601683794,1e-07,0.1,16777216,p2780
a55,0.31622776601683794,1e-07,0.1,16777216,p2781
a55,0.31622776601683794,1e-07,0.1,16777216,p2782
a55,0.31622776601683794,1e-07,0.1,16777216,p2783
a55,0.31622776601683794,1e-07,0.1,16777216,p2784
a55,0.31622776601683794,1e-07,0.1,16777216,p2785
a55,0.31622776601683794,1e-07,0.1,16777216,p2786
a55,0.31622776601683794,1e-07,0.1,16777216,p2787
a55,0.31622776601683794,1e-07,0.1,16777216,p2788
a55,0.31622776601683794,1e-07,0.1,16777216,p2789
a55,0.31622776601683794,1e-07,0.1,16777216,p2790
a55,0.31622776601683794,1e-07,0.1,16777216,p2791
a55,0.31622776601683794,1e-07,0.1,16777216,p2792
a55,0.31622776601683794,1e-07,0.1,16777216,p2793
a55,0.31622776601683794,1e-07,0.1,16777216,p2794
a55,0.31622776601683794,1e-07,0.1,16777216,p2795
a55,0.31622776601683794,1e-07,0.1,16777216,p2796
a55,0.31622776601683794,1e-07,0.1,16777216,p2797
a55,0.31622776601683794,1e-07,0.1,16777216,p2798
a55,0.31622776601683794,1e-07,0.1,16777216,p2799
a56,0.31622776601683794,3.162277660168379e-07,1e-07,16777216,p2800
a56,0.31622776601683794,3.162277660168379e-07,1e-07,16777216,p2801
a56,0.31622776601683794,3.162277660168379e-07,1e-07,16777216,p2802
a56,0.31622776601683794,3.162277660168379e-07,1e-07,16777216,p2803
a56,0.31622776601683794,3.162277660168379e-07,1e-07,16777216,p2804
a56,0.31622776601683794,3.162277660168379e-07,1e-07,16777216,p2805
a56,0.31622776601683794,3.162277660168379e-07,1e-07,16777216,p2806
a56,0.31622776601683794,3.162277660168379e-07,1e-07,16777216,p2807
a56,0.31622776601683794,3.162277660168379e-07,1e-07,16777216,p2808
a56,0.31622776601683794,3.162277660168379e-07,1e-07,16777216,p2809
a56,0.31622776601683794,3.162277660168379e-07,1e-07,16777216,p2810
a56,0.31622776601683794,3.162277660168379e-07,1e-07,16777216,p2811
a56,0.31622776601683794,3.162277660168379e-07,1e-07,16777216,p2812
a56,0.31622776601683794,3.162277660168379e-07,1e-07,16777216,p2813
a56,0.31622776601683794,3.162277660168379e-07,1e-07,16777216,p2814
a56,0.31622776601683794,3.162277660168379e-07,1e-07,16777216,p2815
a56,0.31622776601683794,3.162277660168379e-07,1e-07,16777216,p2816
a56,0.31622776601683794,3.162277660168379e-07,1e-07,16777216,p2817
a56,0.31622776601683794,3.162277660168379e-07,1e-07,16777216,p2818
a56,0.31622776601683794,3.162277660168379e-07,1e-07,16777216,p2819
a56,0.31622776601683794,3.162277660168379e-07,1e-07,16777216,p2820
a56,0.31622776601683794,3.162277660168379e-07,1e-07,16777216,p2821
a56,0.31622776601683794,3.162277660168379e-07,1e-07,16777216,p2822
a56,0.31622776601683794,3.162277660168379e-07,1e-07,16777216,p2823
a56,0.31622776601683794,3.162277660168379e-07,1e-07,16777216,p2824
a56,0.31622776601683794,3.162277660168379e-07,1e-07,16777216,p2825
a56,0.31622776601683794,3.162277660168379e-07,1e-07,16777216,p2826
a56,0.31622776601683794,3.162277660168379e-07,1e-07,16777216,p2827
a56,0.31622776601683794,3.162277660168379e-07,1e-07,16777216,p2828
a56,0.31622776601683794,3.162277660168379e-07,1e-07,16777216,p2829
a56,0.31622776601683794,3.162277660168379e-07,1e-07,16777216,p2830
a56,0.31622776601683794,3.162277660168379e-07,1e-07,16777216,p2831
a56,0.31622776601683794,3.162277660168379e-07,1e-07,16777216,p2832
a56,0.31622776601683794,3.162277660168379e-07,1e-07,16777216,p2833
a56,0.31622776601683794,3.162277660168379e-07,1e-07,16777216,p2834
a56,0.31622776601683794,3.162277660168379e-07,1e-07,16777216,p2835
a56,0.31622776601683794,3.162277660168379e-07,1e-07,16777216,p2836
a56,0.31622776601683794,3.162277660168379e-07,1e-07,16777216,p2837
a56,0.31622776601683794,3.162277660168379e-07,1e-07,16777216,p2838
a56,0.31622776601683794,3.162277660168379e-07,1e-07,16777216,p2839
a56,0.31622776601683794,3.162277660168379e-07,1e-07,16777216,p2840
a56,0.31622776601683794,3.162277660168379e-07,1e-07,16777216,p2841
a56,0.31622776601683794,3.162277660168379e-07,1e-07,16777216,p2842
a56,0.31622776601683794,3.162277660168379e-07,1e-07,16777216,p2843
a56,0.31622776601683794,3.162277660168379e-07,1e-07,16777216,p2844
a56,0.31622776601683794,3.162277660168379e-07,1e-07,16777216,p2845
a56,0.31622776601683794,3.162277660168379e-07,1e-07,16777216,p2846
a56,0.31622776601683794,3.162277660168379e-07,1e-07,16777216,p2847
a56,0.31622776601683794,3.162277660168379e-07,1e-07,16777216,p2848
a56,0.31622776601683794,3.162277660168379e-07,1e-07,16777216,p2849
a57,0.31622776601683794,3.162277660168379e-07,1e-06,16777216,p2850
a57,0.31622776601683794,3.162277660168379e-07,1e-06,16777216,p2851
a57,0.31622776601683794,3.162277660168379e-07,1e-06,16777216,p2852
a57,0.31622776601683794,3.162277660168379e-07,1e-06,16777216,p2853
a57,0.31622776601683794,3.162277660168379e-07,1e-06,16777216,p2854
a57,0.31622776601683794,3.162277660168379e-07,1e-06,16777216,p2855
a57,0.31622776601683794,3.162277660168379e-07,1e-06,16777216,p2856
a57,0.31622776601683794,3.162277660168379e-07,1e-06,16777216,p2857
a57,0.31622776601683794,3.162277660168379e-07,1e-06,16777216,p2858
a57,0.31622776601683794,3.162277660168379e-07,1e-06,16777216,p2859
a57,0.31622776601683794,3.162277660168379e-07,1e-06,16777216,p2860
a57,0.31622776601683794,3.162277660168379e-07,1e-06,16777216,p2861
a57,0.31622776601683794,3.162277660168379e-07,1e-06,16777216,p2862
a57,0.31622776601683794,3.162277660168379e-07,1e-06,16777216,p2863
a57,0.31622776601683794,3.162277660168379e-07,1e-06,16777216,p2864
a57,0.31622776601683794,3.162277660168379e-07,1e-06,16777216,p2865
a57,0.31622776601683794,3.162277660168379e-07,1e-06,16777216,p2866
a57,0.31622776601683794,3.162277660168379e-07,1e-06,16777216,p2867
a57,0.31622776601683794,3.162277660168379e-07,1e-06,16777216,p2868
a57,0.31622776601683794,3.162277660168379e-07,1e-06,16777216,p2869
a57,0.31622776601683794,3.162277660168379e-07,1e-06,16777216,p2870
a57,0.31622776601683794,3.162277660168379e-07,1e-06,16777216,p2871
a57,0.31622776601683794,3.162277660168379e-07,1e-06,16777216,p2872
a57,0.31622776601683794,3.162277660168379e-07,1e-06,16777216,p2873
a57,0.31622776601683794,3.162277660168379e-07,1e-06,16777216,p2874
a57,0.31622776601683794,3.162277660168379e-07,1e-06,16777216,p2875
a57,0.31622776601683794,3.162277660168379e-07,1e-06,16777216,p2876
a57,0.31622776601683794,3.162277660168379e-07,1e-06,16777216,p2877
a57,0.31622776601683794,3.162277660168379e-07,1e-06,16777216,p2878
a57,0.31622776601683794,3.162277660168379e-07,1e-06,16777216,p2879
a57,0.31622776601683794,3.162277660168379e-07,1e-06,16777216,p2880
a57,0.31622776601683794,3.162277660168379e-07,1e-06,16777216,p2881
a57,0.31622776601683794,3.162277660168379e-07,1e-06,16777216,p2882
a57,0.31622776601683794,3.162277660168379e-07,1e-06,16777216,p2883
a57,0.31622776601683794,3.162277660168379e-07,1e-06,16777216,p2884
a57,0.31622776601683794,3.162277660168379e-07,1e-06,16777216,p2885
a57,0.31622776601683794,3.162277660168379e-07,1e-06,16777216,p2886
a57,0.31622776601683794,3.162277660168379e-07,1e-06,16777216,p2887
a57,0.31622776601683794,3.162277660168379e-07,1e-06,16777216,p2888
a57,0.31622776601683794,3.162277660168379e-07,1e-06,16777216,p2889
a57,0.31622776601683794,3.162277660168379e-07,1e-06,16777216,p2890
a57,0.31622776601683794,3.162277660168379e-07,1e-06,16777216,p2891
a57,0.31622776601683794,3.162277660168379e-07,1e-06,16777216,p2892
a57,0.31622776601683794,3.162277660168379e-07,1e-06,16777216,p2893
a57,0.31622776601683794,3.162277660168379e-07,1e-06,16777216,p2894
a57,0.31622776601683794,3.162277660168379e-07,1e-06,16777216,p2895
a57,0.31622776601683794,3.162277660168379e-07,1e-06,16777216,p2896
a57,0.31622776601683794,3.162277660168379e-07,1e-06,16777216,p2897
a57,0.31622776601683794,3.162277660168379e-07,1e-06,16777216,p2898
a57,0.31622776601683794,3.162277660168379e-07,1e-06,16777216,p2899
a58,0.31622776601683794,3.162277660168379e-07,9.999999999999999e-06,16777216,p2900
a58,0.31622776601683794,3.162277660168379e-07,9.999999999999999e-06,16777216,p2901
a58,0.31622776601683794,3.162277660168379e-07,9.999999999999999e-06,16777216,p2902
a58,0.31622776601683794,3.162277660168379e-07,9.999999999999999e-06,16777216,p2903
a58,0.31622776601683794,3.162277660168379e-07,9.999999999999999e-06,16777216,p2904
a58,0.31622776601683794,3.162277660168379e-07,9.999999999999999e-06,16777216,p2905
a58,0.31622776601683794,3.162277660168379e-07,9.999999999999999e-06,16777216,p2906
a58,0.31622776601683794,3.162277660168379e-07,9.999999999999999e-06,16777216,p2907
a58,0.31622776601683794,3.162277660168379e-07,9.999999999999999e-06,16777216,p2908
a58,0.31622776601683794,3.162277660168379e-07,9.999999999999999e-06,16777216,p2909
a58,0.31622776601683794,3.162277660168379e-07,9.999999999999999e-06,16777216,p2910
a58,0.31622776601683794,3.162277660168379e-07,9.999999999999999e-06,16777216,p2911
a58,0.31622776601683794,3.162277660168379e-07,9.999999999999999e-06,16777216,p2912
a58,0.31622776601683794,3.162277660168379e-07,9.999999999999999e-06,16777216,p2913
a58,0.31622776601683794,3.162277660168379e-07,9.999999999999999e-06,16777216,p2914
a58,0.31622776601683794,3.162277660168379e-07,9.999999999999999e-06,16777216,p2915
a58,0.31622776601683794,3.162277660168379e-07,9.999999999999999e-06,16777216,p2916
a58,0.31622776601683794,3.162277660168379e-07,9.999999999999999e-06,16777216,p2917
a58,0.31622776601683794,3.162277660168379e-07,9.999999999999999e-06,16777216,p2918
a58,0.31622776601683794,3.162277660168379e-07,9.999999999999999e-06,16777216,p2919
a58,0.31622776601683794,3.162277660168379e-07,9.999999999999999e-06,16777216,p2920
a58,0.31622776601683794,3.162277660168379e-07,9.999999999999999e-06,16777216,p2921
a58,0.31622776601683794,3.162277660168379e-07,9.999999999999999e-06,16777216,p2922
a58,0.31622776601683794,3.162277660168379e-07,9.999999999999999e-06,16777216,p2923
a58,0.31622776601683794,3.162277660168379e-07,9.999999999999999e-06,16777216,p2924
a58,0.31622776601683794,3.162277660168379e-07,9.999999999999999e-06,16777216,p2925
a58,0.31622776601683794,3.162277660168379e-07,9.999999999999999e-06,16777216,p2926
a58,0.31622776601683794,3.162277660168379e-07,9.999999999999999e-06,16777216,p2927
a58,0.31622776601683794,3.162277660168379e-07,9.999999999999999e-06,16777216,p2928
a58,0.31622776601683794,3.162277660168379e-07,9.999999999999999e-06,16777216,p2929
a58,0.31622776601683794,3.162277660168379e-07,9.999999999999999e-06,16777216,p2930
a58,0.31622776601683794,3.162277660168379e-07,9.999999999999999e-06,16777216,p2931
a58,0.31622776601683794,3.162277660168379e-07,9.999999999999999e-06,16777216,p2932
a58,0.31622776601683794,3.162277660168379e-07,9.999999999999999e-06,16777216,p2933
a58,0.31622776601683794,3.162277660168379e-07,9.999999999999999e-06,16777216,p2934
a58,0.31622776601683794,3.162277660168379e-07,9.999999999999999e-06,16777216,p2935
a58,0.31622776601683794,3.162277660168379e-07,9.999999999999999e-06,16777216,p2936
a58,0.31622776601683794,3.162277660168379e-07,9.999999999999999e-06,16777216,p2937
a58,0.31622776601683794,3.162277660168379e-07,9.999999999999999e-06,16777216,p2938
a58,0.31622776601683794,3.162277660168379e-07,9.999999999999999e-06,16777216,p2939
a58,0.31622776601683794,3.162277660168379e-07,9.999999999999999e-06,16777216,p2940
a58,0.31622776601683794,3.162277660168379e-07,9.999999999999999e-06,16777216,p2941
a58,0.31622776601683794,3.162277660168379e-07,9.999999999999999e-06,16777216,p2942
a58,0.31622776601683794,3.162277660168379e-07,9.999999999999999e-06,16777216,p2943
a58,0.31622776601683794,3.162277660168379e-07,9.999999999999999e-06,16777216,p2944
a58,0.31622776601683794,3.162277660168379e-07,9.999999999999999e-06,16777216,p2945
a58,0.31622776601683794,3.162277660168379e-07,9.999999999999999e-06,16777216,p2946
a58,0.31622776601683794,3.162277660168379e-07,9.999999999999999e-06,16777216,p2947
a58,0.31622776601683794,3.162277660168379e-07,9.999999999999999e-06,16777216,p2948
a58,0.31622776601683794,3.162277660168379e-07,9.999999999999999e-06,16777216,p2949
a59,0.31622776601683794,3.162277660168379e-07,0.0001,16777216,p2950
a59,0.31622776601683794,3.162277660168379e-07,0.0001,16777216,p2951
a59,0.31622776601683794,3.162277660168379e-07,0.0001,16777216,p2952
a59,0.31622776601683794,3.162277660168379e-07,0.0001,16777216,p2953
a59,0.31622776601683794,3.162277660168379e-07,0.0001,16777216,p2954
a59,0.31622776601683794,3.162277660168379e-07,0.0001,16777216,p2955
a59,0.31622776601683794,3.162277660168379e-07,0.0001,16777216,p2956
a59,0.31622776601683794,3.162277660168379e-07,0.0001,16777216,p2957
a59,0.31622776601683794,3.162277660168379e-07,0.0001,16777216,p2958
a59,0.31622776601683794,3.162277660168379e-07,0.0001,16777216,p2959
a59,0.31622776601683794,3.162277660168379e-07,0.0001,16777216,p2960
a59,0.31622776601683794,3.162277660168379e-07,0.0001,16777216,p2961
a59,0.31622776601683794,3.162277660168379e-07,0.0001,16777216,p2962
a59,0.31622776601683794,3.162277660168379e-07,0.0001,16777216,p2963
a59,0.31622776601683794,3.162277660168379e-07,0.0001,16777216,p2964
a59,0.31622776601683794,3.162277660168379e-07,0.0001,16777216,p2965
a59,0.31622776601683794,3.162277660168379e-07,0.0001,16777216,p2966
a59,0.31622776601683794,3.162277660168379e-07,0.0001,16777216,p2967
a59,0.31622776601683794,3.162277660168379e-07,0.0001,16777216,p2968
a59,0.31622776601683794,3.162277660168379e-07,0.0001,16777216,p2969
a59,0.31622776601683794,3.162277660168379e-07,0.0001,16777216,p2970
a59,0.31622776601683794,3.162277660168379e-07,0.0001,16777216,p2971
a59,0.31622776601683794,3.162277660168379e-07,0.0001,16777216,p2972
a59,0.31622776601683794,3.162277660168379e-07,0.0001,16777216,p2973
a59,0.31622776601683794,3.162277660168379e-07,0.0001,16777216,p2974
a59,0.31622776601683794,3.162277660168379e-07,0.0001,16777216,p2975
a59,0.31622776601683794,3.162277660168379e-07,0.0001,16777216,p2976
a59,0.31622776601683794,3.162277660168379e-07,0.0001,16777216,p2977
a59,0.31622776601683794,3.162277660168379e-07,0.0001,16777216,p2978
a59,0.31622776601683794,3.162277660168379e-07,0.0001,16777216,p2979
a59,0.31622776601683794,3.162277660168379e-07,0.0001,16777216,p2980
a59,0.31622776601683794,3.162277660168379e-07,0.0001,16777216,p2981
a59,0.31622776601683794,3.162277660168379e-07,0.0001,16777216,p2982
a59,0.31622776601683794,3.162277660168379e-07,0.0001,16777216,p2983
a59,0.31622776601683794,3.162277660168379e-07,0.0001,16777216,p2984
a59,0.31622776601683794,3.162277660168379e-07,0.0001,16777216,p2985
a59,0.31622776601683794,3.162277660168379e-07,0.0001,16777216,p2986
a59,0.31622776601683794,3.162277660168379e-07,0.0001,16777216,p2987
a59,0.31622776601683794,3.162277660168379e-07,0.0001,16777216,p2988
a59,0.31622776601683794,3.162277660168379e-07,0.0001,16777216,p2989
a59,0.31622776601683794,3.162277660168379e-07,0.0001,16777216,p2990
a59,0.31622776601683794,3.162277660168379e-07,0.0001,16777216,p2991
a59,0.31622776601683794,3.162277660168379e-07,0.0001,16777216,p2992
a59,0.31622776601683794,3.162277660168379e-07,0.0001,16777216,p2993
a59,0.31622776601683794,3.162277660168379e-07,0.0001,16777216,p2994
a59,0.31622776601683794,3.162277660168379e-07,0.0001,16777216,p2995
a59,0.31622776601683794,3.162277660168379e-07,0.0001,16777216,p2996
a59,0.31622776601683794,3.162277660168379e-07,0.0001,16777216,p2997
a59,0.31622776601683794,3.162277660168379e-07,0.0001,16777216,p2998
a59,0.31622776601683794,3.162277660168379e-07,0.0001,16777216,p2999
a60,0.31622776601683794,3.162277660168379e-07,0.001,16777216,p3000
a60,0.31622776601683794,3.162277660168379e-07,0.001,16777216,p3001
a60,0.31622776601683794,3.162277660168379e-07,0.001,16777216,p3002
a60,0.31622776601683794,3.162277660168379e-07,0.001,16777216,p3003
a60,0.31622776601683794,3.162277660168379e-07,0.001,16777216,p3004
a60,0.31622776601683794,3.162277660168379e-07,0.001,16777216,p3005
a60,0.31622776601683794,3.162277660168379e-07,0.001,16777216,p3006
a60,0.31622776601683794,3.162277660168379e-07,0.001,16777216,p3007
a60,0.31622776601683794,3.162277660168379e-07,0.001,16777216,p3008
a60,0.31622776601683794,3.162277660168379e-07,0.001,16777216,p3009
a60,0.31622776601683794,3.162277660168379e-07,0.001,16777216,p3010
a60,0.31622776601683794,3.162277660168379e-07,0.001,16777216,p3011
a60,0.31622776601683794,3.162277660168379e-07,0.001,16777216,p3012
a60,0.31622776601683794,3.162277660168379e-07,0.001,16777216,p3013
a60,0.31622776601683794,3.162277660168379e-07,0.001,16777216,p3014
a60,0.31622776601683794,3.162277660168379e-07,0.001,16777216,p3015
a60,0.31622776601683794,3.162277660168379e-07,0.001,16777216,p3016
a60,0.31622776601683794,3.162277660168379e-07,0.001,16777216,p3017
a60,0.31622776601683794,3.162277660168379e-07,0.001,16777216,p3018
a60,0.31622776601683794,3.162277660168379e-07,0.001,16777216,p3019
a60,0.31622776601683794,3.162277660168379e-07,0.001,16777216,p3020
a60,0.31622776601683794,3.162277660168379e-07,0.001,16777216,p3021
a60,0.31622776601683794,3.162277660168379e-07,0.001,16777216,p3022
a60,0.31622776601683794,3.162277660168379e-07,0.001,16777216,p3023
a60,0.31622776601683794,3.162277660168379e-07,0.001,16777216,p3024
a60,0.31622776601683794,3.162277660168379e-07,0.001,16777216,p3025
a60,0.31622776601683794,3.162277660168379e-07,0.001,16777216,p3026
a60,0.31622776601683794,3.162277660168379e-07,0.001,16777216,p3027
a60,0.31622776601683794,3.162277660168379e-07,0.001,16777216,p3028
a60,0.31622776601683794,3.162277660168379e-07,0.001,16777216,p3029
a60,0.31622776601683794,3.162277660168379e-07,0.001,16777216,p3030
a60,0.31622776601683794,3.162277660168379e-07,0.001,16777216,p3031
a60,0.31622776601683794,3.162277660168379e-07,0.001,16777216,p3032
a60,0.31622776601683794,3.162277660168379e-07,0.001,16777216,p3033
a60,0.31622776601683794,3.162277660168379e-07,0.001,16777216,p3034
a60,0.31622776601683794,3.162277660168379e-07,0.001,16777216,p3035
a60,0.31622776601683794,3.162277660168379e-07,0.001,16777216,p3036
a60,0.31622776601683794,3.162277660168379e-07,0.001,16777216,p3037
a60,0.31622776601683794,3.162277660168379e-07,0.001,16777216,p3038
a60,0.31622776601683794,3.162277660168379e-07,0.001,16777216,p3039
a60,0.31622776601683794,3.162277660168379e-07,0.001,16777216,p3040
a60,0.31622776601683794,3.162277660168379e-07,0.001,16777216,p3041
a60,0.31622776601683794,3.162277660168379e-07,0.001,16777216,p3042
a60,0.31622776601683794,3.162277660168379e-07,0.001,16777216,p3043
a60,0.31622776601683794,3.162277660168379e-07,0.001,16777216,p3044
a60,0.31622776601683794,3.162277660168379e-07,0.001,16777216,p3045
a60,0.31622776601683794,3.162277660168379e-07,0.001,16777216,p3046
a60,0.31622776601683794,3.162277660168379e-07,0.001,16777216,p3047
a60,0.31622776601683794,3.162277660168379e-07,0.001,16777216,p3048
a60,0.31622776601683794,3.162277660168379e-07,0.001,16777216,p3049
a61,0.31622776601683794,3.162277660168379e-07,0.01,16777216,p3050
a61,0.31622776601683794,3.162277660168379e-07,0.01,16777216,p3051
a61,0.31622776601683794,3.162277660168379e-07,0.01,16777216,p3052
a61,0.31622776601683794,3.162277660168379e-07,0.01,16777216,p3053
a61,0.31622776601683794,3.162277660168379e-07,0.01,16777216,p3054
a61,0.31622776601683794,3.162277660168379e-07,0.01,16777216,p3055
a61,0.31622776601683794,3.162277660168379e-07,0.01,16777216,p3056
a61,0.31622776601683794,3.162277660168379e-07,0.01,16777216,p3057
a61,0.31622776601683794,3.162277660168379e-07,0.01,16777216,p3058
a61,0.31622776601683794,3.162277660168379e-07,0.01,16777216,p3059
a61,0.31622776601683794,3.162277660168379e-07,0.01,16777216,p3060
a61,0.31622776601683794,3.162277660168379e-07,0.01,16777216,p3061
a61,0.31622776601683794,3.162277660168379e-07,0.01,16777216,p3062
a61,0.31622776601683794,3.162277660168379e-07,0.01,16777216,p3063
a61,0.31622776601683794,3.162277660168379e-07,0.01,16777216,p3064
a61,0.31622776601683794,3.162277660168379e-07,0.01,16777216,p3065
a61,0.31622776601683794,3.162277660168379e-07,0.01,16777216,p3066
a61,0.31622776601683794,3.162277660168379e-07,0.01,16777216,p3067
a61,0.31622776601683794,3.162277660168379e-07,0.01,16777216,p3068
a61,0.31622776601683794,3.162277660168379e-07,0.01,16777216,p3069
a61,0.31622776601683794,3.162277660168379e-07,0.01,16777216,p3070
a61,0.31622776601683794,3.162277660168379e-07,0.01,16777216,p3071
a61,0.31622776601683794,3.162277660168379e-07,0.01,16777216,p3072
a61,0.31622776601683794,3.162277660168379e-07,0.01,16777216,p3073
a61,0.31622776601683794,3.162277660168379e-07,0.01,16777216,p3074
a61,0.31622776601683794,3.162277660168379e-07,0.01,16777216,p3075
a61,0.31622776601683794,3.162277660168379e-07,0.01,16777216,p3076
a61,0.31622776601683794,3.162277660168379e-07,0.01,16777216,p3077
a61,0.31622776601683794,3.162277660168379e-07,0.01,16777216,p3078
a61,0.31622776601683794,3.162277660168379e-07,0.01,16777216,p3079
a61,0.31622776601683794,3.162277660168379e-07,0.01,16777216,p3080
a61,0.31622776601683794,3.162277660168379e-07,0.01,16777216,p3081
a61,0.31622776601683794,3.162277660168379e-07,0.01,16777216,p3082
a61,0.31622776601683794,3.162277660168379e-07,0.01,16777216,p3083
a61,0.31622776601683794,3.162277660168379e-07,0.01,16777216,p3084
a61,0.31622776601683794,3.162277660168379e-07,0.01,16777216,p3085
a61,0.31622776601683794,3.162277660168379e-07,0.01,16777216,p3086
a61,0.31622776601683794,3.162277660168379e-07,0.01,16777216,p3087
a61,0.31622776601683794,3.162277660168379e-07,0.01,16777216,p3088
a61,0.31622776601683794,3.162277660168379e-07,0.01,16777216,p3089
a61,0.31622776601683794,3.162277660168379e-07,0.01,16777216,p3090
a61,0.31622776601683794,3.162277660168379e-07,0.01,16777216,p3091
a61,0.31622776601683794,3.162277660168379e-07,0.01,16777216,p3092
a61,0.31622776601683794,3.162277660168379e-07,0.01,16777216,p3093
a61,0.31622776601683794,3.162277660168379e-07,0.01,16777216,p3094
a61,0.31622776601683794,3.162277660168379e-07,0.01,16777216,p3095
a61,0.31622776601683794,3.162277660168379e-07,0.01,16777216,p3096
a61,0.31622776601683794,3.162277660168379e-07,0.01,16777216,p3097
a61,0.31622776601683794,3.162277660168379e-07,0.01,16777216,p3098
a61,0.31622776601683794,3.162277660168379e-07,0.01,16777216,p3099
a62,0.31622776601683794,3.162277660168379e-07,0.1,16777216,p3100
a62,0.31622776601683794,3.162277660168379e-07,0.1,16777216,p3101
a62,0.31622776601683794,3.162277660168379e-07,0.1,16777216,p3102
a62,0.31622776601683794,3.162277660168379e-07,0.1,16777216,p3103
a62,0.31622776601683794,3.162277660168379e-07,0.1,16777216,p3104
a62,0.31622776601683794,3.162277660168379e-07,0.1,16777216,p3105
a62,0.31622776601683794,3.162277660168379e-07,0.1,16777216,p3106
a62,0.31622776601683794,3.162277660168379e-07,0.1,16777216,p3107
a62,0.31622776601683794,3.162277660168379e-07,0.1,16777216,p3108
a62,0.31622776601683794,3.162277660168379e-07,0.1,16777216,p3109
a62,0.31622776601683794,3.162277660168379e-07,0.1,16777216,p3110
a62,0.31622776601683794,3.162277660168379e-07,0.1,16777216,p3111
a62,0.31622776601683794,3.162277660168379e-07,0.1,16777216,p3112
a62,0.31622776601683794,3.162277660168379e-07,0.1,16777216,p3113
a62,0.31622776601683794,3.162277660168379e-07,0.1,16777216,p3114
a62,0.31622776601683794,3.162277660168379e-07,0.1,16777216,p3115
a62,0.31622776601683794,3.162277660168379e-07,0.1,16777216,p3116
a62,0.31622776601683794,3.162277660168379e-07,0.1,16777216,p3117
a62,0.31622776601683794,3.162277660168379e-07,0.1,16777216,p3118
a62,0.31622776601683794,3.162277660168379e-07,0.1,16777216,p3119
a62,0.31622776601683794,3.162277660168379e-07,0.1,16777216,p3120
a62,0.31622776601683794,3.162277660168379e-07,0.1,16777216,p3121
a62,0.31622776601683794,3.162277660168379e-07,0.1,16777216,p3122
a62,0.31622776601683794,3.162277660168379e-07,0.1,16777216,p3123
a62,0.31622776601683794,3.162277660168379e-07,0.1,16777216,p3124
a62,0.31622776601683794,3.162277660168379e-07,0.1,16777216,p3125
a62,0.31622776601683794,3.162277660168379e-07,0.1,16777216,p3126
a62,0.31622776601683794,3.162277660168379e-07,0.1,16777216,p3127
a62,0.31622776601683794,3.162277660168379e-07,0.1,16777216,p3128
a62,0.31622776601683794,3.162277660168379e-07,0.1,16777216,p3129
a62,0.31622776601683794,3.162277660168379e-07,0.1,16777216,p3130
a62,0.31622776601683794,3.162277660168379e-07,0.1,16777216,p3131
a62,0.31622776601683794,3.162277660168379e-07,0.1,16777216,p3132
a62,0.31622776601683794,3.162277660168379e-07,0.1,16777216,p3133
a62,0.31622776601683794,3.162277660168379e-07,0.1,16777216,p3134
a62,0.31622776601683794,3.162277660168379e-07,0.1,16777216,p3135
a62,0.31622776601683794,3.162277660168379e-07,0.1,16777216,p3136
a62,0.31622776601683794,3.162277660168379e-07,0.1,16777216,p3137
a62,0.31622776601683794,3.162277660168379e-07,0.1,16777216,p3138
a62,0.31622776601683794,3.162277660168379e-07,0.1,16777216,p3139
a62,0.31622776601683794,3.162277660168379e-07,0.1,16777216,p3140
a62,0.31622776601683794,3.162277660168379e-07,0.1,16777216,p3141
a62,0.31622776601683794,3.162277660168379e-07,0.1,16777216,p3142
a62,0.31622776601683794,3.162277660168379e-07,0.1,16777216,p3143
a62,0.31622776601683794,3.162277660168379e-07,0.1,16777216,p3144
a62,0.31622776601683794,3.162277660168379e-07,0.1,16777216,p3145
a62,0.31622776601683794,3.162277660168379e-07,0.1,16777216,p3146
a62,0.31622776601683794,3.162277660168379e-07,0.1,16777216,p3147
a62,0.31622776601683794,3.162277660168379e-07,0.1,16777216,p3148
a62,0.31622776601683794,3.162277660168379e-07,0.1,16777216,p3149
a63,0.31622776601683794,1e-06,1e-07,16777216,p3150
a63,0.31622776601683794,1e-06,1e-07,16777216,p3151
a63,0.31622776601683794,1e-06,1e-07,16777216,p3152
a63,0.31622776601683794,1e-06,1e-07,16777216,p3153
a63,0.31622776601683794,1e-06,1e-07,16777216,p3154
a63,0.31622776601683794,1e-06,1e-07,16777216,p3155
a63,0.31622776601683794,1e-06,1e-07,16777216,p3156
a63,0.31622776601683794,1e-06,1e-07,16777216,p3157
a63,0.31622776601683794,1e-06,1e-07,16777216,p3158
a63,0.31622776601683794,1e-06,1e-07,16777216,p3159
a63,0.31622776601683794,1e-06,1e-07,16777216,p3160
a63,0.31622776601683794,1e-06,1e-07,16777216,p3161
a63,0.31622776601683794,1e-06,1e-07,16777216,p3162
a63,0.31622776601683794,1e-06,1e-07,16777216,p3163
a63,0.31622776601683794,1e-06,1e-07,16777216,p3164
a63,0.31622776601683794,1e-06,1e-07,16777216,p3165
a63,0.31622776601683794,1e-06,1e-07,16777216,p3166
a63,0.31622776601683794,1e-06,1e-07,16777216,p3167
a63,0.31622776601683794,1e-06,1e-07,16777216,p3168
a63,0.31622776601683794,1e-06,1e-07,16777216,p3169
a63,0.31622776601683794,1e-06,1e-07,16777216,p3170
a63,0.31622776601683794,1e-06,1e-07,16777216,p3171
a63,0.31622776601683794,1e-06,1e-07,16777216,p3172
a63,0.31622776601683794,1e-06,1e-07,16777216,p3173
a63,0.31622776601683794,1e-06,1e-07,16777216,p3174
a63,0.31622776601683794,1e-06,1e-07,16777216,p3175
a63,0.31622776601683794,1e-06,1e-07,16777216,p3176
a63,0.31622776601683794,1e-06,1e-07,16777216,p3177
a63,0.31622776601683794,1e-06,1e-07,16777216,p3178
a63,0.31622776601683794,1e-06,1e-07,16777216,p3179
a63,0.31622776601683794,1e-06,1e-07,16777216,p3180
a63,0.31622776601683794,1e-06,1e-07,16777216,p3181
a63,0.31622776601683794,1e-06,1e-07,16777216,p3182
a63,0.31622776601683794,1e-06,1e-07,16777216,p3183
a63,0.31622776601683794,1e-06,1e-07,16777216,p3184
a63,0.31622776601683794,1e-06,1e-07,16777216,p3185
a63,0.31622776601683794,1e-06,1e-07,16777216,p3186
a63,0.31622776601683794,1e-06,1e-07,16777216,p3187
a63,0.31622776601683794,1e-06,1e-07,16777216,p3188
a63,0.31622776601683794,1e-06,1e-07,16777216,p3189
a63,0.31622776601683794,1e-06,1e-07,16777216,p3190
a63,0.31622776601683794,1e-06,1e-07,16777216,p3191
a63,0.31622776601683794,1e-06,1e-07,16777216,p3192
a63,0.31622776601683794,1e-06,1e-07,16777216,p3193
a63,0.31622776601683794,1e-06,1e-07,16777216,p3194
a63,0.31622776601683794,1e-06,1e-07,16777216,p3195
a63,0.31622776601683794,1e-06,1e-07,16777216,p3196
a63,0.31622776601683794,1e-06,1e-07,16777216,p3197
a63,0.31622776601683794,1e-06,1e-07,16777216,p3198
a63,0.31622776601683794,1e-06,1e-07,16777216,p3199
a64,0.31622776601683794,1e-06,1e-06,16777216,p3200
a64,0.31622776601683794,1e-06,1e-06,16777216,p3201
a64,0.31622776601683794,1e-06,1e-06,16777216,p3202
a64,0.31622776601683794,1e-06,1e-06,16777216,p3203
a64,0.31622776601683794,1e-06,1e-06,16777216,p3204
a64,0.31622776601683794,1e-06,1e-06,16777216,p3205
a64,0.31622776601683794,1e-06,1e-06,16777216,p3206
a64,0.31622776601683794,1e-06,1e-06,16777216,p3207
a64,0.31622776601683794,1e-06,1e-06,16777216,p3208
a64,0.31622776601683794,1e-06,1e-06,16777216,p3209
a64,0.31622776601683794,1e-06,1e-06,16777216,p3210
a64,0.31622776601683794,1e-06,1e-06,16777216,p3211
a64,0.31622776601683794,1e-06,1e-06,16777216,p3212
a64,0.31622776601683794,1e-06,1e-06,16777216,p3213
a64,0.31622776601683794,1e-06,1e-06,16777216,p3214
a64,0.31622776601683794,1e-06,1e-06,16777216,p3215
a64,0.31622776601683794,1e-06,1e-06,16777216,p3216
a64,0.31622776601683794,1e-06,1e-06,16777216,p3217
a64,0.31622776601683794,1e-06,1e-06,16777216,p3218
a64,0.31622776601683794,1e-06,1e-06,16777216,p3219
a64,0.31622776601683794,1e-06,1e-06,16777216,p3220
a64,0.31622776601683794,1e-06,1e-06,16777216,p3221
a64,0.31622776601683794,1e-06,1e-06,16777216,p3222
a64,0.31622776601683794,1e-06,1e-06,16777216,p3223
a64,0.31622776601683794,1e-06,1e-06,16777216,p3224
a64,0.31622776601683794,1e-06,1e-06,16777216,p3225
a64,0.31622776601683794,1e-06,1e-06,16777216,p3226
a64,0.31622776601683794,1e-06,1e-06,16777216,p3227
a64,0.31622776601683794,1e-06,1e-06,16777216,p3228
a64,0.31622776601683794,1e-06,1e-06,16777216,p3229
a64,0.31622776601683794,1e-06,1e-06,16777216,p3230
a64,0.31622776601683794,1e-06,1e-06,16777216,p3231
a64,0.31622776601683794,1e-06,1e-06,16777216,p3232
a64,0.31622776601683794,1e-06,1e-06,16777216,p3233
a64,0.31622776601683794,1e-06,1e-06,16777216,p3234
a64,0.31622776601683794,1e-06,1e-06,16777216,p3235
a64,0.31622776601683794,1e-06,1e-06,16777216,p3236
a64,0.31622776601683794,1e-06,1e-06,16777216,p3237
a64,0.31622776601683794,1e-06,1e-06,16777216,p3238
a64,0.31622776601683794,1e-06,1e-06,16777216,p3239
a64,0.31622776601683794,1e-06,1e-06,16777216,p3240
a64,0.31622776601683794,1e-06,1e-06,16777216,p3241
a64,0.31622776601683794,1e-06,1e-06,16777216,p3242
a64,0.31622776601683794,1e-06,1e-06,16777216,p3243
a64,0.31622776601683794,1e-06,1e-06,16777216,p3244
a64,0.31622776601683794,1e-06,1e-06,16777216,p3245
a64,0.31622776601683794,1e-06,1e-06,16777216,p3246
a64,0.31622776601683794,1e-06,1e-06,16777216,p3247
a64,0.31622776601683794,1e-06,1e-06,16777216,p3248
a64,0.31622776601683794,1e-06,1e-06,16777216,p3249
a65,0.31622776601683794,1e-06,9.999999999999999e-06,16777216,p3250
a65,0.31622776601683794,1e-06,9.999999999999999e-06,16777216,p3251
a65,0.31622776601683794,1e-06,9.999999999999999e-06,16777216,p3252
a65,0.31622776601683794,1e-06,9.999999999999999e-06,16777216,p3253
a65,0.31622776601683794,1e-06,9.999999999999999e-06,16777216,p3254
a65,0.31622776601683794,1e-06,9.999999999999999e-06,16777216,p3255
a65,0.31622776601683794,1e-06,9.999999999999999e-06,16777216,p3256
a65,0.31622776601683794,1e-06,9.999999999999999e-06,16777216,p3257
a65,0.31622776601683794,1e-06,9.999999999999999e-06,16777216,p3258
a65,0.31622776601683794,1e-06,9.999999999999999e-06,16777216,p3259
a65,0.31622776601683794,1e-06,9.999999999999999e-06,16777216,p3260
a65,0.31622776601683794,1e-06,9.999999999999999e-06,16777216,p3261
a65,0.31622776601683794,1e-06,9.999999999999999e-06,16777216,p3262
a65,0.31622776601683794,1e-06,9.999999999999999e-06,16777216,p3263
a65,0.31622776601683794,1e-06,9.999999999999999e-06,16777216,p3264
a65,0.31622776601683794,1e-06,9.999999999999999e-06,16777216,p3265
a65,0.31622776601683794,1e-06,9.999999999999999e-06,16777216,p3266
a65,0.31622776601683794,1e-06,9.999999999999999e-06,16777216,p3267
a65,0.31622776601683794,1e-06,9.999999999999999e-06,16777216,p3268
a65,0.31622776601683794,1e-06,9.999999999999999e-06,16777216,p3269
a65,0.31622776601683794,1e-06,9.999999999999999e-06,16777216,p3270
a65,0.31622776601683794,1e-06,9.999999999999999e-06,16777216,p3271
a65,0.31622776601683794,1e-06,9.999999999999999e-06,16777216,p3272
a65,0.31622776601683794,1e-06,9.999999999999999e-06,16777216,p3273
a65,0.31622776601683794,1e-06,9.999999999999999e-06,16777216,p3274
a65,0.31622776601683794,1e-06,9.999999999999999e-06,16777216,p3275
a65,0.31622776601683794,1e-06,9.999999999999999e-06,16777216,p3276
a65,0.31622776601683794,1e-06,9.999999999999999e-06,16777216,p3277
a65,0.31622776601683794,1e-06,9.999999999999999e-06,16777216,p3278
a65,0.31622776601683794,1e-06,9.999999999999999e-06,16777216,p3279
a65,0.31622776601683794,1e-06,9.999999999999999e-06,16777216,p3280
a65,0.31622776601683794,1e-06,9.999999999999999e-06,16777216,p3281
a65,0.31622776601683794,1e-06,9.999999999999999e-06,16777216,p3282
a65,0.31622776601683794,1e-06,9.999999999999999e-06,16777216,p3283
a65,0.31622776601683794,1e-06,9.999999999999999e-06,16777216,p3284
a65,0.31622776601683794,1e-06,9.999999999999999e-06,16777216,p3285
a65,0.31622776601683794,1e-06,9.999999999999999e-06,16777216,p3286
a65,0.31622776601683794,1e-06,9.999999999999999e-06,16777216,p3287
a65,0.31622776601683794,1e-06,9.999999999999999e-06,16777216,p3288
a65,0.31622776601683794,1e-06,9.999999999999999e-06,16777216,p3289
a65,0.31622776601683794,1e-06,9.999999999999999e-06,16777216,p3290
a65,0.31622776601683794,1e-06,9.999999999999999e-06,16777216,p3291
a65,0.31622776601683794,1e-06,9.999999999999999e-06,16777216,p3292
a65,0.31622776601683794,1e-06,9.999999999999999e-06,16777216,p3293
a65,0.31622776601683794,1e-06,9.999999999999999e-06,16777216,p3294
a65,0.31622776601683794,1e-06,9.999999999999999e-06,16777216,p3295
a65,0.31622776601683794,1e-06,9.999999999999999e-06,16777216,p3296
a65,0.31622776601683794,1e-06,9.999999999999999e-06,16777216,p3297
a65,0.31622776601683794,1e-06,9.999999999999999e-06,16777216,p3298
a65,0.31622776601683794,1e-06,9.999999999999999e-06,16777216,p3299
a66,0.31622776601683794,1e-06,0.0001,16777216,p3300
a66,0.31622776601683794,1e-06,0.0001,16777216,p3301
a66,0.31622776601683794,1e-06,0.0001,16777216,p3302
a66,0.31622776601683794,1e-06,0.0001,16777216,p3303
a66,0.31622776601683794,1e-06,0.0001,16777216,p3304
a66,0.31622776601683794,1e-06,0.0001,16777216,p3305
a66,0.31622776601683794,1e-06,0.0001,16777216,p3306
a66,0.31622776601683794,1e-06,0.0001,16777216,p3307
a66,0.31622776601683794,1e-06,0.0001,16777216,p3308
a66,0.31622776601683794,1e-06,0.0001,16777216,p3309
a66,0.31622776601683794,1e-06,0.0001,16777216,p3310
a66,0.31622776601683794,1e-06,0.0001,16777216,p3311
a66,0.31622776601683794,1e-06,0.0001,16777216,p3312
a66,0.31622776601683794,1e-06,0.0001,16777216,p3313
a66,0.31622776601683794,1e-06,0.0001,16777216,p3314
a66,0.31622776601683794,1e-06,0.0001,16777216,p3315
a66,0.31622776601683794,1e-06,0.0001,16777216,p3316
a66,0.31622776601683794,1e-06,0.0001,16777216,p3317
a66,0.31622776601683794,1e-06,0.0001,16777216,p3318
a66,0.31622776601683794,1e-06,0.0001,16777216,p3319
a66,0.31622776601683794,1e-06,0.0001,16777216,p3320
a66,0.31622776601683794,1e-06,0.0001,16777216,p3321
a66,0.31622776601683794,1e-06,0.0001,16777216,p3322
a66,0.31622776601683794,1e-06,0.0001,16777216,p3323
a66,0.31622776601683794,1e-06,0.0001,16777216,p3324
a66,0.31622776601683794,1e-06,0.0001,16777216,p3325
a66,0.31622776601683794,1e-06,0.0001,16777216,p3326
a66,0.31622776601683794,1e-06,0.0001,16777216,p3327
a66,0.31622776601683794,1e-06,0.0001,16777216,p3328
a66,0.31622776601683794,1e-06,0.0001,16777216,p3329
a66,0.31622776601683794,1e-06,0.0001,16777216,p3330
a66,0.31622776601683794,1e-06,0.0001,16777216,p3331
a66,0.31622776601683794,1e-06,0.0001,16777216,p3332
a66,0.31622776601683794,1e-06,0.0001,16777216,p3333
a66,0.31622776601683794,1e-06,0.0001,16777216,p3334
a66,0.31622776601683794,1e-06,0.0001,16777216,p3335
a66,0.31622776601683794,1e-06,0.0001,16777216,p3336
a66,0.31622776601683794,1e-06,0.0001,16777216,p3337
a66,0.31622776601683794,1e-06,0.0001,16777216,p3338
a66,0.31622776601683794,1e-06,0.0001,16777216,p3339
a66,0.31622776601683794,1e-06,0.0001,16777216,p3340
a66,0.31622776601683794,1e-06,0.0001,16777216,p3341
a66,0.31622776601683794,1e-06,0.0001,16777216,p3342
a66,0.31622776601683794,1e-06,0.0001,16777216,p3343
a66,0.31622776601683794,1e-06,0.0001,16777216,p3344
a66,0.31622776601683794,1e-06,0.0001,16777216,p3345
a66,0.31622776601683794,1e-06,0.0001,16777216,p3346
a66,0.31622776601683794,1e-06,0.0001,16777216,p3347
a66,0.31622776601683794,1e-06,0.0001,16777216,p3348
a66,0.31622776601683794,1e-06,0.0001,16777216,p3349
a67,0.31622776601683794,1e-06,0.001,16777216,p3350
a67,0.31622776601683794,1e-06,0.001,16777216,p3351
a67,0.31622776601683794,1e-06,0.001,16777216,p3352
a67,0.31622776601683794,1e-06,0.001,16777216,p3353
a67,0.31622776601683794,1e-06,0.001,16777216,p3354
a67,0.31622776601683794,1e-06,0.001,16777216,p3355
a67,0.31622776601683794,1e-06,0.001,16777216,p3356
a67,0.31622776601683794,1e-06,0.001,16777216,p3357
a67,0.31622776601683794,1e-06,0.001,16777216,p3358
a67,0.31622776601683794,1e-06,0.001,16777216,p3359
a67,0.31622776601683794,1e-06,0.001,16777216,p3360
a67,0.31622776601683794,1e-06,0.001,16777216,p3361
a67,0.31622776601683794,1e-06,0.001,16777216,p3362
a67,0.31622776601683794,1e-06,0.001,16777216,p3363
a67,0.31622776601683794,1e-06,0.001,16777216,p3364
a67,0.31622776601683794,1e-06,0.001,16777216,p3365
a67,0.31622776601683794,1e-06,0.001,16777216,p3366
a67,0.31622776601683794,1e-06,0.001,16777216,p3367
a67,0.31622776601683794,1e-06,0.001,16777216,p3368
a67,0.31622776601683794,1e-06,0.001,16777216,p3369
a67,0.31622776601683794,1e-06,0.001,16777216,p3370
a67,0.31622776601683794,1e-06,0.001,16777216,p3371
a67,0.31622776601683794,1e-06,0.001,16777216,p3372
a67,0.31622776601683794,1e-06,0.001,16777216,p3373
a67,0.31622776601683794,1e-06,0.001,16777216,p3374
a67,0.31622776601683794,1e-06,0.001,16777216,p3375
a67,0.31622776601683794,1e-06,0.001,16777216,p3376
a67,0.31622776601683794,1e-06,0.001,16777216,p3377
a67,0.31622776601683794,1e-06,0.001,16777216,p3378
a67,0.31622776601683794,1e-06,0.001,16777216,p3379
a67,0.31622776601683794,1e-06,0.001,16777216,p3380
a67,0.31622776601683794,1e-06,0.001,16777216,p3381
a67,0.31622776601683794,1e-06,0.001,16777216,p3382
a67,0.31622776601683794,1e-06,0.001,16777216,p3383
a67,0.31622776601683794,1e-06,0.001,16777216,p3384
a67,0.31622776601683794,1e-06,0.001,16777216,p3385
a67,0.31622776601683794,1e-06,0.001,16777216,p3386
a67,0.31622776601683794,1e-06,0.001,16777216,p3387
a67,0.31622776601683794,1e-06,0.001,16777216,p3388
a67,0.31622776601683794,1e-06,0.001,16777216,p3389
a67,0.31622776601683794,1e-06,0.001,16777216,p3390
a67,0.31622776601683794,1e-06,0.001,16777216,p3391
a67,0.31622776601683794,1e-06,0.001,16777216,p3392
a67,0.31622776601683794,1e-06,0.001,16777216,p3393
a67,0.31622776601683794,1e-06,0.001,16777216,p3394
a67,0.31622776601683794,1e-06,0.001,16777216,p3395
a67,0.31622776601683794,1e-06,0.001,16777216,p3396
a67,0.31622776601683794,1e-06,0.001,16777216,p3397
a67,0.31622776601683794,1e-06,0.001,16777216,p3398
a67,0.31622776601683794,1e-06,0.001,16777216,p3399
a68,0.31622776601683794,1e-06,0.01,16777216,p3400
a68,0.31622776601683794,1e-06,0.01,16777216,p3401
a68,0.31622776601683794,1e-06,0.01,16777216,p3402
a68,0.31622776601683794,1e-06,0.01,16777216,p3403
a68,0.31622776601683794,1e-06,0.01,16777216,p3404
a68,0.31622776601683794,1e-06,0.01,16777216,p3405
a68,0.31622776601683794,1e-06,0.01,16777216,p3406
a68,0.31622776601683794,1e-06,0.01,16777216,p3407
a68,0.31622776601683794,1e-06,0.01,16777216,p3408
a68,0.31622776601683794,1e-06,0.01,16777216,p3409
a68,0.31622776601683794,1e-06,0.01,16777216,p3410
a68,0.31622776601683794,1e-06,0.01,16777216,p3411
a68,0.31622776601683794,1e-06,0.01,16777216,p3412
a68,0.31622776601683794,1e-06,0.01,16777216,p3413
a68,0.31622776601683794,1e-06,0.01,16777216,p3414
a68,0.31622776601683794,1e-06,0.01,16777216,p3415
a68,0.31622776601683794,1e-06,0.01,16777216,p3416
a68,0.31622776601683794,1e-06,0.01,16777216,p3417
a68,0.31622776601683794,1e-06,0.01,16777216,p3418
a68,0.31622776601683794,1e-06,0.01,16777216,p3419
a68,0.31622776601683794,1e-06,0.01,16777216,p3420
a68,0.31622776601683794,1e-06,0.01,16777216,p3421
a68,0.31622776601683794,1e-06,0.01,16777216,p3422
a68,0.31622776601683794,1e-06,0.01,16777216,p3423
a68,0.31622776601683794,1e-06,0.01,16777216,p3424
a68,0.31622776601683794,1e-06,0.01,16777216,p3425
a68,0.31622776601683794,1e-06,0.01,16777216,p3426
a68,0.31622776601683794,1e-06,0.01,16777216,p3427
a68,0.31622776601683794,1e-06,0.01,16777216,p3428
a68,0.31622776601683794,1e-06,0.01,16777216,p3429
a68,0.31622776601683794,1e-06,0.01,16777216,p3430
a68,0.31622776601683794,1e-06,0.01,16777216,p3431
a68,0.31622776601683794,1e-06,0.01,16777216,p3432
a68,0.31622776601683794,1e-06,0.01,16777216,p3433
a68,0.31622776601683794,1e-06,0.01,16777216,p3434
a68,0.31622776601683794,1e-06,0.01,16777216,p3435
a68,0.31622776601683794,1e-06,0.01,16777216,p3436
a68,0.31622776601683794,1e-06,0.01,16777216,p3437
a68,0.31622776601683794,1e-06,0.01,16777216,p3438
a68,0.31622776601683794,1e-06,0.01,16777216,p3439
a68,0.31622776601683794,1e-06,0.01,16777216,p3440
a68,0.31622776601683794,1e-06,0.01,16777216,p3441
a68,0.31622776601683794,1e-06,0.01,16777216,p3442
a68,0.31622776601683794,1e-06,0.01,16777216,p3443
a68,0.31622776601683794,1e-06,0.01,16777216,p3444
a68,0.31622776601683794,1e-06,0.01,16777216,p3445
a68,0.31622776601683794,1e-06,0.01,16777216,p3446
a68,0.31622776601683794,1e-06,0.01,16777216,p3447
a68,0.31622776601683794,1e-06,0.01,16777216,p3448
a68,0.31622776601683794,1e-06,0.01,16777216,p3449
a69,0.31622776601683794,1e-06,0.1,16777216,p3450
a69,0.31622776601683794,1e-06,0.1,16777216,p3451
a69,0.31622776601683794,1e-06,0.1,16777216,p3452
a69,0.31622776601683794,1e-06,0.1,16777216,p3453
a69,0.31622776601683794,1e-06,0.1,16777216,p3454
a69,0.31622776601683794,1e-06,0.1,16777216,p3455
a69,0.31622776601683794,1e-06,0.1,16777216,p3456
a69,0.31622776601683794,1e-06,0.1,16777216,p3457
a69,0.31622776601683794,1e-06,0.1,16777216,p3458
a69,0.31622776601683794,1e-06,0.1,16777216,p3459
a69,0.31622776601683794,1e-06,0.1,16777216,p3460
a69,0.31622776601683794,1e-06,0.1,16777216,p3461
a69,0.31622776601683794,1e-06,0.1,16777216,p3462
a69,0.31622776601683794,1e-06,0.1,16777216,p3463
a69,0.31622776601683794,1e-06,0.1,16777216,p3464
a69,0.31622776601683794,1e-06,0.1,16777216,p3465
a69,0.31622776601683794,1e-06,0.1,16777216,p3466
a69,0.31622776601683794,1e-06,0.1,16777216,p3467
a69,0.31622776601683794,1e-06,0.1,16777216,p3468
a69,0.31622776601683794,1e-06,0.1,16777216,p3469
a69,0.31622776601683794,1e-06,0.1,16777216,p3470
a69,0.31622776601683794,1e-06,0.1,16777216,p3471
a69,0.31622776601683794,1e-06,0.1,16777216,p3472
a69,0.31622776601683794,1e-06,0.1,16777216,p3473
a69,0.31622776601683794,1e-06,0.1,16777216,p3474
a69,0.31622776601683794,1e-06,0.1,16777216,p3475
a69,0.31622776601683794,1e-06,0.1,16777216,p3476
a69,0.31622776601683794,1e-06,0.1,16777216,p3477
a69,0.31622776601683794,1e-06,0.1,16777216,p3478
a69,0.31622776601683794,1e-06,0.1,16777216,p3479
a69,0.31622776601683794,1e-06,0.1,16777216,p3480
a69,0.31622776601683794,1e-06,0.1,16777216,p3481
a69,0.31622776601683794,1e-06,0.1,16777216,p3482
a69,0.31622776601683794,1e-06,0.1,16777216,p3483
a69,0.31622776601683794,1e-06,0.1,16777216,p3484
a69,0.31622776601683794,1e-06,0.1,16777216,p3485
a69,0.31622776601683794,1e-06,0.1,16777216,p3486
a69,0.31622776601683794,1e-06,0.1,16777216,p3487
a69,0.31622776601683794,1e-06,0.1,16777216,p3488
a69,0.31622776601683794,1e-06,0.1,16777216,p3489
a69,0.31622776601683794,1e-06,0.1,16777216,p3490
a69,0.31622776601683794,1e-06,0.1,16777216,p3491
a69,0.31622776601683794,1e-06,0.1,16777216,p3492
a69,0.31622776601683794,1e-06,0.1,16777216,p3493
a69,0.31622776601683794,1e-06,0.1,16777216,p3494
a69,0.31622776601683794,1e-06,0.1,16777216,p3495
a69,0.31622776601683794,1e-06,0.1,16777216,p3496
a69,0.31622776601683794,1e-06,0.1,16777216,p3497
a69,0.31622776601683794,1e-06,0.1,16777216,p3498
a69,0.31622776601683794,1e-06,0.1,16777216,p3499
a70,0.31622776601683794,3.162277660168379e-06,1e-07,6324555,p3500
a70,0.31622776601683794,3.162277660168379e-06,1e-07,6324555,p3501
a70,0.31622776601683794,3.162277660168379e-06,1e-07,6324555,p3502
a70,0.31622776601683794,3.162277660168379e-06,1e-07,6324555,p3503
a70,0.31622776601683794,3.162277660168379e-06,1e-07,6324555,p3504
a70,0.31622776601683794,3.162277660168379e-06,1e-07,6324555,p3505
a70,0.31622776601683794,3.162277660168379e-06,1e-07,6324555,p3506
a70,0.31622776601683794,3.162277660168379e-06,1e-07,6324555,p3507
a70,0.31622776601683794,3.162277660168379e-06,1e-07,6324555,p3508
a70,0.31622776601683794,3.162277660168379e-06,1e-07,6324555,p3509
a70,0.31622776601683794,3.162277660168379e-06,1e-07,6324555,p3510
a70,0.31622776601683794,3.162277660168379e-06,1e-07,6324555,p3511
a70,0.31622776601683794,3.162277660168379e-06,1e-07,6324555,p3512
a70,0.31622776601683794,3.162277660168379e-06,1e-07,6324555,p3513
a70,0.31622776601683794,3.162277660168379e-06,1e-07,6324555,p3514
a70,0.31622776601683794,3.162277660168379e-06,1e-07,6324555,p3515
a70,0.31622776601683794,3.162277660168379e-06,1e-07,6324555,p3516
a70,0.31622776601683794,3.162277660168379e-06,1e-07,6324555,p3517
a70,0.31622776601683794,3.162277660168379e-06,1e-07,6324555,p3518
a70,0.31622776601683794,3.162277660168379e-06,1e-07,6324555,p3519
a70,0.31622776601683794,3.162277660168379e-06,1e-07,6324555,p3520
a70,0.31622776601683794,3.162277660168379e-06,1e-07,6324555,p3521
a70,0.31622776601683794,3.162277660168379e-06,1e-07,6324555,p3522
a70,0.31622776601683794,3.162277660168379e-06,1e-07,6324555,p3523
a70,0.31622776601683794,3.162277660168379e-06,1e-07,6324555,p3524
a70,0.31622776601683794,3.162277660168379e-06,1e-07,6324555,p3525
a70,0.31622776601683794,3.162277660168379e-06,1e-07,6324555,p3526
a70,0.31622776601683794,3.162277660168379e-06,1e-07,6324555,p3527
a70,0.31622776601683794,3.162277660168379e-06,1e-07,6324555,p3528
a70,0.31622776601683794,3.162277660168379e-06,1e-07,6324555,p3529
a70,0.31622776601683794,3.162277660168379e-06,1e-07,6324555,p3530
a70,0.31622776601683794,3.162277660168379e-06,1e-07,6324555,p3531
a70,0.31622776601683794,3.162277660168379e-06,1e-07,6324555,p3532
a70,0.31622776601683794,3.162277660168379e-06,1e-07,6324555,p3533
a70,0.31622776601683794,3.162277660168379e-06,1e-07,6324555,p3534
a70,0.31622776601683794,3.162277660168379e-06,1e-07,6324555,p3535
a70,0.31622776601683794,3.162277660168379e-06,1e-07,6324555,p3536
a70,0.31622776601683794,3.162277660168379e-06,1e-07,6324555,p3537
a70,0.31622776601683794,3.162277660168379e-06,1e-07,6324555,p3538
a70,0.31622776601683794,3.162277660168379e-06,1e-07,6324555,p3539
a70,0.31622776601683794,3.162277660168379e-06,1e-07,6324555,p3540
a70,0.31622776601683794,3.162277660168379e-06,1e-07,6324555,p3541
a70,0.31622776601683794,3.162277660168379e-06,1e-07,6324555,p3542
a70,0.31622776601683794,3.162277660168379e-06,1e-07,6324555,p3543
a70,0.31622776601683794,3.162277660168379e-06,1e-07,6324555,p3544
a70,0.31622776601683794,3.162277660168379e-06,1e-07,6324555,p3545
a70,0.31622776601683794,3.162277660168379e-06,1e-07,6324555,p3546
a70,0.31622776601683794,3.162277660168379e-06,1e-07,6324555,p3547
a70,0.31622776601683794,3.162277660168379e-06,1e-07,6324555,p3548
a70,0.31622776601683794,3.162277660168379e-06,1e-07,6324555,p3549
a71,0.31622776601683794,3.162277660168379e-06,1e-06,6324555,p3550
a71,0.31622776601683794,3.162277660168379e-06,1e-06,6324555,p3551
a71,0.31622776601683794,3.162277660168379e-06,1e-06,6324555,p3552
a71,0.31622776601683794,3.162277660168379e-06,1e-06,6324555,p3553
a71,0.31622776601683794,3.162277660168379e-06,1e-06,6324555,p3554
a71,0.31622776601683794,3.162277660168379e-06,1e-06,6324555,p3555
a71,0.31622776601683794,3.162277660168379e-06,1e-06,6324555,p3556
a71,0.31622776601683794,3.162277660168379e-06,1e-06,6324555,p3557
a71,0.31622776601683794,3.162277660168379e-06,1e-06,6324555,p3558
a71,0.31622776601683794,3.162277660168379e-06,1e-06,6324555,p3559
a71,0.31622776601683794,3.162277660168379e-06,1e-06,6324555,p3560
a71,0.31622776601683794,3.162277660168379e-06,1e-06,6324555,p3561
a71,0.31622776601683794,3.162277660168379e-06,1e-06,6324555,p3562
a71,0.31622776601683794,3.162277660168379e-06,1e-06,6324555,p3563
a71,0.31622776601683794,3.162277660168379e-06,1e-06,6324555,p3564
a71,0.31622776601683794,3.162277660168379e-06,1e-06,6324555,p3565
a71,0.31622776601683794,3.162277660168379e-06,1e-06,6324555,p3566
a71,0.31622776601683794,3.162277660168379e-06,1e-06,6324555,p3567
a71,0.31622776601683794,3.162277660168379e-06,1e-06,6324555,p3568
a71,0.31622776601683794,3.162277660168379e-06,1e-06,6324555,p3569
a71,0.31622776601683794,3.162277660168379e-06,1e-06,6324555,p3570
a71,0.31622776601683794,3.162277660168379e-06,1e-06,6324555,p3571
a71,0.31622776601683794,3.162277660168379e-06,1e-06,6324555,p3572
a71,0.31622776601683794,3.162277660168379e-06,1e-06,6324555,p3573
a71,0.31622776601683794,3.162277660168379e-06,1e-06,6324555,p3574
a71,0.31622776601683794,3.162277660168379e-06,1e-06,6324555,p3575
a71,0.31622776601683794,3.162277660168379e-06,1e-06,6324555,p3576
a71,0.31622776601683794,3.162277660168379e-06,1e-06,6324555,p3577
a71,0.31622776601683794,3.162277660168379e-06,1e-06,6324555,p3578
a71,0.31622776601683794,3.162277660168379e-06,1e-06,6324555,p3579
a71,0.31622776601683794,3.162277660168379e-06,1e-06,6324555,p3580
a71,0.31622776601683794,3.162277660168379e-06,1e-06,6324555,p3581
a71,0.31622776601683794,3.162277660168379e-06,1e-06,6324555,p3582
a71,0.31622776601683794,3.162277660168379e-06,1e-06,6324555,p3583
a71,0.31622776601683794,3.162277660168379e-06,1e-06,6324555,p3584
a71,0.31622776601683794,3.162277660168379e-06,1e-06,6324555,p3585
a71,0.31622776601683794,3.162277660168379e-06,1e-06,6324555,p3586
a71,0.31622776601683794,3.162277660168379e-06,1e-06,6324555,p3587
a71,0.31622776601683794,3.162277660168379e-06,1e-06,6324555,p3588
a71,0.31622776601683794,3.162277660168379e-06,1e-06,6324555,p3589
a71,0.31622776601683794,3.162277660168379e-06,1e-06,6324555,p3590
a71,0.31622776601683794,3.162277660168379e-06,1e-06,6324555,p3591
a71,0.31622776601683794,3.162277660168379e-06,1e-06,6324555,p3592
a71,0.31622776601683794,3.162277660168379e-06,1e-06,6324555,p3593
a71,0.31622776601683794,3.162277660168379e-06,1e-06,6324555,p3594
a71,0.31622776601683794,3.162277660168379e-06,1e-06,6324555,p3595
a71,0.31622776601683794,3.162277660168379e-06,1e-06,6324555,p3596
a71,0.31622776601683794,3.162277660168379e-06,1e-06,6324555,p3597
a71,0.31622776601683794,3.162277660168379e-06,1e-06,6324555,p3598
a71,0.31622776601683794,3.162277660168379e-06,1e-06,6324555,p3599
a72,0.31622776601683794,3.162277660168379e-06,9.999999999999999e-06,6324555,p3600
a72,0.31622776601683794,3.162277660168379e-06,9.999999999999999e-06,6324555,p3601
a72,0.31622776601683794,3.162277660168379e-06,9.999999999999999e-06,6324555,p3602
a72,0.31622776601683794,3.162277660168379e-06,9.999999999999999e-06,6324555,p3603
a72,0.31622776601683794,3.162277660168379e-06,9.999999999999999e-06,6324555,p3604
a72,0.31622776601683794,3.162277660168379e-06,9.999999999999999e-06,6324555,p3605
a72,0.31622776601683794,3.162277660168379e-06,9.999999999999999e-06,6324555,p3606
a72,0.31622776601683794,3.162277660168379e-06,9.999999999999999e-06,6324555,p3607
a72,0.31622776601683794,3.162277660168379e-06,9.999999999999999e-06,6324555,p3608
a72,0.31622776601683794,3.162277660168379e-06,9.999999999999999e-06,6324555,p3609
a72,0.31622776601683794,3.162277660168379e-06,9.999999999999999e-06,6324555,p3610
a72,0.31622776601683794,3.162277660168379e-06,9.999999999999999e-06,6324555,p3611
a72,0.31622776601683794,3.162277660168379e-06,9.999999999999999e-06,6324555,p3612
a72,0.31622776601683794,3.162277660168379e-06,9.999999999999999e-06,6324555,p3613
a72,0.31622776601683794,3.162277660168379e-06,9.999999999999999e-06,6324555,p3614
a72,0.31622776601683794,3.162277660168379e-06,9.999999999999999e-06,6324555,p3615
a72,0.31622776601683794,3.162277660168379e-06,9.999999999999999e-06,6324555,p3616
a72,0.31622776601683794,3.162277660168379e-06,9.999999999999999e-06,6324555,p3617
a72,0.31622776601683794,3.162277660168379e-06,9.999999999999999e-06,6324555,p3618
a72,0.31622776601683794,3.162277660168379e-06,9.999999999999999e-06,6324555,p3619
a72,0.31622776601683794,3.162277660168379e-06,9.999999999999999e-06,6324555,p3620
a72,0.31622776601683794,3.162277660168379e-06,9.999999999999999e-06,6324555,p3621
a72,0.31622776601683794,3.162277660168379e-06,9.999999999999999e-06,6324555,p3622
a72,0.31622776601683794,3.162277660168379e-06,9.999999999999999e-06,6324555,p3623
a72,0.31622776601683794,3.162277660168379e-06,9.999999999999999e-06,6324555,p3624
a72,0.31622776601683794,3.162277660168379e-06,9.999999999999999e-06,6324555,p3625
a72,0.31622776601683794,3.162277660168379e-06,9.999999999999999e-06,6324555,p3626
a72,0.31622776601683794,3.162277660168379e-06,9.999999999999999e-06,6324555,p3627
a72,0.31622776601683794,3.162277660168379e-06,9.999999999999999e-06,6324555,p3628
a72,0.31622776601683794,3.162277660168379e-06,9.999999999999999e-06,6324555,p3629
a72,0.31622776601683794,3.162277660168379e-06,9.999999999999999e-06,6324555,p3630
a72,0.31622776601683794,3.162277660168379e-06,9.999999999999999e-06,6324555,p3631
a72,0.31622776601683794,3.162277660168379e-06,9.999999999999999e-06,6324555,p3632
a72,0.31622776601683794,3.162277660168379e-06,9.999999999999999e-06,6324555,p3633
a72,0.31622776601683794,3.162277660168379e-06,9.999999999999999e-06,6324555,p3634
a72,0.31622776601683794,3.162277660168379e-06,9.999999999999999e-06,6324555,p3635
a72,0.31622776601683794,3.162277660168379e-06,9.999999999999999e-06,6324555,p3636
a72,0.31622776601683794,3.162277660168379e-06,9.999999999999999e-06,6324555,p3637
a72,0.31622776601683794,3.162277660168379e-06,9.999999999999999e-06,6324555,p3638
a72,0.31622776601683794,3.162277660168379e-06,9.999999999999999e-06,6324555,p3639
a72,0.31622776601683794,3.162277660168379e-06,9.999999999999999e-06,6324555,p3640
a72,0.31622776601683794,3.162277660168379e-06,9.999999999999999e-06,6324555,p3641
a72,0.31622776601683794,3.162277660168379e-06,9.999999999999999e-06,6324555,p3642
a72,0.31622776601683794,3.162277660168379e-06,9.999999999999999e-06,6324555,p3643
a72,0.31622776601683794,3.162277660168379e-06,9.999999999999999e-06,6324555,p3644
a72,0.31622776601683794,3.162277660168379e-06,9.999999999999999e-06,6324555,p3645
a72,0.31622776601683794,3.162277660168379e-06,9.999999999999999e-06,6324555,p3646
a72,0.31622776601683794,3.162277660168379e-06,9.999999999999999e-06,6324555,p3647
a72,0.31622776601683794,3.162277660168379e-06,9.999999999999999e-06,6324555,p3648
a72,0.31622776601683794,3.162277660168379e-06,9.999999999999999e-06,6324555,p3649
a73,0.31622776601683794,3.162277660168379e-06,0.0001,6324555,p3650
a73,0.31622776601683794,3.162277660168379e-06,0.0001,6324555,p3651
a73,0.31622776601683794,3.162277660168379e-06,0.0001,6324555,p3652
a73,0.31622776601683794,3.162277660168379e-06,0.0001,6324555,p3653
a73,0.31622776601683794,3.162277660168379e-06,0.0001,6324555,p3654
a73,0.31622776601683794,3.162277660168379e-06,0.0001,6324555,p3655
a73,0.31622776601683794,3.162277660168379e-06,0.0001,6324555,p3656
a73,0.31622776601683794,3.162277660168379e-06,0.0001,6324555,p3657
a73,0.31622776601683794,3.162277660168379e-06,0.0001,6324555,p3658
a73,0.31622776601683794,3.162277660168379e-06,0.0001,6324555,p3659
a73,0.31622776601683794,3.162277660168379e-06,0.0001,6324555,p3660
a73,0.31622776601683794,3.162277660168379e-06,0.0001,6324555,p3661
a73,0.31622776601683794,3.162277660168379e-06,0.0001,6324555,p3662
a73,0.31622776601683794,3.162277660168379e-06,0.0001,6324555,p3663
a73,0.31622776601683794,3.162277660168379e-06,0.0001,6324555,p3664
a73,0.31622776601683794,3.162277660168379e-06,0.0001,6324555,p3665
a73,0.31622776601683794,3.162277660168379e-06,0.0001,6324555,p3666
a73,0.31622776601683794,3.162277660168379e-06,0.0001,6324555,p3667
a73,0.31622776601683794,3.162277660168379e-06,0.0001,6324555,p3668
a73,0.31622776601683794,3.162277660168379e-06,0.0001,6324555,p3669
a73,0.31622776601683794,3.162277660168379e-06,0.0001,6324555,p3670
a73,0.31622776601683794,3.162277660168379e-06,0.0001,6324555,p3671
a73,0.31622776601683794,3.162277660168379e-06,0.0001,6324555,p3672
a73,0.31622776601683794,3.162277660168379e-06,0.0001,6324555,p3673
a73,0.31622776601683794,3.162277660168379e-06,0.0001,6324555,p3674
a73,0.31622776601683794,3.162277660168379e-06,0.0001,6324555,p3675
a73,0.31622776601683794,3.162277660168379e-06,0.0001,6324555,p3676
a73,0.31622776601683794,3.162277660168379e-06,0.0001,6324555,p3677
a73,0.31622776601683794,3.162277660168379e-06,0.0001,6324555,p3678
a73,0.31622776601683794,3.162277660168379e-06,0.0001,6324555,p3679
a73,0.31622776601683794,3.162277660168379e-06,0.0001,6324555,p3680
a73,0.31622776601683794,3.162277660168379e-06,0.0001,6324555,p3681
a73,0.31622776601683794,3.162277660168379e-06,0.0001,6324555,p3682
a73,0.31622776601683794,3.162277660168379e-06,0.0001,6324555,p3683
a73,0.31622776601683794,3.162277660168379e-06,0.0001,6324555,p3684
a73,0.31622776601683794,3.162277660168379e-06,0.0001,6324555,p3685
a73,0.31622776601683794,3.162277660168379e-06,0.0001,6324555,p3686
a73,0.31622776601683794,3.162277660168379e-06,0.0001,6324555,p3687
a73,0.31622776601683794,3.162277660168379e-06,0.0001,6324555,p3688
a73,0.31622776601683794,3.162277660168379e-06,0.0001,6324555,p3689
a73,0.31622776601683794,3.162277660168379e-06,0.0001,6324555,p3690
a73,0.31622776601683794,3.162277660168379e-06,0.0001,6324555,p3691
a73,0.31622776601683794,3.162277660168379e-06,0.0001,6324555,p3692
a73,0.31622776601683794,3.162277660168379e-06,0.0001,6324555,p3693
a73,0.31622776601683794,3.162277660168379e-06,0.0001,6324555,p3694
a73,0.31622776601683794,3.162277660168379e-06,0.0001,6324555,p3695
a73,0.31622776601683794,3.162277660168379e-06,0.0001,6324555,p3696
a73,0.31622776601683794,3.162277660168379e-06,0.0001,6324555,p3697
a73,0.31622776601683794,3.162277660168379e-06,0.0001,6324555,p3698
a73,0.31622776601683794,3.162277660168379e-06,0.0001,6324555,p3699
a74,0.31622776601683794,3.162277660168379e-06,0.001,6324555,p3700
a74,0.31622776601683794,3.162277660168379e-06,0.001,6324555,p3701
a74,0.31622776601683794,3.162277660168379e-06,0.001,6324555,p3702
a74,0.31622776601683794,3.162277660168379e-06,0.001,6324555,p3703
a74,0.31622776601683794,3.162277660168379e-06,0.001,6324555,p3704
a74,0.31622776601683794,3.162277660168379e-06,0.001,6324555,p3705
a74,0.31622776601683794,3.162277660168379e-06,0.001,6324555,p3706
a74,0.31622776601683794,3.162277660168379e-06,0.001,6324555,p3707
a74,0.31622776601683794,3.162277660168379e-06,0.001,6324555,p3708
a74,0.31622776601683794,3.162277660168379e-06,0.001,6324555,p3709
a74,0.31622776601683794,3.162277660168379e-06,0.001,6324555,p3710
a74,0.31622776601683794,3.162277660168379e-06,0.001,6324555,p3711
a74,0.31622776601683794,3.162277660168379e-06,0.001,6324555,p3712
a74,0.31622776601683794,3.162277660168379e-06,0.001,6324555,p3713
a74,0.31622776601683794,3.162277660168379e-06,0.001,6324555,p3714
a74,0.31622776601683794,3.162277660168379e-06,0.001,6324555,p3715
a74,0.31622776601683794,3.162277660168379e-06,0.001,6324555,p3716
a74,0.31622776601683794,3.162277660168379e-06,0.001,6324555,p3717
a74,0.31622776601683794,3.162277660168379e-06,0.001,6324555,p3718
a74,0.31622776601683794,3.162277660168379e-06,0.001,6324555,p3719
a74,0.31622776601683794,3.162277660168379e-06,0.001,6324555,p3720
a74,0.31622776601683794,3.162277660168379e-06,0.001,6324555,p3721
a74,0.31622776601683794,3.162277660168379e-06,0.001,6324555,p3722
a74,0.31622776601683794,3.162277660168379e-06,0.001,6324555,p3723
a74,0.31622776601683794,3.162277660168379e-06,0.001,6324555,p3724
a74,0.31622776601683794,3.162277660168379e-06,0.001,6324555,p3725
a74,0.31622776601683794,3.162277660168379e-06,0.001,6324555,p3726
a74,0.31622776601683794,3.162277660168379e-06,0.001,6324555,p3727
a74,0.31622776601683794,3.162277660168379e-06,0.001,6324555,p3728
a74,0.31622776601683794,3.162277660168379e-06,0.001,6324555,p3729
a74,0.31622776601683794,3.162277660168379e-06,0.001,6324555,p3730
a74,0.31622776601683794,3.162277660168379e-06,0.001,6324555,p3731
a74,0.31622776601683794,3.162277660168379e-06,0.001,6324555,p3732
a74,0.31622776601683794,3.162277660168379e-06,0.001,6324555,p3733
a74,0.31622776601683794,3.162277660168379e-06,0.001,6324555,p3734
a74,0.31622776601683794,3.162277660168379e-06,0.001,6324555,p3735
a74,0.31622776601683794,3.162277660168379e-06,0.001,6324555,p3736
a74,0.31622776601683794,3.162277660168379e-06,0.001,6324555,p3737
a74,0.31622776601683794,3.162277660168379e-06,0.001,6324555,p3738
a74,0.31622776601683794,3.162277660168379e-06,0.001,6324555,p3739
a74,0.31622776601683794,3.162277660168379e-06,0.001,6324555,p3740
a74,0.31622776601683794,3.162277660168379e-06,0.001,6324555,p3741
a74,0.31622776601683794,3.162277660168379e-06,0.001,6324555,p3742
a74,0.31622776601683794,3.162277660168379e-06,0.001,6324555,p3743
a74,0.31622776601683794,3.162277660168379e-06,0.001,6324555,p3744
a74,0.31622776601683794,3.162277660168379e-06,0.001,6324555,p3745
a74,0.31622776601683794,3.162277660168379e-06,0.001,6324555,p3746
a74,0.31622776601683794,3.162277660168379e-06,0.001,6324555,p3747
a74,0.31622776601683794,3.162277660168379e-06,0.001,6324555,p3748
a74,0.31622776601683794,3.162277660168379e-06,0.001,6324555,p3749
a75,0.31622776601683794,3.162277660168379e-06,0.01,6324555,p3750
a75,0.31622776601683794,3.162277660168379e-06,0.01,6324555,p3751
a75,0.31622776601683794,3.162277660168379e-06,0.01,6324555,p3752
a75,0.31622776601683794,3.162277660168379e-06,0.01,6324555,p3753
a75,0.31622776601683794,3.162277660168379e-06,0.01,6324555,p3754
a75,0.31622776601683794,3.162277660168379e-06,0.01,6324555,p3755
a75,0.31622776601683794,3.162277660168379e-06,0.01,6324555,p3756
a75,0.31622776601683794,3.162277660168379e-06,0.01,6324555,p3757
a75,0.31622776601683794,3.162277660168379e-06,0.01,6324555,p3758
a75,0.31622776601683794,3.162277660168379e-06,0.01,6324555,p3759
a75,0.31622776601683794,3.162277660168379e-06,0.01,6324555,p3760
a75,0.31622776601683794,3.162277660168379e-06,0.01,6324555,p3761
a75,0.31622776601683794,3.162277660168379e-06,0.01,6324555,p3762
a75,0.31622776601683794,3.162277660168379e-06,0.01,6324555,p3763
a75,0.31622776601683794,3.162277660168379e-06,0.01,6324555,p3764
a75,0.31622776601683794,3.162277660168379e-06,0.01,6324555,p3765
a75,0.31622776601683794,3.162277660168379e-06,0.01,6324555,p3766
a75,0.31622776601683794,3.162277660168379e-06,0.01,6324555,p3767
a75,0.31622776601683794,3.162277660168379e-06,0.01,6324555,p3768
a75,0.31622776601683794,3.162277660168379e-06,0.01,6324555,p3769
a75,0.31622776601683794,3.162277660168379e-06,0.01,6324555,p3770
a75,0.31622776601683794,3.162277660168379e-06,0.01,6324555,p3771
a75,0.31622776601683794,3.162277660168379e-06,0.01,6324555,p3772
a75,0.31622776601683794,3.162277660168379e-06,0.01,6324555,p3773
a75,0.31622776601683794,3.162277660168379e-06,0.01,6324555,p3774
a75,0.31622776601683794,3.162277660168379e-06,0.01,6324555,p3775
a75,0.31622776601683794,3.162277660168379e-06,0.01,6324555,p3776
a75,0.31622776601683794,3.162277660168379e-06,0.01,6324555,p3777
a75,0.31622776601683794,3.162277660168379e-06,0.01,6324555,p3778
a75,0.31622776601683794,3.162277660168379e-06,0.01,6324555,p3779
a75,0.31622776601683794,3.162277660168379e-06,0.01,6324555,p3780
a75,0.31622776601683794,3.162277660168379e-06,0.01,6324555,p3781
a75,0.31622776601683794,3.162277660168379e-06,0.01,6324555,p3782
a75,0.31622776601683794,3.162277660168379e-06,0.01,6324555,p3783
a75,0.31622776601683794,3.162277660168379e-06,0.01,6324555,p3784
a75,0.31622776601683794,3.162277660168379e-06,0.01,6324555,p3785
a75,0.31622776601683794,3.162277660168379e-06,0.01,6324555,p3786
a75,0.31622776601683794,3.162277660168379e-06,0.01,6324555,p3787
a75,0.31622776601683794,3.162277660168379e-06,0.01,6324555,p3788
a75,0.31622776601683794,3.162277660168379e-06,0.01,6324555,p3789
a75,0.31622776601683794,3.162277660168379e-06,0.01,6324555,p3790
a75,0.31622776601683794,3.162277660168379e-06,0.01,6324555,p3791
a75,0.31622776601683794,3.162277660168379e-06,0.01,6324555,p3792
a75,0.31622776601683794,3.162277660168379e-06,0.01,6324555,p3793
a75,0.31622776601683794,3.162277660168379e-06,0.01,6324555,p3794
a75,0.31622776601683794,3.162277660168379e-06,0.01,6324555,p3795
a75,0.31622776601683794,3.162277660168379e-06,0.01,6324555,p3796
a75,0.31622776601683794,3.162277660168379e-06,0.01,6324555,p3797
a75,0.31622776601683794,3.162277660168379e-06,0.01,6324555,p3798
a75,0.31622776601683794,3.162277660168379e-06,0.01,6324555,p3799
a76,0.31622776601683794,3.162277660168379e-06,0.1,6324555,p3800
a76,0.31622776601683794,3.162277660168379e-06,0.1,6324555,p3801
a76,0.31622776601683794,3.162277660168379e-06,0.1,6324555,p3802
a76,0.31622776601683794,3.162277660168379e-06,0.1,6324555,p3803
a76,0.31622776601683794,3.162277660168379e-06,0.1,6324555,p3804
a76,0.31622776601683794,3.162277660168379e-06,0.1,6324555,p3805
a76,0.31622776601683794,3.162277660168379e-06,0.1,6324555,p3806
a76,0.31622776601683794,3.162277660168379e-06,0.1,6324555,p3807
a76,0.31622776601683794,3.162277660168379e-06,0.1,6324555,p3808
a76,0.31622776601683794,3.162277660168379e-06,0.1,6324555,p3809
a76,0.31622776601683794,3.162277660168379e-06,0.1,6324555,p3810
a76,0.31622776601683794,3.162277660168379e-06,0.1,6324555,p3811
a76,0.31622776601683794,3.162277660168379e-06,0.1,6324555,p3812
a76,0.31622776601683794,3.162277660168379e-06,0.1,6324555,p3813
a76,0.31622776601683794,3.162277660168379e-06,0.1,6324555,p3814
a76,0.31622776601683794,3.162277660168379e-06,0.1,6324555,p3815
a76,0.31622776601683794,3.162277660168379e-06,0.1,6324555,p3816
a76,0.31622776601683794,3.162277660168379e-06,0.1,6324555,p3817
a76,0.31622776601683794,3.162277660168379e-06,0.1,6324555,p3818
a76,0.31622776601683794,3.162277660168379e-06,0.1,6324555,p3819
a76,0.31622776601683794,3.162277660168379e-06,0.1,6324555,p3820
a76,0.31622776601683794,3.162277660168379e-06,0.1,6324555,p3821
a76,0.31622776601683794,3.162277660168379e-06,0.1,6324555,p3822
a76,0.31622776601683794,3.162277660168379e-06,0.1,6324555,p3823
a76,0.31622776601683794,3.162277660168379e-06,0.1,6324555,p3824
a76,0.31622776601683794,3.162277660168379e-06,0.1,6324555,p3825
a76,0.31622776601683794,3.162277660168379e-06,0.1,6324555,p3826
a76,0.31622776601683794,3.162277660168379e-06,0.1,6324555,p3827
a76,0.31622776601683794,3.162277660168379e-06,0.1,6324555,p3828
a76,0.31622776601683794,3.162277660168379e-06,0.1,6324555,p3829
a76,0.31622776601683794,3.162277660168379e-06,0.1,6324555,p3830
a76,0.31622776601683794,3.162277660168379e-06,0.1,6324555,p3831
a76,0.31622776601683794,3.162277660168379e-06,0.1,6324555,p3832
a76,0.31622776601683794,3.162277660168379e-06,0.1,6324555,p3833
a76,0.31622776601683794,3.162277660168379e-06,0.1,6324555,p3834
a76,0.31622776601683794,3.162277660168379e-06,0.1,6324555,p3835
a76,0.31622776601683794,3.162277660168379e-06,0.1,6324555,p3836
a76,0.31622776601683794,3.162277660168379e-06,0.1,6324555,p3837
a76,0.31622776601683794,3.162277660168379e-06,0.1,6324555,p3838
a76,0.31622776601683794,3.162277660168379e-06,0.1,6324555,p3839
a76,0.31622776601683794,3.162277660168379e-06,0.1,6324555,p3840
a76,0.31622776601683794,3.162277660168379e-06,0.1,6324555,p3841
a76,0.31622776601683794,3.162277660168379e-06,0.1,6324555,p3842
a76,0.31622776601683794,3.162277660168379e-06,0.1,6324555,p3843
a76,0.31622776601683794,3.162277660168379e-06,0.1,6324555,p3844
a76,0.31622776601683794,3.162277660168379e-06,0.1,6324555,p3845
a76,0.31622776601683794,3.162277660168379e-06,0.1,6324555,p3846
a76,0.31622776601683794,3.162277660168379e-06,0.1,6324555,p3847
a76,0.31622776601683794,3.162277660168379e-06,0.1,6324555,p3848
a76,0.31622776601683794,3.162277660168379e-06,0.1,6324555,p3849
a77,0.31622776601683794,9.999999999999999e-06,1e-07,2000000,p3850
a77,0.31622776601683794,9.999999999999999e-06,1e-07,2000000,p3851
a77,0.31622776601683794,9.999999999999999e-06,1e-07,2000000,p3852
a77,0.31622776601683794,9.999999999999999e-06,1e-07,2000000,p3853
a77,0.31622776601683794,9.999999999999999e-06,1e-07,2000000,p3854
a77,0.31622776601683794,9.999999999999999e-06,1e-07,2000000,p3855
a77,0.31622776601683794,9.999999999999999e-06,1e-07,2000000,p3856
a77,0.31622776601683794,9.999999999999999e-06,1e-07,2000000,p3857
a77,0.31622776601683794,9.999999999999999e-06,1e-07,2000000,p3858
a77,0.31622776601683794,9.999999999999999e-06,1e-07,2000000,p3859
a77,0.31622776601683794,9.999999999999999e-06,1e-07,2000000,p3860
a77,0.31622776601683794,9.999999999999999e-06,1e-07,2000000,p3861
a77,0.31622776601683794,9.999999999999999e-06,1e-07,2000000,p3862
a77,0.31622776601683794,9.999999999999999e-06,1e-07,2000000,p3863
a77,0.31622776601683794,9.999999999999999e-06,1e-07,2000000,p3864
a77,0.31622776601683794,9.999999999999999e-06,1e-07,2000000,p3865
a77,0.31622776601683794,9.999999999999999e-06,1e-07,2000000,p3866
a77,0.31622776601683794,9.999999999999999e-06,1e-07,2000000,p3867
a77,0.31622776601683794,9.999999999999999e-06,1e-07,2000000,p3868
a77,0.31622776601683794,9.999999999999999e-06,1e-07,2000000,p3869
a77,0.31622776601683794,9.999999999999999e-06,1e-07,2000000,p3870
a77,0.31622776601683794,9.999999999999999e-06,1e-07,2000000,p3871
a77,0.31622776601683794,9.999999999999999e-06,1e-07,2000000,p3872
a77,0.31622776601683794,9.999999999999999e-06,1e-07,2000000,p3873
a77,0.31622776601683794,9.999999999999999e-06,1e-07,2000000,p3874
a77,0.31622776601683794,9.999999999999999e-06,1e-07,2000000,p3875
a77,0.31622776601683794,9.999999999999999e-06,1e-07,2000000,p3876
a77,0.31622776601683794,9.999999999999999e-06,1e-07,2000000,p3877
a77,0.31622776601683794,9.999999999999999e-06,1e-07,2000000,p3878
a77,0.31622776601683794,9.999999999999999e-06,1e-07,2000000,p3879
a77,0.31622776601683794,9.999999999999999e-06,1e-07,2000000,p3880
a77,0.31622776601683794,9.999999999999999e-06,1e-07,2000000,p3881
a77,0.31622776601683794,9.999999999999999e-06,1e-07,2000000,p3882
a77,0.31622776601683794,9.999999999999999e-06,1e-07,2000000,p3883
a77,0.31622776601683794,9.999999999999999e-06,1e-07,2000000,p3884
a77,0.31622776601683794,9.999999999999999e-06,1e-07,2000000,p3885
a77,0.31622776601683794,9.999999999999999e-06,1e-07,2000000,p3886
a77,0.31622776601683794,9.999999999999999e-06,1e-07,2000000,p3887
a77,0.31622776601683794,9.999999999999999e-06,1e-07,2000000,p3888
a77,0.31622776601683794,9.999999999999999e-06,1e-07,2000000,p3889
a77,0.31622776601683794,9.999999999999999e-06,1e-07,2000000,p3890
a77,0.31622776601683794,9.999999999999999e-06,1e-07,2000000,p3891
a77,0.31622776601683794,9.999999999999999e-06,1e-07,2000000,p3892
a77,0.31622776601683794,9.999999999999999e-06,1e-07,2000000,p3893
a77,0.31622776601683794,9.999999999999999e-06,1e-07,2000000,p3894
a77,0.31622776601683794,9.999999999999999e-06,1e-07,2000000,p3895
a77,0.31622776601683794,9.999999999999999e-06,1e-07,2000000,p3896
a77,0.31622776601683794,9.999999999999999e-06,1e-07,2000000,p3897
a77,0.31622776601683794,9.999999999999999e-06,1e-07,2000000,p3898
a77,0.31622776601683794,9.999999999999999e-06,1e-07,2000000,p3899
a78,0.31622776601683794,9.999999999999999e-06,1e-06,2000000,p3900
a78,0.31622776601683794,9.999999999999999e-06,1e-06,2000000,p3901
a78,0.31622776601683794,9.999999999999999e-06,1e-06,2000000,p3902
a78,0.31622776601683794,9.999999999999999e-06,1e-06,2000000,p3903
a78,0.31622776601683794,9.999999999999999e-06,1e-06,2000000,p3904
a78,0.31622776601683794,9.999999999999999e-06,1e-06,2000000,p3905
a78,0.31622776601683794,9.999999999999999e-06,1e-06,2000000,p3906
a78,0.31622776601683794,9.999999999999999e-06,1e-06,2000000,p3907
a78,0.31622776601683794,9.999999999999999e-06,1e-06,2000000,p3908
a78,0.31622776601683794,9.999999999999999e-06,1e-06,2000000,p3909
a78,0.31622776601683794,9.999999999999999e-06,1e-06,2000000,p3910
a78,0.31622776601683794,9.999999999999999e-06,1e-06,2000000,p3911
a78,0.31622776601683794,9.999999999999999e-06,1e-06,2000000,p3912
a78,0.31622776601683794,9.999999999999999e-06,1e-06,2000000,p3913
a78,0.31622776601683794,9.999999999999999e-06,1e-06,2000000,p3914
a78,0.31622776601683794,9.999999999999999e-06,1e-06,2000000,p3915
a78,0.31622776601683794,9.999999999999999e-06,1e-06,2000000,p3916
a78,0.31622776601683794,9.999999999999999e-06,1e-06,2000000,p3917
a78,0.31622776601683794,9.999999999999999e-06,1e-06,2000000,p3918
a78,0.31622776601683794,9.999999999999999e-06,1e-06,2000000,p3919
a78,0.31622776601683794,9.999999999999999e-06,1e-06,2000000,p3920
a78,0.31622776601683794,9.999999999999999e-06,1e-06,2000000,p3921
a78,0.31622776601683794,9.999999999999999e-06,1e-06,2000000,p3922
a78,0.31622776601683794,9.999999999999999e-06,1e-06,2000000,p3923
a78,0.31622776601683794,9.999999999999999e-06,1e-06,2000000,p3924
a78,0.31622776601683794,9.999999999999999e-06,1e-06,2000000,p3925
a78,0.31622776601683794,9.999999999999999e-06,1e-06,2000000,p3926
a78,0.31622776601683794,9.999999999999999e-06,1e-06,2000000,p3927
a78,0.31622776601683794,9.999999999999999e-06,1e-06,2000000,p3928
a78,0.31622776601683794,9.999999999999999e-06,1e-06,2000000,p3929
a78,0.31622776601683794,9.999999999999999e-06,1e-06,2000000,p3930
a78,0.31622776601683794,9.999999999999999e-06,1e-06,2000000,p3931
a78,0.31622776601683794,9.999999999999999e-06,1e-06,2000000,p3932
a78,0.31622776601683794,9.999999999999999e-06,1e-06,2000000,p3933
a78,0.31622776601683794,9.999999999999999e-06,1e-06,2000000,p3934
a78,0.31622776601683794,9.999999999999999e-06,1e-06,2000000,p3935
a78,0.31622776601683794,9.999999999999999e-06,1e-06,2000000,p3936
a78,0.31622776601683794,9.999999999999999e-06,1e-06,2000000,p3937
a78,0.31622776601683794,9.999999999999999e-06,1e-06,2000000,p3938
a78,0.31622776601683794,9.999999999999999e-06,1e-06,2000000,p3939
a78,0.31622776601683794,9.999999999999999e-06,1e-06,2000000,p3940
a78,0.31622776601683794,9.999999999999999e-06,1e-06,2000000,p3941
a78,0.31622776601683794,9.999999999999999e-06,1e-06,2000000,p3942
a78,0.31622776601683794,9.999999999999999e-06,1e-06,2000000,p3943
a78,0.31622776601683794,9.999999999999999e-06,1e-06,2000000,p3944
a78,0.31622776601683794,9.999999999999999e-06,1e-06,2000000,p3945
a78,0.31622776601683794,9.999999999999999e-06,1e-06,2000000,p3946
a78,0.31622776601683794,9.999999999999999e-06,1e-06,2000000,p3947
a78,0.31622776601683794,9.999999999999999e-06,1e-06,2000000,p3948
a78,0.31622776601683794,9.999999999999999e-06,1e-06,2000000,p3949
a79,0.31622776601683794,9.999999999999999e-06,9.999999999999999e-06,2000000,p3950
a79,0.31622776601683794,9.999999999999999e-06,9.999999999999999e-06,2000000,p3951
a79,0.31622776601683794,9.999999999999999e-06,9.999999999999999e-06,2000000,p3952
a79,0.31622776601683794,9.999999999999999e-06,9.999999999999999e-06,2000000,p3953
a79,0.31622776601683794,9.999999999999999e-06,9.999999999999999e-06,2000000,p3954
a79,0.31622776601683794,9.999999999999999e-06,9.999999999999999e-06,2000000,p3955
a79,0.31622776601683794,9.999999999999999e-06,9.999999999999999e-06,2000000,p3956
a79,0.31622776601683794,9.999999999999999e-06,9.999999999999999e-06,2000000,p3957
a79,0.31622776601683794,9.999999999999999e-06,9.999999999999999e-06,2000000,p3958
a79,0.31622776601683794,9.999999999999999e-06,9.999999999999999e-06,2000000,p3959
a79,0.31622776601683794,9.999999999999999e-06,9.999999999999999e-06,2000000,p3960
a79,0.31622776601683794,9.999999999999999e-06,9.999999999999999e-06,2000000,p3961
a79,0.31622776601683794,9.999999999999999e-06,9.999999999999999e-06,2000000,p3962
a79,0.31622776601683794,9.999999999999999e-06,9.999999999999999e-06,2000000,p3963
a79,0.31622776601683794,9.999999999999999e-06,9.999999999999999e-06,2000000,p3964
a79,0.31622776601683794,9.999999999999999e-06,9.999999999999999e-06,2000000,p3965
a79,0.31622776601683794,9.999999999999999e-06,9.999999999999999e-06,2000000,p3966
a79,0.31622776601683794,9.999999999999999e-06,9.999999999999999e-06,2000000,p3967
a79,0.31622776601683794,9.999999999999999e-06,9.999999999999999e-06,2000000,p3968
a79,0.31622776601683794,9.999999999999999e-06,9.999999999999999e-06,2000000,p3969
a79,0.31622776601683794,9.999999999999999e-06,9.999999999999999e-06,2000000,p3970
a79,0.31622776601683794,9.999999999999999e-06,9.999999999999999e-06,2000000,p3971
a79,0.31622776601683794,9.999999999999999e-06,9.999999999999999e-06,2000000,p3972
a79,0.31622776601683794,9.999999999999999e-06,9.999999999999999e-06,2000000,p3973
a79,0.31622776601683794,9.999999999999999e-06,9.999999999999999e-06,2000000,p3974
a79,0.31622776601683794,9.999999999999999e-06,9.999999999999999e-06,2000000,p3975
a79,0.31622776601683794,9.999999999999999e-06,9.999999999999999e-06,2000000,p3976
a79,0.31622776601683794,9.999999999999999e-06,9.999999999999999e-06,2000000,p3977
a79,0.31622776601683794,9.999999999999999e-06,9.999999999999999e-06,2000000,p3978
a79,0.31622776601683794,9.999999999999999e-06,9.999999999999999e-06,2000000,p3979
a79,0.31622776601683794,9.999999999999999e-06,9.999999999999999e-06,2000000,p3980
a79,0.31622776601683794,9.999999999999999e-06,9.999999999999999e-06,2000000,p3981
a79,0.31622776601683794,9.999999999999999e-06,9.999999999999999e-06,2000000,p3982
a79,0.31622776601683794,9.999999999999999e-06,9.999999999999999e-06,2000000,p3983
a79,0.31622776601683794,9.999999999999999e-06,9.999999999999999e-06,2000000,p3984
a79,0.31622776601683794,9.999999999999999e-06,9.999999999999999e-06,2000000,p3985
a79,0.31622776601683794,9.999999999999999e-06,9.999999999999999e-06,2000000,p3986
a79,0.31622776601683794,9.999999999999999e-06,9.999999999999999e-06,2000000,p3987
a79,0.31622776601683794,9.999999999999999e-06,9.999999999999999e-06,2000000,p3988
a79,0.31622776601683794,9.999999999999999e-06,9.999999999999999e-06,2000000,p3989
a79,0.31622776601683794,9.999999999999999e-06,9.999999999999999e-06,2000000,p3990
a79,0.31622776601683794,9.999999999999999e-06,9.999999999999999e-06,2000000,p3991
a79,0.31622776601683794,9.999999999999999e-06,9.999999999999999e-06,2000000,p3992
a79,0.31622776601683794,9.999999999999999e-06,9.999999999999999e-06,2000000,p3993
a79,0.31622776601683794,9.999999999999999e-06,9.999999999999999e-06,2000000,p3994
a79,0.31622776601683794,9.999999999999999e-06,9.999999999999999e-06,2000000,p3995
a79,0.31622776601683794,9.999999999999999e-06,9.999999999999999e-06,2000000,p3996
a79,0.31622776601683794,9.999999999999999e-06,9.999999999999999e-06,2000000,p3997
a79,0.31622776601683794,9.999999999999999e-06,9.999999999999999e-06,2000000,p3998
a79,0.31622776601683794,9.999999999999999e-06,9.999999999999999e-06,2000000,p3999
a80,0.31622776601683794,9.999999999999999e-06,0.0001,2000000,p4000
a80,0.31622776601683794,9.999999999999999e-06,0.0001,2000000,p4001
a80,0.31622776601683794,9.999999999999999e-06,0.0001,2000000,p4002
a80,0.31622776601683794,9.999999999999999e-06,0.0001,2000000,p4003
a80,0.31622776601683794,9.999999999999999e-06,0.0001,2000000,p4004
a80,0.31622776601683794,9.999999999999999e-06,0.0001,2000000,p4005
a80,0.31622776601683794,9.999999999999999e-06,0.0001,2000000,p4006
a80,0.31622776601683794,9.999999999999999e-06,0.0001,2000000,p4007
a80,0.31622776601683794,9.999999999999999e-06,0.0001,2000000,p4008
a80,0.31622776601683794,9.999999999999999e-06,0.0001,2000000,p4009
a80,0.31622776601683794,9.999999999999999e-06,0.0001,2000000,p4010
a80,0.31622776601683794,9.999999999999999e-06,0.0001,2000000,p4011
a80,0.31622776601683794,9.999999999999999e-06,0.0001,2000000,p4012
a80,0.31622776601683794,9.999999999999999e-06,0.0001,2000000,p4013
a80,0.31622776601683794,9.999999999999999e-06,0.0001,2000000,p4014
a80,0.31622776601683794,9.999999999999999e-06,0.0001,2000000,p4015
a80,0.31622776601683794,9.999999999999999e-06,0.0001,2000000,p4016
a80,0.31622776601683794,9.999999999999999e-06,0.0001,2000000,p4017
a80,0.31622776601683794,9.999999999999999e-06,0.0001,2000000,p4018
a80,0.31622776601683794,9.999999999999999e-06,0.0001,2000000,p4019
a80,0.31622776601683794,9.999999999999999e-06,0.0001,2000000,p4020
a80,0.31622776601683794,9.999999999999999e-06,0.0001,2000000,p4021
a80,0.31622776601683794,9.999999999999999e-06,0.0001,2000000,p4022
a80,0.31622776601683794,9.999999999999999e-06,0.0001,2000000,p4023
a80,0.31622776601683794,9.999999999999999e-06,0.0001,2000000,p4024
a80,0.31622776601683794,9.999999999999999e-06,0.0001,2000000,p4025
a80,0.31622776601683794,9.999999999999999e-06,0.0001,2000000,p4026
a80,0.31622776601683794,9.999999999999999e-06,0.0001,2000000,p4027
a80,0.31622776601683794,9.999999999999999e-06,0.0001,2000000,p4028
a80,0.31622776601683794,9.999999999999999e-06,0.0001,2000000,p4029
a80,0.31622776601683794,9.999999999999999e-06,0.0001,2000000,p4030
a80,0.31622776601683794,9.999999999999999e-06,0.0001,2000000,p4031
a80,0.31622776601683794,9.999999999999999e-06,0.0001,2000000,p4032
a80,0.31622776601683794,9.999999999999999e-06,0.0001,2000000,p4033
a80,0.31622776601683794,9.999999999999999e-06,0.0001,2000000,p4034
a80,0.31622776601683794,9.999999999999999e-06,0.0001,2000000,p4035
a80,0.31622776601683794,9.999999999999999e-06,0.0001,2000000,p4036
a80,0.31622776601683794,9.999999999999999e-06,0.0001,2000000,p4037
a80,0.31622776601683794,9.999999999999999e-06,0.0001,2000000,p4038
a80,0.31622776601683794,9.999999999999999e-06,0.0001,2000000,p4039
a80,0.31622776601683794,9.999999999999999e-06,0.0001,2000000,p4040
a80,0.31622776601683794,9.999999999999999e-06,0.0001,2000000,p4041
a80,0.31622776601683794,9.999999999999999e-06,0.0001,2000000,p4042
a80,0.31622776601683794,9.999999999999999e-06,0.0001,2000000,p4043
a80,0.31622776601683794,9.999999999999999e-06,0.0001,2000000,p4044
a80,0.31622776601683794,9.999999999999999e-06,0.0001,2000000,p4045
a80,0.31622776601683794,9.999999999999999e-06,0.0001,2000000,p4046
a80,0.31622776601683794,9.999999999999999e-06,0.0001,2000000,p4047
a80,0.31622776601683794,9.999999999999999e-06,0.0001,2000000,p4048
a80,0.31622776601683794,9.999999999999999e-06,0.0001,2000000,p4049
a81,0.31622776601683794,9.999999999999999e-06,0.001,2000000,p4050
a81,0.31622776601683794,9.999999999999999e-06,0.001,2000000,p4051
a81,0.31622776601683794,9.999999999999999e-06,0.001,2000000,p4052
a81,0.31622776601683794,9.999999999999999e-06,0.001,2000000,p4053
a81,0.31622776601683794,9.999999999999999e-06,0.001,2000000,p4054
a81,0.31622776601683794,9.999999999999999e-06,0.001,2000000,p4055
a81,0.31622776601683794,9.999999999999999e-06,0.001,2000000,p4056
a81,0.31622776601683794,9.999999999999999e-06,0.001,2000000,p4057
a81,0.31622776601683794,9.999999999999999e-06,0.001,2000000,p4058
a81,0.31622776601683794,9.999999999999999e-06,0.001,2000000,p4059
a81,0.31622776601683794,9.999999999999999e-06,0.001,2000000,p4060
a81,0.31622776601683794,9.999999999999999e-06,0.001,2000000,p4061
a81,0.31622776601683794,9.999999999999999e-06,0.001,2000000,p4062
a81,0.31622776601683794,9.999999999999999e-06,0.001,2000000,p4063
a81,0.31622776601683794,9.999999999999999e-06,0.001,2000000,p4064
a81,0.31622776601683794,9.999999999999999e-06,0.001,2000000,p4065
a81,0.31622776601683794,9.999999999999999e-06,0.001,2000000,p4066
a81,0.31622776601683794,9.999999999999999e-06,0.001,2000000,p4067
a81,0.31622776601683794,9.999999999999999e-06,0.001,2000000,p4068
a81,0.31622776601683794,9.999999999999999e-06,0.001,2000000,p4069
a81,0.31622776601683794,9.999999999999999e-06,0.001,2000000,p4070
a81,0.31622776601683794,9.999999999999999e-06,0.001,2000000,p4071
a81,0.31622776601683794,9.999999999999999e-06,0.001,2000000,p4072
a81,0.31622776601683794,9.999999999999999e-06,0.001,2000000,p4073
a81,0.31622776601683794,9.999999999999999e-06,0.001,2000000,p4074
a81,0.31622776601683794,9.999999999999999e-06,0.001,2000000,p4075
a81,0.31622776601683794,9.999999999999999e-06,0.001,2000000,p4076
a81,0.31622776601683794,9.999999999999999e-06,0.001,2000000,p4077
a81,0.31622776601683794,9.999999999999999e-06,0.001,2000000,p4078
a81,0.31622776601683794,9.999999999999999e-06,0.001,2000000,p4079
a81,0.31622776601683794,9.999999999999999e-06,0.001,2000000,p4080
a81,0.31622776601683794,9.999999999999999e-06,0.001,2000000,p4081
a81,0.31622776601683794,9.999999999999999e-06,0.001,2000000,p4082
a81,0.31622776601683794,9.999999999999999e-06,0.001,2000000,p4083
a81,0.31622776601683794,9.999999999999999e-06,0.001,2000000,p4084
a81,0.31622776601683794,9.999999999999999e-06,0.001,2000000,p4085
a81,0.31622776601683794,9.999999999999999e-06,0.001,2000000,p4086
a81,0.31622776601683794,9.999999999999999e-06,0.001,2000000,p4087
a81,0.31622776601683794,9.999999999999999e-06,0.001,2000000,p4088
a81,0.31622776601683794,9.999999999999999e-06,0.001,2000000,p4089
a81,0.31622776601683794,9.999999999999999e-06,0.001,2000000,p4090
a81,0.31622776601683794,9.999999999999999e-06,0.001,2000000,p4091
a81,0.31622776601683794,9.999999999999999e-06,0.001,2000000,p4092
a81,0.31622776601683794,9.999999999999999e-06,0.001,2000000,p4093
a81,0.31622776601683794,9.999999999999999e-06,0.001,2000000,p4094
a81,0.31622776601683794,9.999999999999999e-06,0.001,2000000,p4095
a81,0.31622776601683794,9.999999999999999e-06,0.001,2000000,p4096
a81,0.31622776601683794,9.999999999999999e-06,0.001,2000000,p4097
a81,0.31622776601683794,9.999999999999999e-06,0.001,2000000,p4098
a81,0.31622776601683794,9.999999999999999e-06,0.001,2000000,p4099
a82,0.31622776601683794,9.999999999999999e-06,0.01,2000000,p4100
a82,0.31622776601683794,9.999999999999999e-06,0.01,2000000,p4101
a82,0.31622776601683794,9.999999999999999e-06,0.01,2000000,p4102
a82,0.31622776601683794,9.999999999999999e-06,0.01,2000000,p4103
a82,0.31622776601683794,9.999999999999999e-06,0.01,2000000,p4104
a82,0.31622776601683794,9.999999999999999e-06,0.01,2000000,p4105
a82,0.31622776601683794,9.999999999999999e-06,0.01,2000000,p4106
a82,0.31622776601683794,9.999999999999999e-06,0.01,2000000,p4107
a82,0.31622776601683794,9.999999999999999e-06,0.01,2000000,p4108
a82,0.31622776601683794,9.999999999999999e-06,0.01,2000000,p4109
a82,0.31622776601683794,9.999999999999999e-06,0.01,2000000,p4110
a82,0.31622776601683794,9.999999999999999e-06,0.01,2000000,p4111
a82,0.31622776601683794,9.999999999999999e-06,0.01,2000000,p4112
a82,0.31622776601683794,9.999999999999999e-06,0.01,2000000,p4113
a82,0.31622776601683794,9.999999999999999e-06,0.01,2000000,p4114
a82,0.31622776601683794,9.999999999999999e-06,0.01,2000000,p4115
a82,0.31622776601683794,9.999999999999999e-06,0.01,2000000,p4116
a82,0.31622776601683794,9.999999999999999e-06,0.01,2000000,p4117
a82,0.31622776601683794,9.999999999999999e-06,0.01,2000000,p4118
a82,0.31622776601683794,9.999999999999999e-06,0.01,2000000,p4119
a82,0.31622776601683794,9.999999999999999e-06,0.01,2000000,p4120
a82,0.31622776601683794,9.999999999999999e-06,0.01,2000000,p4121
a82,0.31622776601683794,9.999999999999999e-06,0.01,2000000,p4122
a82,0.31622776601683794,9.999999999999999e-06,0.01,2000000,p4123
a82,0.31622776601683794,9.999999999999999e-06,0.01,2000000,p4124
a82,0.31622776601683794,9.999999999999999e-06,0.01,2000000,p4125
a82,0.31622776601683794,9.999999999999999e-06,0.01,2000000,p4126
a82,0.31622776601683794,9.999999999999999e-06,0.01,2000000,p4127
a82,0.31622776601683794,9.999999999999999e-06,0.01,2000000,p4128
a82,0.31622776601683794,9.999999999999999e-06,0.01,2000000,p4129
a82,0.31622776601683794,9.999999999999999e-06,0.01,2000000,p4130
a82,0.31622776601683794,9.999999999999999e-06,0.01,2000000,p4131
a82,0.31622776601683794,9.999999999999999e-06,0.01,2000000,p4132
a82,0.31622776601683794,9.999999999999999e-06,0.01,2000000,p4133
a82,0.31622776601683794,9.999999999999999e-06,0.01,2000000,p4134
a82,0.31622776601683794,9.999999999999999e-06,0.01,2000000,p4135
a82,0.31622776601683794,9.999999999999999e-06,0.01,2000000,p4136
a82,0.31622776601683794,9.999999999999999e-06,0.01,2000000,p4137
a82,0.31622776601683794,9.999999999999999e-06,0.01,2000000,p4138
a82,0.31622776601683794,9.999999999999999e-06,0.01,2000000,p4139
a82,0.31622776601683794,9.999999999999999e-06,0.01,2000000,p4140
a82,0.31622776601683794,9.999999999999999e-06,0.01,2000000,p4141
a82,0.31622776601683794,9.999999999999999e-06,0.01,2000000,p4142
a82,0.31622776601683794,9.999999999999999e-06,0.01,2000000,p4143
a82,0.31622776601683794,9.999999999999999e-06,0.01,2000000,p4144
a82,0.31622776601683794,9.999999999999999e-06,0.01,2000000,p4145
a82,0.31622776601683794,9.999999999999999e-06,0.01,2000000,p4146
a82,0.31622776601683794,9.999999999999999e-06,0.01,2000000,p4147
a82,0.31622776601683794,9.999999999999999e-06,0.01,2000000,p4148
a82,0.31622776601683794,9.999999999999999e-06,0.01,2000000,p4149
a83,0.31622776601683794,9.999999999999999e-06,0.1,2000000,p4150
a83,0.31622776601683794,9.999999999999999e-06,0.1,2000000,p4151
a83,0.31622776601683794,9.999999999999999e-06,0.1,2000000,p4152
a83,0.31622776601683794,9.999999999999999e-06,0.1,2000000,p4153
a83,0.31622776601683794,9.999999999999999e-06,0.1,2000000,p4154
a83,0.31622776601683794,9.999999999999999e-06,0.1,2000000,p4155
a83,0.31622776601683794,9.999999999999999e-06,0.1,2000000,p4156
a83,0.31622776601683794,9.999999999999999e-06,0.1,2000000,p4157
a83,0.31622776601683794,9.999999999999999e-06,0.1,2000000,p4158
a83,0.31622776601683794,9.999999999999999e-06,0.1,2000000,p4159
a83,0.31622776601683794,9.999999999999999e-06,0.1,2000000,p4160
a83,0.31622776601683794,9.999999999999999e-06,0.1,2000000,p4161
a83,0.31622776601683794,9.999999999999999e-06,0.1,2000000,p4162
a83,0.31622776601683794,9.999999999999999e-06,0.1,2000000,p4163
a83,0.31622776601683794,9.999999999999999e-06,0.1,2000000,p4164
a83,0.31622776601683794,9.999999999999999e-06,0.1,2000000,p4165
a83,0.31622776601683794,9.999999999999999e-06,0.1,2000000,p4166
a83,0.31622776601683794,9.999999999999999e-06,0.1,2000000,p4167
a83,0.31622776601683794,9.999999999999999e-06,0.1,2000000,p4168
a83,0.31622776601683794,9.999999999999999e-06,0.1,2000000,p4169
a83,0.31622776601683794,9.999999999999999e-06,0.1,2000000,p4170
a83,0.31622776601683794,9.999999999999999e-06,0.1,2000000,p4171
a83,0.31622776601683794,9.999999999999999e-06,0.1,2000000,p4172
a83,0.31622776601683794,9.999999999999999e-06,0.1,2000000,p4173
a83,0.31622776601683794,9.999999999999999e-06,0.1,2000000,p4174
a83,0.31622776601683794,9.999999999999999e-06,0.1,2000000,p4175
a83,0.31622776601683794,9.999999999999999e-06,0.1,2000000,p4176
a83,0.31622776601683794,9.999999999999999e-06,0.1,2000000,p4177
a83,0.31622776601683794,9.999999999999999e-06,0.1,2000000,p4178
a83,0.31622776601683794,9.999999999999999e-06,0.1,2000000,p4179
a83,0.31622776601683794,9.999999999999999e-06,0.1,2000000,p4180
a83,0.31622776601683794,9.999999999999999e-06,0.1,2000000,p4181
a83,0.31622776601683794,9.999999999999999e-06,0.1,2000000,p4182
a83,0.31622776601683794,9.999999999999999e-06,0.1,2000000,p4183
a83,0.31622776601683794,9.999999999999999e-06,0.1,2000000,p4184
a83,0.31622776601683794,9.999999999999999e-06,0.1,2000000,p4185
a83,0.31622776601683794,9.999999999999999e-06,0.1,2000000,p4186
a83,0.31622776601683794,9.999999999999999e-06,0.1,2000000,p4187
a83,0.31622776601683794,9.999999999999999e-06,0.1,2000000,p4188
a83,0.31622776601683794,9.999999999999999e-06,0.1,2000000,p4189
a83,0.31622776601683794,9.999999999999999e-06,0.1,2000000,p4190
a83,0.31622776601683794,9.999999999999999e-06,0.1,2000000,p4191
a83,0.31622776601683794,9.999999999999999e-06,0.1,2000000,p4192
a83,0.31622776601683794,9.999999999999999e-06,0.1,2000000,p4193
a83,0.31622776601683794,9.999999999999999e-06,0.1,2000000,p4194
a83,0.31622776601683794,9.999999999999999e-06,0.1,2000000,p4195
a83,0.31622776601683794,9.999999999999999e-06,0.1,2000000,p4196
a83,0.31622776601683794,9.999999999999999e-06,0.1,2000000,p4197
a83,0.31622776601683794,9.999999999999999e-06,0.1,2000000,p4198
a83,0.31622776601683794,9.999999999999999e-06,0.1,2000000,p4199
a84,0.31622776601683794,3.1622776601683795e-05,1e-07,632455,p4200
a84,0.31622776601683794,3.1622776601683795e-05,1e-07,632455,p4201
a84,0.31622776601683794,3.1622776601683795e-05,1e-07,632455,p4202
a84,0.31622776601683794,3.1622776601683795e-05,1e-07,632455,p4203
a84,0.31622776601683794,3.1622776601683795e-05,1e-07,632455,p4204
a84,0.31622776601683794,3.1622776601683795e-05,1e-07,632455,p4205
a84,0.31622776601683794,3.1622776601683795e-05,1e-07,632455,p4206
a84,0.31622776601683794,3.1622776601683795e-05,1e-07,632455,p4207
a84,0.31622776601683794,3.1622776601683795e-05,1e-07,632455,p4208
a84,0.31622776601683794,3.1622776601683795e-05,1e-07,632455,p4209
a84,0.31622776601683794,3.1622776601683795e-05,1e-07,632455,p4210
a84,0.31622776601683794,3.1622776601683795e-05,1e-07,632455,p4211
a84,0.31622776601683794,3.1622776601683795e-05,1e-07,632455,p4212
a84,0.31622776601683794,3.1622776601683795e-05,1e-07,632455,p4213
a84,0.31622776601683794,3.1622776601683795e-05,1e-07,632455,p4214
a84,0.31622776601683794,3.1622776601683795e-05,1e-07,632455,p4215
a84,0.31622776601683794,3.1622776601683795e-05,1e-07,632455,p4216
a84,0.31622776601683794,3.1622776601683795e-05,1e-07,632455,p4217
a84,0.31622776601683794,3.1622776601683795e-05,1e-07,632455,p4218
a84,0.31622776601683794,3.1622776601683795e-05,1e-07,632455,p4219
a84,0.31622776601683794,3.1622776601683795e-05,1e-07,632455,p4220
a84,0.31622776601683794,3.1622776601683795e-05,1e-07,632455,p4221
a84,0.31622776601683794,3.1622776601683795e-05,1e-07,632455,p4222
a84,0.31622776601683794,3.1622776601683795e-05,1e-07,632455,p4223
a84,0.31622776601683794,3.1622776601683795e-05,1e-07,632455,p4224
a84,0.31622776601683794,3.1622776601683795e-05,1e-07,632455,p4225
a84,0.31622776601683794,3.1622776601683795e-05,1e-07,632455,p4226
a84,0.31622776601683794,3.1622776601683795e-05,1e-07,632455,p4227
a84,0.31622776601683794,3.1622776601683795e-05,1e-07,632455,p4228
a84,0.31622776601683794,3.1622776601683795e-05,1e-07,632455,p4229
a84,0.31622776601683794,3.1622776601683795e-05,1e-07,632455,p4230
a84,0.31622776601683794,3.1622776601683795e-05,1e-07,632455,p4231
a84,0.31622776601683794,3.1622776601683795e-05,1e-07,632455,p4232
a84,0.31622776601683794,3.1622776601683795e-05,1e-07,632455,p4233
a84,0.31622776601683794,3.1622776601683795e-05,1e-07,632455,p4234
a84,0.31622776601683794,3.1622776601683795e-05,1e-07,632455,p4235
a84,0.31622776601683794,3.1622776601683795e-05,1e-07,632455,p4236
a84,0.31622776601683794,3.1622776601683795e-05,1e-07,632455,p4237
a84,0.31622776601683794,3.1622776601683795e-05,1e-07,632455,p4238
a84,0.31622776601683794,3.1622776601683795e-05,1e-07,632455,p4239
a84,0.31622776601683794,3.1622776601683795e-05,1e-07,632455,p4240
a84,0.31622776601683794,3.1622776601683795e-05,1e-07,632455,p4241
a84,0.31622776601683794,3.1622776601683795e-05,1e-07,632455,p4242
a84,0.31622776601683794,3.1622776601683795e-05,1e-07,632455,p4243
a84,0.31622776601683794,3.1622776601683795e-05,1e-07,632455,p4244
a84,0.31622776601683794,3.1622776601683795e-05,1e-07,632455,p4245
a84,0.31622776601683794,3.1622776601683795e-05,1e-07,632455,p4246
a84,0.31622776601683794,3.1622776601683795e-05,1e-07,632455,p4247
a84,0.31622776601683794,3.1622776601683795e-05,1e-07,632455,p4248
a84,0.31622776601683794,3.1622776601683795e-05,1e-07,632455,p4249
a85,0.31622776601683794,3.1622776601683795e-05,1e-06,632455,p4250
a85,0.31622776601683794,3.1622776601683795e-05,1e-06,632455,p4251
a85,0.31622776601683794,3.1622776601683795e-05,1e-06,632455,p4252
a85,0.31622776601683794,3.1622776601683795e-05,1e-06,632455,p4253
a85,0.31622776601683794,3.1622776601683795e-05,1e-06,632455,p4254
a85,0.31622776601683794,3.1622776601683795e-05,1e-06,632455,p4255
a85,0.31622776601683794,3.1622776601683795e-05,1e-06,632455,p4256
a85,0.31622776601683794,3.1622776601683795e-05,1e-06,632455,p4257
a85,0.31622776601683794,3.1622776601683795e-05,1e-06,632455,p4258
a85,0.31622776601683794,3.1622776601683795e-05,1e-06,632455,p4259
a85,0.31622776601683794,3.1622776601683795e-05,1e-06,632455,p4260
a85,0.31622776601683794,3.1622776601683795e-05,1e-06,632455,p4261
a85,0.31622776601683794,3.1622776601683795e-05,1e-06,632455,p4262
a85,0.31622776601683794,3.1622776601683795e-05,1e-06,632455,p4263
a85,0.31622776601683794,3.1622776601683795e-05,1e-06,632455,p4264
a85,0.31622776601683794,3.1622776601683795e-05,1e-06,632455,p4265
a85,0.31622776601683794,3.1622776601683795e-05,1e-06,632455,p4266
a85,0.31622776601683794,3.1622776601683795e-05,1e-06,632455,p4267
a85,0.31622776601683794,3.1622776601683795e-05,1e-06,632455,p4268
a85,0.31622776601683794,3.1622776601683795e-05,1e-06,632455,p4269
a85,0.31622776601683794,3.1622776601683795e-05,1e-06,632455,p4270
a85,0.31622776601683794,3.1622776601683795e-05,1e-06,632455,p4271
a85,0.31622776601683794,3.1622776601683795e-05,1e-06,632455,p4272
a85,0.31622776601683794,3.1622776601683795e-05,1e-06,632455,p4273
a85,0.31622776601683794,3.1622776601683795e-05,1e-06,632455,p4274
a85,0.31622776601683794,3.1622776601683795e-05,1e-06,632455,p4275
a85,0.31622776601683794,3.1622776601683795e-05,1e-06,632455,p4276
a85,0.31622776601683794,3.1622776601683795e-05,1e-06,632455,p4277
a85,0.31622776601683794,3.1622776601683795e-05,1e-06,632455,p4278
a85,0.31622776601683794,3.1622776601683795e-05,1e-06,632455,p4279
a85,0.31622776601683794,3.1622776601683795e-05,1e-06,632455,p4280
a85,0.31622776601683794,3.1622776601683795e-05,1e-06,632455,p4281
a85,0.31622776601683794,3.1622776601683795e-05,1e-06,632455,p4282
a85,0.31622776601683794,3.1622776601683795e-05,1e-06,632455,p4283
a85,0.31622776601683794,3.1622776601683795e-05,1e-06,632455,p4284
a85,0.31622776601683794,3.1622776601683795e-05,1e-06,632455,p4285
a85,0.31622776601683794,3.1622776601683795e-05,1e-06,632455,p4286
a85,0.31622776601683794,3.1622776601683795e-05,1e-06,632455,p4287
a85,0.31622776601683794,3.1622776601683795e-05,1e-06,632455,p4288
a85,0.31622776601683794,3.1622776601683795e-05,1e-06,632455,p4289
a85,0.31622776601683794,3.1622776601683795e-05,1e-06,632455,p4290
a85,0.31622776601683794,3.1622776601683795e-05,1e-06,632455,p4291
a85,0.31622776601683794,3.1622776601683795e-05,1e-06,632455,p4292
a85,0.31622776601683794,3.1622776601683795e-05,1e-06,632455,p4293
a85,0.31622776601683794,3.1622776601683795e-05,1e-06,632455,p4294
a85,0.31622776601683794,3.1622776601683795e-05,1e-06,632455,p4295
a85,0.31622776601683794,3.1622776601683795e-05,1e-06,632455,p4296
a85,0.31622776601683794,3.1622776601683795e-05,1e-06,632455,p4297
a85,0.31622776601683794,3.1622776601683795e-05,1e-06,632455,p4298
a85,0.31622776601683794,3.1622776601683795e-05,1e-06,632455,p4299
a86,0.31622776601683794,3.1622776601683795e-05,9.999999999999999e-06,632455,p4300
a86,0.31622776601683794,3.1622776601683795e-05,9.999999999999999e-06,632455,p4301
a86,0.31622776601683794,3.1622776601683795e-05,9.999999999999999e-06,632455,p4302
a86,0.31622776601683794,3.1622776601683795e-05,9.999999999999999e-06,632455,p4303
a86,0.31622776601683794,3.1622776601683795e-05,9.999999999999999e-06,632455,p4304
a86,0.31622776601683794,3.1622776601683795e-05,9.999999999999999e-06,632455,p4305
a86,0.31622776601683794,3.1622776601683795e-05,9.999999999999999e-06,632455,p4306
a86,0.31622776601683794,3.1622776601683795e-05,9.999999999999999e-06,632455,p4307
a86,0.31622776601683794,3.1622776601683795e-05,9.999999999999999e-06,632455,p4308
a86,0.31622776601683794,3.1622776601683795e-05,9.999999999999999e-06,632455,p4309
a86,0.31622776601683794,3.1622776601683795e-05,9.999999999999999e-06,632455,p4310
a86,0.31622776601683794,3.1622776601683795e-05,9.999999999999999e-06,632455,p4311
a86,0.31622776601683794,3.1622776601683795e-05,9.999999999999999e-06,632455,p4312
a86,0.31622776601683794,3.1622776601683795e-05,9.999999999999999e-06,632455,p4313
a86,0.31622776601683794,3.1622776601683795e-05,9.999999999999999e-06,632455,p4314
a86,0.31622776601683794,3.1622776601683795e-05,9.999999999999999e-06,632455,p4315
a86,0.31622776601683794,3.1622776601683795e-05,9.999999999999999e-06,632455,p4316
a86,0.31622776601683794,3.1622776601683795e-05,9.999999999999999e-06,632455,p4317
a86,0.31622776601683794,3.1622776601683795e-05,9.999999999999999e-06,632455,p4318
a86,0.31622776601683794,3.1622776601683795e-05,9.999999999999999e-06,632455,p4319
a86,0.31622776601683794,3.1622776601683795e-05,9.999999999999999e-06,632455,p4320
a86,0.31622776601683794,3.1622776601683795e-05,9.999999999999999e-06,632455,p4321
a86,0.31622776601683794,3.1622776601683795e-05,9.999999999999999e-06,632455,p4322
a86,0.31622776601683794,3.1622776601683795e-05,9.999999999999999e-06,632455,p4323
a86,0.31622776601683794,3.1622776601683795e-05,9.999999999999999e-06,632455,p4324
a86,0.31622776601683794,3.1622776601683795e-05,9.999999999999999e-06,632455,p4325
a86,0.31622776601683794,3.1622776601683795e-05,9.999999999999999e-06,632455,p4326
a86,0.31622776601683794,3.1622776601683795e-05,9.999999999999999e-06,632455,p4327
a86,0.31622776601683794,3.1622776601683795e-05,9.999999999999999e-06,632455,p4328
a86,0.31622776601683794,3.1622776601683795e-05,9.999999999999999e-06,632455,p4329
a86,0.31622776601683794,3.1622776601683795e-05,9.999999999999999e-06,632455,p4330
a86,0.31622776601683794,3.1622776601683795e-05,9.999999999999999e-06,632455,p4331
a86,0.31622776601683794,3.1622776601683795e-05,9.999999999999999e-06,632455,p4332
a86,0.31622776601683794,3.1622776601683795e-05,9.999999999999999e-06,632455,p4333
a86,0.31622776601683794,3.1622776601683795e-05,9.999999999999999e-06,632455,p4334
a86,0.31622776601683794,3.1622776601683795e-05,9.999999999999999e-06,632455,p4335
a86,0.31622776601683794,3.1622776601683795e-05,9.999999999999999e-06,632455,p4336
a86,0.31622776601683794,3.1622776601683795e-05,9.999999999999999e-06,632455,p4337
a86,0.31622776601683794,3.1622776601683795e-05,9.999999999999999e-06,632455,p4338
a86,0.31622776601683794,3.1622776601683795e-05,9.999999999999999e-06,632455,p4339
a86,0.31622776601683794,3.1622776601683795e-05,9.999999999999999e-06,632455,p4340
a86,0.31622776601683794,3.1622776601683795e-05,9.999999999999999e-06,632455,p4341
a86,0.31622776601683794,3.1622776601683795e-05,9.999999999999999e-06,632455,p4342
a86,0.31622776601683794,3.1622776601683795e-05,9.999999999999999e-06,632455,p4343
a86,0.31622776601683794,3.1622776601683795e-05,9.999999999999999e-06,632455,p4344
a86,0.31622776601683794,3.1622776601683795e-05,9.999999999999999e-06,632455,p4345
a86,0.31622776601683794,3.1622776601683795e-05,9.999999999999999e-06,632455,p4346
a86,0.31622776601683794,3.1622776601683795e-05,9.999999999999999e-06,632455,p4347
a86,0.31622776601683794,3.1622776601683795e-05,9.999999999999999e-06,632455,p4348
a86,0.31622776601683794,3.1622776601683795e-05,9.999999999999999e-06,632455,p4349
a87,0.31622776601683794,3.1622776601683795e-05,0.0001,632455,p4350
a87,0.31622776601683794,3.1622776601683795e-05,0.0001,632455,p4351
a87,0.31622776601683794,3.1622776601683795e-05,0.0001,632455,p4352
a87,0.31622776601683794,3.1622776601683795e-05,0.0001,632455,p4353
a87,0.31622776601683794,3.1622776601683795e-05,0.0001,632455,p4354
a87,0.31622776601683794,3.1622776601683795e-05,0.0001,632455,p4355
a87,0.31622776601683794,3.1622776601683795e-05,0.0001,632455,p4356
a87,0.31622776601683794,3.1622776601683795e-05,0.0001,632455,p4357
a87,0.31622776601683794,3.1622776601683795e-05,0.0001,632455,p4358
a87,0.31622776601683794,3.1622776601683795e-05,0.0001,632455,p4359
a87,0.31622776601683794,3.1622776601683795e-05,0.0001,632455,p4360
a87,0.31622776601683794,3.1622776601683795e-05,0.0001,632455,p4361
a87,0.31622776601683794,3.1622776601683795e-05,0.0001,632455,p4362
a87,0.31622776601683794,3.1622776601683795e-05,0.0001,632455,p4363
a87,0.31622776601683794,3.1622776601683795e-05,0.0001,632455,p4364
a87,0.31622776601683794,3.1622776601683795e-05,0.0001,632455,p4365
a87,0.31622776601683794,3.1622776601683795e-05,0.0001,632455,p4366
a87,0.31622776601683794,3.1622776601683795e-05,0.0001,632455,p4367
a87,0.31622776601683794,3.1622776601683795e-05,0.0001,632455,p4368
a87,0.31622776601683794,3.1622776601683795e-05,0.0001,632455,p4369
a87,0.31622776601683794,3.1622776601683795e-05,0.0001,632455,p4370
a87,0.31622776601683794,3.1622776601683795e-05,0.0001,632455,p4371
a87,0.31622776601683794,3.1622776601683795e-05,0.0001,632455,p4372
a87,0.31622776601683794,3.1622776601683795e-05,0.0001,632455,p4373
a87,0.31622776601683794,3.1622776601683795e-05,0.0001,632455,p4374
a87,0.31622776601683794,3.1622776601683795e-05,0.0001,632455,p4375
a87,0.31622776601683794,3.1622776601683795e-05,0.0001,632455,p4376
a87,0.31622776601683794,3.1622776601683795e-05,0.0001,632455,p4377
a87,0.31622776601683794,3.1622776601683795e-05,0.0001,632455,p4378
a87,0.31622776601683794,3.1622776601683795e-05,0.0001,632455,p4379
a87,0.31622776601683794,3.1622776601683795e-05,0.0001,632455,p4380
a87,0.31622776601683794,3.1622776601683795e-05,0.0001,632455,p4381
a87,0.31622776601683794,3.1622776601683795e-05,0.0001,632455,p4382
a87,0.31622776601683794,3.1622776601683795e-05,0.0001,632455,p4383
a87,0.31622776601683794,3.1622776601683795e-05,0.0001,632455,p4384
a87,0.31622776601683794,3.1622776601683795e-05,0.0001,632455,p4385
a87,0.31622776601683794,3.1622776601683795e-05,0.0001,632455,p4386
a87,0.31622776601683794,3.1622776601683795e-05,0.0001,632455,p4387
a87,0.31622776601683794,3.1622776601683795e-05,0.0001,632455,p4388
a87,0.31622776601683794,3.1622776601683795e-05,0.0001,632455,p4389
a87,0.31622776601683794,3.1622776601683795e-05,0.0001,632455,p4390
a87,0.31622776601683794,3.1622776601683795e-05,0.0001,632455,p4391
a87,0.31622776601683794,3.1622776601683795e-05,0.0001,632455,p4392
a87,0.31622776601683794,3.1622776601683795e-05,0.0001,632455,p4393
a87,0.31622776601683794,3.1622776601683795e-05,0.0001,632455,p4394
a87,0.31622776601683794,3.1622776601683795e-05,0.0001,632455,p4395
a87,0.31622776601683794,3.1622776601683795e-05,0.0001,632455,p4396
a87,0.31622776601683794,3.1622776601683795e-05,0.0001,632455,p4397
a87,0.31622776601683794,3.1622776601683795e-05,0.0001,632455,p4398
a87,0.31622776601683794,3.1622776601683795e-05,0.0001,632455,p4399
a88,0.31622776601683794,3.1622776601683795e-05,0.001,632455,p4400
a88,0.31622776601683794,3.1622776601683795e-05,0.001,632455,p4401
a88,0.31622776601683794,3.1622776601683795e-05,0.001,632455,p4402
a88,0.31622776601683794,3.1622776601683795e-05,0.001,632455,p4403
a88,0.31622776601683794,3.1622776601683795e-05,0.001,632455,p4404
a88,0.31622776601683794,3.1622776601683795e-05,0.001,632455,p4405
a88,0.31622776601683794,3.1622776601683795e-05,0.001,632455,p4406
a88,0.31622776601683794,3.1622776601683795e-05,0.001,632455,p4407
a88,0.31622776601683794,3.1622776601683795e-05,0.001,632455,p4408
a88,0.31622776601683794,3.1622776601683795e-05,0.001,632455,p4409
a88,0.31622776601683794,3.1622776601683795e-05,0.001,632455,p4410
a88,0.31622776601683794,3.1622776601683795e-05,0.001,632455,p4411
a88,0.31622776601683794,3.1622776601683795e-05,0.001,632455,p4412
a88,0.31622776601683794,3.1622776601683795e-05,0.001,632455,p4413
a88,0.31622776601683794,3.1622776601683795e-05,0.001,632455,p4414
a88,0.31622776601683794,3.1622776601683795e-05,0.001,632455,p4415
a88,0.31622776601683794,3.1622776601683795e-05,0.001,632455,p4416
a88,0.31622776601683794,3.1622776601683795e-05,0.001,632455,p4417
a88,0.31622776601683794,3.1622776601683795e-05,0.001,632455,p4418
a88,0.31622776601683794,3.1622776601683795e-05,0.001,632455,p4419
a88,0.31622776601683794,3.1622776601683795e-05,0.001,632455,p4420
a88,0.31622776601683794,3.1622776601683795e-05,0.001,632455,p4421
a88,0.31622776601683794,3.1622776601683795e-05,0.001,632455,p4422
a88,0.31622776601683794,3.1622776601683795e-05,0.001,632455,p4423
a88,0.31622776601683794,3.1622776601683795e-05,0.001,632455,p4424
a88,0.31622776601683794,3.1622776601683795e-05,0.001,632455,p4425
a88,0.31622776601683794,3.1622776601683795e-05,0.001,632455,p4426
a88,0.31622776601683794,3.1622776601683795e-05,0.001,632455,p4427
a88,0.31622776601683794,3.1622776601683795e-05,0.001,632455,p4428
a88,0.31622776601683794,3.1622776601683795e-05,0.001,632455,p4429
a88,0.31622776601683794,3.1622776601683795e-05,0.001,632455,p4430
a88,0.31622776601683794,3.1622776601683795e-05,0.001,632455,p4431
a88,0.31622776601683794,3.1622776601683795e-05,0.001,632455,p4432
a88,0.31622776601683794,3.1622776601683795e-05,0.001,632455,p4433
a88,0.31622776601683794,3.1622776601683795e-05,0.001,632455,p4434
a88,0.31622776601683794,3.1622776601683795e-05,0.001,632455,p4435
a88,0.31622776601683794,3.1622776601683795e-05,0.001,632455,p4436
a88,0.31622776601683794,3.1622776601683795e-05,0.001,632455,p4437
a88,0.31622776601683794,3.1622776601683795e-05,0.001,632455,p4438
a88,0.31622776601683794,3.1622776601683795e-05,0.001,632455,p4439
a88,0.31622776601683794,3.1622776601683795e-05,0.001,632455,p4440
a88,0.31622776601683794,3.1622776601683795e-05,0.001,632455,p4441
a88,0.31622776601683794,3.1622776601683795e-05,0.001,632455,p4442
a88,0.31622776601683794,3.1622776601683795e-05,0.001,632455,p4443
a88,0.31622776601683794,3.1622776601683795e-05,0.001,632455,p4444
a88,0.31622776601683794,3.1622776601683795e-05,0.001,632455,p4445
a88,0.31622776601683794,3.1622776601683795e-05,0.001,632455,p4446
a88,0.31622776601683794,3.1622776601683795e-05,0.001,632455,p4447
a88,0.31622776601683794,3.1622776601683795e-05,0.001,632455,p4448
a88,0.31622776601683794,3.1622776601683795e-05,0.001,632455,p4449
a89,0.31622776601683794,3.1622776601683795e-05,0.01,632455,p4450
a89,0.31622776601683794,3.1622776601683795e-05,0.01,632455,p4451
a89,0.31622776601683794,3.1622776601683795e-05,0.01,632455,p4452
a89,0.31622776601683794,3.1622776601683795e-05,0.01,632455,p4453
a89,0.31622776601683794,3.1622776601683795e-05,0.01,632455,p4454
a89,0.31622776601683794,3.1622776601683795e-05,0.01,632455,p4455
a89,0.31622776601683794,3.1622776601683795e-05,0.01,632455,p4456
a89,0.31622776601683794,3.1622776601683795e-05,0.01,632455,p4457
a89,0.31622776601683794,3.1622776601683795e-05,0.01,632455,p4458
a89,0.31622776601683794,3.1622776601683795e-05,0.01,632455,p4459
a89,0.31622776601683794,3.1622776601683795e-05,0.01,632455,p4460
a89,0.31622776601683794,3.1622776601683795e-05,0.01,632455,p4461
a89,0.31622776601683794,3.1622776601683795e-05,0.01,632455,p4462
a89,0.31622776601683794,3.1622776601683795e-05,0.01,632455,p4463
a89,0.31622776601683794,3.1622776601683795e-05,0.01,632455,p4464
a89,0.31622776601683794,3.1622776601683795e-05,0.01,632455,p4465
a89,0.31622776601683794,3.1622776601683795e-05,0.01,632455,p4466
a89,0.31622776601683794,3.1622776601683795e-05,0.01,632455,p4467
a89,0.31622776601683794,3.1622776601683795e-05,0.01,632455,p4468
a89,0.31622776601683794,3.1622776601683795e-05,0.01,632455,p4469
a89,0.31622776601683794,3.1622776601683795e-05,0.01,632455,p4470
a89,0.31622776601683794,3.1622776601683795e-05,0.01,632455,p4471
a89,0.31622776601683794,3.1622776601683795e-05,0.01,632455,p4472
a89,0.31622776601683794,3.1622776601683795e-05,0.01,632455,p4473
a89,0.31622776601683794,3.1622776601683795e-05,0.01,632455,p4474
a89,0.31622776601683794,3.1622776601683795e-05,0.01,632455,p4475
a89,0.31622776601683794,3.1622776601683795e-05,0.01,632455,p4476
a89,0.31622776601683794,3.1622776601683795e-05,0.01,632455,p4477
a89,0.31622776601683794,3.1622776601683795e-05,0.01,632455,p4478
a89,0.31622776601683794,3.1622776601683795e-05,0.01,632455,p4479
a89,0.31622776601683794,3.1622776601683795e-05,0.01,632455,p4480
a89,0.31622776601683794,3.1622776601683795e-05,0.01,632455,p4481
a89,0.31622776601683794,3.1622776601683795e-05,0.01,632455,p4482
a89,0.31622776601683794,3.1622776601683795e-05,0.01,632455,p4483
a89,0.31622776601683794,3.1622776601683795e-05,0.01,632455,p4484
a89,0.31622776601683794,3.1622776601683795e-05,0.01,632455,p4485
a89,0.31622776601683794,3.1622776601683795e-05,0.01,632455,p4486
a89,0.31622776601683794,3.1622776601683795e-05,0.01,632455,p4487
a89,0.31622776601683794,3.1622776601683795e-05,0.01,632455,p4488
a89,0.31622776601683794,3.1622776601683795e-05,0.01,632455,p4489
a89,0.31622776601683794,3.1622776601683795e-05,0.01,632455,p4490
a89,0.31622776601683794,3.1622776601683795e-05,0.01,632455,p4491
a89,0.31622776601683794,3.1622776601683795e-05,0.01,632455,p4492
a89,0.31622776601683794,3.1622776601683795e-05,0.01,632455,p4493
a89,0.31622776601683794,3.1622776601683795e-05,0.01,632455,p4494
a89,0.31622776601683794,3.1622776601683795e-05,0.01,632455,p4495
a89,0.31622776601683794,3.1622776601683795e-05,0.01,632455,p4496
a89,0.31622776601683794,3.1622776601683795e-05,0.01,632455,p4497
a89,0.31622776601683794,3.1622776601683795e-05,0.01,632455,p4498
a89,0.31622776601683794,3.1622776601683795e-05,0.01,632455,p4499
a90,0.31622776601683794,3.1622776601683795e-05,0.1,632455,p4500
a90,0.31622776601683794,3.1622776601683795e-05,0.1,632455,p4501
a90,0.31622776601683794,3.1622776601683795e-05,0.1,632455,p4502
a90,0.31622776601683794,3.1622776601683795e-05,0.1,632455,p4503
a90,0.31622776601683794,3.1622776601683795e-05,0.1,632455,p4504
a90,0.31622776601683794,3.1622776601683795e-05,0.1,632455,p4505
a90,0.31622776601683794,3.1622776601683795e-05,0.1,632455,p4506
a90,0.31622776601683794,3.1622776601683795e-05,0.1,632455,p4507
a90,0.31622776601683794,3.1622776601683795e-05,0.1,632455,p4508
a90,0.31622776601683794,3.1622776601683795e-05,0.1,632455,p4509
a90,0.31622776601683794,3.1622776601683795e-05,0.1,632455,p4510
a90,0.31622776601683794,3.1622776601683795e-05,0.1,632455,p4511
a90,0.31622776601683794,3.1622776601683795e-05,0.1,632455,p4512
a90,0.31622776601683794,3.1622776601683795e-05,0.1,632455,p4513
a90,0.31622776601683794,3.1622776601683795e-05,0.1,632455,p4514
a90,0.31622776601683794,3.1622776601683795e-05,0.1,632455,p4515
a90,0.31622776601683794,3.1622776601683795e-05,0.1,632455,p4516
a90,0.31622776601683794,3.1622776601683795e-05,0.1,632455,p4517
a90,0.31622776601683794,3.1622776601683795e-05,0.1,632455,p4518
a90,0.31622776601683794,3.1622776601683795e-05,0.1,632455,p4519
a90,0.31622776601683794,3.1622776601683795e-05,0.1,632455,p4520
a90,0.31622776601683794,3.1622776601683795e-05,0.1,632455,p4521
a90,0.31622776601683794,3.1622776601683795e-05,0.1,632455,p4522
a90,0.31622776601683794,3.1622776601683795e-05,0.1,632455,p4523
a90,0.31622776601683794,3.1622776601683795e-05,0.1,632455,p4524
a90,0.31622776601683794,3.1622776601683795e-05,0.1,632455,p4525
a90,0.31622776601683794,3.1622776601683795e-05,0.1,632455,p4526
a90,0.31622776601683794,3.1622776601683795e-05,0.1,632455,p4527
a90,0.31622776601683794,3.1622776601683795e-05,0.1,632455,p4528
a90,0.31622776601683794,3.1622776601683795e-05,0.1,632455,p4529
a90,0.31622776601683794,3.1622776601683795e-05,0.1,632455,p4530
a90,0.31622776601683794,3.1622776601683795e-05,0.1,632455,p4531
a90,0.31622776601683794,3.1622776601683795e-05,0.1,632455,p4532
a90,0.31622776601683794,3.1622776601683795e-05,0.1,632455,p4533
a90,0.31622776601683794,3.1622776601683795e-05,0.1,632455,p4534
a90,0.31622776601683794,3.1622776601683795e-05,0.1,632455,p4535
a90,0.31622776601683794,3.1622776601683795e-05,0.1,632455,p4536
a90,0.31622776601683794,3.1622776601683795e-05,0.1,632455,p4537
a90,0.31622776601683794,3.1622776601683795e-05,0.1,632455,p4538
a90,0.31622776601683794,3.1622776601683795e-05,0.1,632455,p4539
a90,0.31622776601683794,3.1622776601683795e-05,0.1,632455,p4540
a90,0.31622776601683794,3.1622776601683795e-05,0.1,632455,p4541
a90,0.31622776601683794,3.1622776601683795e-05,0.1,632455,p4542
a90,0.31622776601683794,3.1622776601683795e-05,0.1,632455,p4543
a90,0.31622776601683794,3.1622776601683795e-05,0.1,632455,p4544
a90,0.31622776601683794,3.1622776601683795e-05,0.1,632455,p4545
a90,0.31622776601683794,3.1622776601683795e-05,0.1,632455,p4546
a90,0.31622776601683794,3.1622776601683795e-05,0.1,632455,p4547
a90,0.31622776601683794,3.1622776601683795e-05,0.1,632455,p4548
a90,0.31622776601683794,3.1622776601683795e-05,0.1,632455,p4549
a91,0.31622776601683794,0.0001,1e-07,200000,p4550
a91,0.31622776601683794,0.0001,1e-07,200000,p4551
a91,0.31622776601683794,0.0001,1e-07,200000,p4552
a91,0.31622776601683794,0.0001,1e-07,200000,p4553
a91,0.31622776601683794,0.0001,1e-07,200000,p4554
a91,0.31622776601683794,0.0001,1e-07,200000,p4555
a91,0.31622776601683794,0.0001,1e-07,200000,p4556
a91,0.31622776601683794,0.0001,1e-07,200000,p4557
a91,0.31622776601683794,0.0001,1e-07,200000,p4558
a91,0.31622776601683794,0.0001,1e-07,200000,p4559
a91,0.31622776601683794,0.0001,1e-07,200000,p4560
a91,0.31622776601683794,0.0001,1e-07,200000,p4561
a91,0.31622776601683794,0.0001,1e-07,200000,p4562
a91,0.31622776601683794,0.0001,1e-07,200000,p4563
a91,0.31622776601683794,0.0001,1e-07,200000,p4564
a91,0.31622776601683794,0.0001,1e-07,200000,p4565
a91,0.31622776601683794,0.0001,1e-07,200000,p4566
a91,0.31622776601683794,0.0001,1e-07,200000,p4567
a91,0.31622776601683794,0.0001,1e-07,200000,p4568
a91,0.31622776601683794,0.0001,1e-07,200000,p4569
a91,0.31622776601683794,0.0001,1e-07,200000,p4570
a91,0.31622776601683794,0.0001,1e-07,200000,p4571
a91,0.31622776601683794,0.0001,1e-07,200000,p4572
a91,0.31622776601683794,0.0001,1e-07,200000,p4573
a91,0.31622776601683794,0.0001,1e-07,200000,p4574
a91,0.31622776601683794,0.0001,1e-07,200000,p4575
a91,0.31622776601683794,0.0001,1e-07,200000,p4576
a91,0.31622776601683794,0.0001,1e-07,200000,p4577
a91,0.31622776601683794,0.0001,1e-07,200000,p4578
a91,0.31622776601683794,0.0001,1e-07,200000,p4579
a91,0.31622776601683794,0.0001,1e-07,200000,p4580
a91,0.31622776601683794,0.0001,1e-07,200000,p4581
a91,0.31622776601683794,0.0001,1e-07,200000,p4582
a91,0.31622776601683794,0.0001,1e-07,200000,p4583
a91,0.31622776601683794,0.0001,1e-07,200000,p4584
a91,0.31622776601683794,0.0001,1e-07,200000,p4585
a91,0.31622776601683794,0.0001,1e-07,200000,p4586
a91,0.31622776601683794,0.0001,1e-07,200000,p4587
a91,0.31622776601683794,0.0001,1e-07,200000,p4588
a91,0.31622776601683794,0.0001,1e-07,200000,p4589
a91,0.31622776601683794,0.0001,1e-07,200000,p4590
a91,0.31622776601683794,0.0001,1e-07,200000,p4591
a91,0.31622776601683794,0.0001,1e-07,200000,p4592
a91,0.31622776601683794,0.0001,1e-07,200000,p4593
a91,0.31622776601683794,0.0001,1e-07,200000,p4594
a91,0.31622776601683794,0.0001,1e-07,200000,p4595
a91,0.31622776601683794,0.0001,1e-07,200000,p4596
a91,0.31622776601683794,0.0001,1e-07,200000,p4597
a91,0.31622776601683794,0.0001,1e-07,200000,p4598
a91,0.31622776601683794,0.0001,1e-07,200000,p4599
a92,0.31622776601683794,0.0001,1e-06,200000,p4600
a92,0.31622776601683794,0.0001,1e-06,200000,p4601
a92,0.31622776601683794,0.0001,1e-06,200000,p4602
a92,0.31622776601683794,0.0001,1e-06,200000,p4603
a92,0.31622776601683794,0.0001,1e-06,200000,p4604
a92,0.31622776601683794,0.0001,1e-06,200000,p4605
a92,0.31622776601683794,0.0001,1e-06,200000,p4606
a92,0.31622776601683794,0.0001,1e-06,200000,p4607
a92,0.31622776601683794,0.0001,1e-06,200000,p4608
a92,0.31622776601683794,0.0001,1e-06,200000,p4609
a92,0.31622776601683794,0.0001,1e-06,200000,p4610
a92,0.31622776601683794,0.0001,1e-06,200000,p4611
a92,0.31622776601683794,0.0001,1e-06,200000,p4612
a92,0.31622776601683794,0.0001,1e-06,200000,p4613
a92,0.31622776601683794,0.0001,1e-06,200000,p4614
a92,0.31622776601683794,0.0001,1e-06,200000,p4615
a92,0.31622776601683794,0.0001,1e-06,200000,p4616
a92,0.31622776601683794,0.0001,1e-06,200000,p4617
a92,0.31622776601683794,0.0001,1e-06,200000,p4618
a92,0.31622776601683794,0.0001,1e-06,200000,p4619
a92,0.31622776601683794,0.0001,1e-06,200000,p4620
a92,0.31622776601683794,0.0001,1e-06,200000,p4621
a92,0.31622776601683794,0.0001,1e-06,200000,p4622
a92,0.31622776601683794,0.0001,1e-06,200000,p4623
a92,0.31622776601683794,0.0001,1e-06,200000,p4624
a92,0.31622776601683794,0.0001,1e-06,200000,p4625
a92,0.31622776601683794,0.0001,1e-06,200000,p4626
a92,0.31622776601683794,0.0001,1e-06,200000,p4627
a92,0.31622776601683794,0.0001,1e-06,200000,p4628
a92,0.31622776601683794,0.0001,1e-06,200000,p4629
a92,0.31622776601683794,0.0001,1e-06,200000,p4630
a92,0.31622776601683794,0.0001,1e-06,200000,p4631
a92,0.31622776601683794,0.0001,1e-06,200000,p4632
a92,0.31622776601683794,0.0001,1e-06,200000,p4633
a92,0.31622776601683794,0.0001,1e-06,200000,p4634
a92,0.31622776601683794,0.0001,1e-06,200000,p4635
a92,0.31622776601683794,0.0001,1e-06,200000,p4636
a92,0.31622776601683794,0.0001,1e-06,200000,p4637
a92,0.31622776601683794,0.0001,1e-06,200000,p4638
a92,0.31622776601683794,0.0001,1e-06,200000,p4639
a92,0.31622776601683794,0.0001,1e-06,200000,p4640
a92,0.31622776601683794,0.0001,1e-06,200000,p4641
a92,0.31622776601683794,0.0001,1e-06,200000,p4642
a92,0.31622776601683794,0.0001,1e-06,200000,p4643
a92,0.31622776601683794,0.0001,1e-06,200000,p4644
a92,0.31622776601683794,0.0001,1e-06,200000,p4645
a92,0.31622776601683794,0.0001,1e-06,200000,p4646
a92,0.31622776601683794,0.0001,1e-06,200000,p4647
a92,0.31622776601683794,0.0001,1e-06,200000,p4648
a92,0.31622776601683794,0.0001,1e-06,200000,p4649
a93,0.31622776601683794,0.0001,9.999999999999999e-06,200000,p4650
a93,0.31622776601683794,0.0001,9.999999999999999e-06,200000,p4651
a93,0.31622776601683794,0.0001,9.999999999999999e-06,200000,p4652
a93,0.31622776601683794,0.0001,9.999999999999999e-06,200000,p4653
a93,0.31622776601683794,0.0001,9.999999999999999e-06,200000,p4654
a93,0.31622776601683794,0.0001,9.999999999999999e-06,200000,p4655
a93,0.31622776601683794,0.0001,9.999999999999999e-06,200000,p4656
a93,0.31622776601683794,0.0001,9.999999999999999e-06,200000,p4657
a93,0.31622776601683794,0.0001,9.999999999999999e-06,200000,p4658
a93,0.31622776601683794,0.0001,9.999999999999999e-06,200000,p4659
a93,0.31622776601683794,0.0001,9.999999999999999e-06,200000,p4660
a93,0.31622776601683794,0.0001,9.999999999999999e-06,200000,p4661
a93,0.31622776601683794,0.0001,9.999999999999999e-06,200000,p4662
a93,0.31622776601683794,0.0001,9.999999999999999e-06,200000,p4663
a93,0.31622776601683794,0.0001,9.999999999999999e-06,200000,p4664
a93,0.31622776601683794,0.0001,9.999999999999999e-06,200000,p4665
a93,0.31622776601683794,0.0001,9.999999999999999e-06,200000,p4666
a93,0.31622776601683794,0.0001,9.999999999999999e-06,200000,p4667
a93,0.31622776601683794,0.0001,9.999999999999999e-06,200000,p4668
a93,0.31622776601683794,0.0001,9.999999999999999e-06,200000,p4669
a93,0.31622776601683794,0.0001,9.999999999999999e-06,200000,p4670
a93,0.31622776601683794,0.0001,9.999999999999999e-06,200000,p4671
a93,0.31622776601683794,0.0001,9.999999999999999e-06,200000,p4672
a93,0.31622776601683794,0.0001,9.999999999999999e-06,200000,p4673
a93,0.31622776601683794,0.0001,9.999999999999999e-06,200000,p4674
a93,0.31622776601683794,0.0001,9.999999999999999e-06,200000,p4675
a93,0.31622776601683794,0.0001,9.999999999999999e-06,200000,p4676
a93,0.31622776601683794,0.0001,9.999999999999999e-06,200000,p4677
a93,0.31622776601683794,0.0001,9.999999999999999e-06,200000,p4678
a93,0.31622776601683794,0.0001,9.999999999999999e-06,200000,p4679
a93,0.31622776601683794,0.0001,9.999999999999999e-06,200000,p4680
a93,0.31622776601683794,0.0001,9.999999999999999e-06,200000,p4681
a93,0.31622776601683794,0.0001,9.999999999999999e-06,200000,p4682
a93,0.31622776601683794,0.0001,9.999999999999999e-06,200000,p4683
a93,0.31622776601683794,0.0001,9.999999999999999e-06,200000,p4684
a93,0.31622776601683794,0.0001,9.999999999999999e-06,200000,p4685
a93,0.31622776601683794,0.0001,9.999999999999999e-06,200000,p4686
a93,0.31622776601683794,0.0001,9.999999999999999e-06,200000,p4687
a93,0.31622776601683794,0.0001,9.999999999999999e-06,200000,p4688
a93,0.31622776601683794,0.0001,9.999999999999999e-06,200000,p4689
a93,0.31622776601683794,0.0001,9.999999999999999e-06,200000,p4690
a93,0.31622776601683794,0.0001,9.999999999999999e-06,200000,p4691
a93,0.31622776601683794,0.0001,9.999999999999999e-06,200000,p4692
a93,0.31622776601683794,0.0001,9.999999999999999e-06,200000,p4693
a93,0.31622776601683794,0.0001,9.999999999999999e-06,200000,p4694
a93,0.31622776601683794,0.0001,9.999999999999999e-06,200000,p4695
a93,0.31622776601683794,0.0001,9.999999999999999e-06,200000,p4696
a93,0.31622776601683794,0.0001,9.999999999999999e-06,200000,p4697
a93,0.31622776601683794,0.0001,9.999999999999999e-06,200000,p4698
a93,0.31622776601683794,0.0001,9.999999999999999e-06,200000,p4699
a94,0.31622776601683794,0.0001,0.0001,200000,p4700
a94,0.31622776601683794,0.0001,0.0001,200000,p4701
a94,0.31622776601683794,0.0001,0.0001,200000,p4702
a94,0.31622776601683794,0.0001,0.0001,200000,p4703
a94,0.31622776601683794,0.0001,0.0001,200000,p4704
a94,0.31622776601683794,0.0001,0.0001,200000,p4705
a94,0.31622776601683794,0.0001,0.0001,200000,p4706
a94,0.31622776601683794,0.0001,0.0001,200000,p4707
a94,0.31622776601683794,0.0001,0.0001,200000,p4708
a94,0.31622776601683794,0.0001,0.0001,200000,p4709
a94,0.31622776601683794,0.0001,0.0001,200000,p4710
a94,0.31622776601683794,0.0001,0.0001,200000,p4711
a94,0.31622776601683794,0.0001,0.0001,200000,p4712
a94,0.31622776601683794,0.0001,0.0001,200000,p4713
a94,0.31622776601683794,0.0001,0.0001,200000,p4714
a94,0.31622776601683794,0.0001,0.0001,200000,p4715
a94,0.31622776601683794,0.0001,0.0001,200000,p4716
a94,0.31622776601683794,0.0001,0.0001,200000,p4717
a94,0.31622776601683794,0.0001,0.0001,200000,p4718
a94,0.31622776601683794,0.0001,0.0001,200000,p4719
a94,0.31622776601683794,0.0001,0.0001,200000,p4720
a94,0.31622776601683794,0.0001,0.0001,200000,p4721
a94,0.31622776601683794,0.0001,0.0001,200000,p4722
a94,0.31622776601683794,0.0001,0.0001,200000,p4723
a94,0.31622776601683794,0.0001,0.0001,200000,p4724
a94,0.31622776601683794,0.0001,0.0001,200000,p4725
a94,0.31622776601683794,0.0001,0.0001,200000,p4726
a94,0.31622776601683794,0.0001,0.0001,200000,p4727
a94,0.31622776601683794,0.0001,0.0001,200000,p4728
a94,0.31622776601683794,0.0001,0.0001,200000,p4729
a94,0.31622776601683794,0.0001,0.0001,200000,p4730
a94,0.31622776601683794,0.0001,0.0001,200000,p4731
a94,0.31622776601683794,0.0001,0.0001,200000,p4732
a94,0.31622776601683794,0.0001,0.0001,200000,p4733
a94,0.31622776601683794,0.0001,0.0001,200000,p4734
a94,0.31622776601683794,0.0001,0.0001,200000,p4735
a94,0.31622776601683794,0.0001,0.0001,200000,p4736
a94,0.31622776601683794,0.0001,0.0001,200000,p4737
a94,0.31622776601683794,0.0001,0.0001,200000,p4738
a94,0.31622776601683794,0.0001,0.0001,200000,p4739
a94,0.31622776601683794,0.0001,0.0001,200000,p4740
a94,0.31622776601683794,0.0001,0.0001,200000,p4741
a94,0.31622776601683794,0.0001,0.0001,200000,p4742
a94,0.31622776601683794,0.0001,0.0001,200000,p4743
a94,0.31622776601683794,0.0001,0.0001,200000,p4744
a94,0.31622776601683794,0.0001,0.0001,200000,p4745
a94,0.31622776601683794,0.0001,0.0001,200000,p4746
a94,0.31622776601683794,0.0001,0.0001,200000,p4747
a94,0.31622776601683794,0.0001,0.0001,200000,p4748
a94,0.31622776601683794,0.0001,0.0001,200000,p4749
a95,0.31622776601683794,0.0001,0.001,200000,p4750
a95,0.31622776601683794,0.0001,0.001,200000,p4751
a95,0.31622776601683794,0.0001,0.001,200000,p4752
a95,0.31622776601683794,0.0001,0.001,200000,p4753
a95,0.31622776601683794,0.0001,0.001,200000,p4754
a95,0.31622776601683794,0.0001,0.001,200000,p4755
a95,0.31622776601683794,0.0001,0.001,200000,p4756
a95,0.31622776601683794,0.0001,0.001,200000,p4757
a95,0.31622776601683794,0.0001,0.001,200000,p4758
a95,0.31622776601683794,0.0001,0.001,200000,p4759
a95,0.31622776601683794,0.0001,0.001,200000,p4760
a95,0.31622776601683794,0.0001,0.001,200000,p4761
a95,0.31622776601683794,0.0001,0.001,200000,p4762
a95,0.31622776601683794,0.0001,0.001,200000,p4763
a95,0.31622776601683794,0.0001,0.001,200000,p4764
a95,0.31622776601683794,0.0001,0.001,200000,p4765
a95,0.31622776601683794,0.0001,0.001,200000,p4766
a95,0.31622776601683794,0.0001,0.001,200000,p4767
a95,0.31622776601683794,0.0001,0.001,200000,p4768
a95,0.31622776601683794,0.0001,0.001,200000,p4769
a95,0.31622776601683794,0.0001,0.001,200000,p4770
a95,0.31622776601683794,0.0001,0.001,200000,p4771
a95,0.31622776601683794,0.0001,0.001,200000,p4772
a95,0.31622776601683794,0.0001,0.001,200000,p4773
a95,0.31622776601683794,0.0001,0.001,200000,p4774
a95,0.31622776601683794,0.0001,0.001,200000,p4775
a95,0.31622776601683794,0.0001,0.001,200000,p4776
a95,0.31622776601683794,0.0001,0.001,200000,p4777
a95,0.31622776601683794,0.0001,0.001,200000,p4778
a95,0.31622776601683794,0.0001,0.001,200000,p4779
a95,0.31622776601683794,0.0001,0.001,200000,p4780
a95,0.31622776601683794,0.0001,0.001,200000,p4781
a95,0.31622776601683794,0.0001,0.001,200000,p4782
a95,0.31622776601683794,0.0001,0.001,200000,p4783
a95,0.31622776601683794,0.0001,0.001,200000,p4784
a95,0.31622776601683794,0.0001,0.001,200000,p4785
a95,0.31622776601683794,0.0001,0.001,200000,p4786
a95,0.31622776601683794,0.0001,0.001,200000,p4787
a95,0.31622776601683794,0.0001,0.001,200000,p4788
a95,0.31622776601683794,0.0001,0.001,200000,p4789
a95,0.31622776601683794,0.0001,0.001,200000,p4790
a95,0.31622776601683794,0.0001,0.001,200000,p4791
a95,0.31622776601683794,0.0001,0.001,200000,p4792
a95,0.31622776601683794,0.0001,0.001,200000,p4793
a95,0.31622776601683794,0.0001,0.001,200000,p4794
a95,0.31622776601683794,0.0001,0.001,200000,p4795
a95,0.31622776601683794,0.0001,0.001,200000,p4796
a95,0.31622776601683794,0.0001,0.001,200000,p4797
a95,0.31622776601683794,0.0001,0.001,200000,p4798
a95,0.31622776601683794,0.0001,0.001,200000,p4799
a96,0.31622776601683794,0.0001,0.01,200000,p4800
a96,0.31622776601683794,0.0001,0.01,200000,p4801
a96,0.31622776601683794,0.0001,0.01,200000,p4802
a96,0.31622776601683794,0.0001,0.01,200000,p4803
a96,0.31622776601683794,0.0001,0.01,200000,p4804
a96,0.31622776601683794,0.0001,0.01,200000,p4805
a96,0.31622776601683794,0.0001,0.01,200000,p4806
a96,0.31622776601683794,0.0001,0.01,200000,p4807
a96,0.31622776601683794,0.0001,0.01,200000,p4808
a96,0.31622776601683794,0.0001,0.01,200000,p4809
a96,0.31622776601683794,0.0001,0.01,200000,p4810
a96,0.31622776601683794,0.0001,0.01,200000,p4811
a96,0.31622776601683794,0.0001,0.01,200000,p4812
a96,0.31622776601683794,0.0001,0.01,200000,p4813
a96,0.31622776601683794,0.0001,0.01,200000,p4814
a96,0.31622776601683794,0.0001,0.01,200000,p4815
a96,0.31622776601683794,0.0001,0.01,200000,p4816
a96,0.31622776601683794,0.0001,0.01,200000,p4817
a96,0.31622776601683794,0.0001,0.01,200000,p4818
a96,0.31622776601683794,0.0001,0.01,200000,p4819
a96,0.31622776601683794,0.0001,0.01,200000,p4820
a96,0.31622776601683794,0.0001,0.01,200000,p4821
a96,0.31622776601683794,0.0001,0.01,200000,p4822
a96,0.31622776601683794,0.0001,0.01,200000,p4823
a96,0.31622776601683794,0.0001,0.01,200000,p4824
a96,0.31622776601683794,0.0001,0.01,200000,p4825
a96,0.31622776601683794,0.0001,0.01,200000,p4826
a96,0.31622776601683794,0.0001,0.01,200000,p4827
a96,0.31622776601683794,0.0001,0.01,200000,p4828
a96,0.31622776601683794,0.0001,0.01,200000,p4829
a96,0.31622776601683794,0.0001,0.01,200000,p4830
a96,0.31622776601683794,0.0001,0.01,200000,p4831
a96,0.31622776601683794,0.0001,0.01,200000,p4832
a96,0.31622776601683794,0.0001,0.01,200000,p4833
a96,0.31622776601683794,0.0001,0.01,200000,p4834
a96,0.31622776601683794,0.0001,0.01,200000,p4835
a96,0.31622776601683794,0.0001,0.01,200000,p4836
a96,0.31622776601683794,0.0001,0.01,200000,p4837
a96,0.31622776601683794,0.0001,0.01,200000,p4838
a96,0.31622776601683794,0.0001,0.01,200000,p4839
a96,0.31622776601683794,0.0001,0.01,200000,p4840
a96,0.31622776601683794,0.0001,0.01,200000,p4841
a96,0.31622776601683794,0.0001,0.01,200000,p4842
a96,0.31622776601683794,0.0001,0.01,200000,p4843
a96,0.31622776601683794,0.0001,0.01,200000,p4844
a96,0.31622776601683794,0.0001,0.01,200000,p4845
a96,0.31622776601683794,0.0001,0.01,200000,p4846
a96,0.31622776601683794,0.0001,0.01,200000,p4847
a96,0.31622776601683794,0.0001,0.01,200000,p4848
a96,0.31622776601683794,0.0001,0.01,200000,p4849
a97,0.31622776601683794,0.0001,0.1,200000,p4850
a97,0.31622776601683794,0.0001,0.1,200000,p4851
a97,0.31622776601683794,0.0001,0.1,200000,p4852
a97,0.31622776601683794,0.0001,0.1,200000,p4853
a97,0.31622776601683794,0.0001,0.1,200000,p4854
a97,0.31622776601683794,0.0001,0.1,200000,p4855
a97,0.31622776601683794,0.0001,0.1,200000,p4856
a97,0.31622776601683794,0.0001,0.1,200000,p4857
a97,0.31622776601683794,0.0001,0.1,200000,p4858
a97,0.31622776601683794,0.0001,0.1,200000,p4859
a97,0.31622776601683794,0.0001,0.1,200000,p4860
a97,0.31622776601683794,0.0001,0.1,200000,p4861
a97,0.31622776601683794,0.0001,0.1,200000,p4862
a97,0.31622776601683794,0.0001,0.1,200000,p4863
a97,0.31622776601683794,0.0001,0.1,200000,p4864
a97,0.31622776601683794,0.0001,0.1,200000,p4865
a97,0.31622776601683794,0.0001,0.1,200000,p4866
a97,0.31622776601683794,0.0001,0.1,200000,p4867
a97,0.31622776601683794,0.0001,0.1,200000,p4868
a97,0.31622776601683794,0.0001,0.1,200000,p4869
a97,0.31622776601683794,0.0001,0.1,200000,p4870
a97,0.31622776601683794,0.0001,0.1,200000,p4871
a97,0.31622776601683794,0.0001,0.1,200000,p4872
a97,0.31622776601683794,0.0001,0.1,200000,p4873
a97,0.31622776601683794,0.0001,0.1,200000,p4874
a97,0.31622776601683794,0.0001,0.1,200000,p4875
a97,0.31622776601683794,0.0001,0.1,200000,p4876
a97,0.31622776601683794,0.0001,0.1,200000,p4877
a97,0.31622776601683794,0.0001,0.1,200000,p4878
a97,0.31622776601683794,0.0001,0.1,200000,p4879
a97,0.31622776601683794,0.0001,0.1,200000,p4880
a97,0.31622776601683794,0.0001,0.1,200000,p4881
a97,0.31622776601683794,0.0001,0.1,200000,p4882
a97,0.31622776601683794,0.0001,0.1,200000,p4883
a97,0.31622776601683794,0.0001,0.1,200000,p4884
a97,0.31622776601683794,0.0001,0.1,200000,p4885
a97,0.31622776601683794,0.0001,0.1,200000,p4886
a97,0.31622776601683794,0.0001,0.1,200000,p4887
a97,0.31622776601683794,0.0001,0.1,200000,p4888
a97,0.31622776601683794,0.0001,0.1,200000,p4889
a97,0.31622776601683794,0.0001,0.1,200000,p4890
a97,0.31622776601683794,0.0001,0.1,200000,p4891
a97,0.31622776601683794,0.0001,0.1,200000,p4892
a97,0.31622776601683794,0.0001,0.1,200000,p4893
a97,0.31622776601683794,0.0001,0.1,200000,p4894
a97,0.31622776601683794,0.0001,0.1,200000,p4895
a97,0.31622776601683794,0.0001,0.1,200000,p4896
a97,0.31622776601683794,0.0001,0.1,200000,p4897
a97,0.31622776601683794,0.0001,0.1,200000,p4898
a97,0.31622776601683794,0.0001,0.1,200000,p4899
a98,0.1,1e-07,1e-07,16777216,p4900
a98,0.1,1e-07,1e-07,16777216,p4901
a98,0.1,1e-07,1e-07,16777216,p4902
a98,0.1,1e-07,1e-07,16777216,p4903
a98,0.1,1e-07,1e-07,16777216,p4904
a98,0.1,1e-07,1e-07,16777216,p4905
a98,0.1,1e-07,1e-07,16777216,p4906
a98,0.1,1e-07,1e-07,16777216,p4907
a98,0.1,1e-07,1e-07,16777216,p4908
a98,0.1,1e-07,1e-07,16777216,p4909
a98,0.1,1e-07,1e-07,16777216,p4910
a98,0.1,1e-07,1e-07,16777216,p4911
a98,0.1,1e-07,1e-07,16777216,p4912
a98,0.1,1e-07,1e-07,16777216,p4913
a98,0.1,1e-07,1e-07,16777216,p4914
a98,0.1,1e-07,1e-07,16777216,p4915
a98,0.1,1e-07,1e-07,16777216,p4916
a98,0.1,1e-07,1e-07,16777216,p4917
a98,0.1,1e-07,1e-07,16777216,p4918
a98,0.1,1e-07,1e-07,16777216,p4919
a98,0.1,1e-07,1e-07,16777216,p4920
a98,0.1,1e-07,1e-07,16777216,p4921
a98,0.1,1e-07,1e-07,16777216,p4922
a98,0.1,1e-07,1e-07,16777216,p4923
a98,0.1,1e-07,1e-07,16777216,p4924
a98,0.1,1e-07,1e-07,16777216,p4925
a98,0.1,1e-07,1e-07,16777216,p4926
a98,0.1,1e-07,1e-07,16777216,p4927
a98,0.1,1e-07,1e-07,16777216,p4928
a98,0.1,1e-07,1e-07,16777216,p4929
a98,0.1,1e-07,1e-07,16777216,p4930
a98,0.1,1e-07,1e-07,16777216,p4931
a98,0.1,1e-07,1e-07,16777216,p4932
a98,0.1,1e-07,1e-07,16777216,p4933
a98,0.1,1e-07,1e-07,16777216,p4934
a98,0.1,1e-07,1e-07,16777216,p4935
a98,0.1,1e-07,1e-07,16777216,p4936
a98,0.1,1e-07,1e-07,16777216,p4937
a98,0.1,1e-07,1e-07,16777216,p4938
a98,0.1,1e-07,1e-07,16777216,p4939
a98,0.1,1e-07,1e-07,16777216,p4940
a98,0.1,1e-07,1e-07,16777216,p4941
a98,0.1,1e-07,1e-07,16777216,p4942
a98,0.1,1e-07,1e-07,16777216,p4943
a98,0.1,1e-07,1e-07,16777216,p4944
a98,0.1,1e-07,1e-07,16777216,p4945
a98,0.1,1e-07,1e-07,16777216,p4946
a98,0.1,1e-07,1e-07,16777216,p4947
a98,0.1,1e-07,1e-07,16777216,p4948
a98,0.1,1e-07,1e-07,16777216,p4949
a99,0.1,1e-07,1e-06,16777216,p4950
a99,0.1,1e-07,1e-06,16777216,p4951
a99,0.1,1e-07,1e-06,16777216,p4952
a99,0.1,1e-07,1e-06,16777216,p4953
a99,0.1,1e-07,1e-06,16777216,p4954
a99,0.1,1e-07,1e-06,16777216,p4955
a99,0.1,1e-07,1e-06,16777216,p4956
a99,0.1,1e-07,1e-06,16777216,p4957
a99,0.1,1e-07,1e-06,16777216,p4958
a99,0.1,1e-07,1e-06,16777216,p4959
a99,0.1,1e-07,1e-06,16777216,p4960
a99,0.1,1e-07,1e-06,16777216,p4961
a99,0.1,1e-07,1e-06,16777216,p4962
a99,0.1,1e-07,1e-06,16777216,p4963
a99,0.1,1e-07,1e-06,16777216,p4964
a99,0.1,1e-07,1e-06,16777216,p4965
a99,0.1,1e-07,1e-06,16777216,p4966
a99,0.1,1e-07,1e-06,16777216,p4967
a99,0.1,1e-07,1e-06,16777216,p4968
a99,0.1,1e-07,1e-06,16777216,p4969
a99,0.1,1e-07,1e-06,16777216,p4970
a99,0.1,1e-07,1e-06,16777216,p4971
a99,0.1,1e-07,1e-06,16777216,p4972
a99,0.1,1e-07,1e-06,16777216,p4973
a99,0.1,1e-07,1e-06,16777216,p4974
a99,0.1,1e-07,1e-06,16777216,p4975
a99,0.1,1e-07,1e-06,16777216,p4976
a99,0.1,1e-07,1e-06,16777216,p4977
a99,0.1,1e-07,1e-06,16777216,p4978
a99,0.1,1e-07,1e-06,16777216,p4979
a99,0.1,1e-07,1e-06,16777216,p4980
a99,0.1,1e-07,1e-06,16777216,p4981
a99,0.1,1e-07,1e-06,16777216,p4982
a99,0.1,1e-07,1e-06,16777216,p4983
a99,0.1,1e-07,1e-06,16777216,p4984
a99,0.1,1e-07,1e-06,16777216,p4985
a99,0.1,1e-07,1e-06,16777216,p4986
a99,0.1,1e-07,1e-06,16777216,p4987
a99,0.1,1e-07,1e-06,16777216,p4988
a99,0.1,1e-07,1e-06,16777216,p4989
a99,0.1,1e-07,1e-06,16777216,p4990
a99,0.1,1e-07,1e-06,16777216,p4991
a99,0.1,1e-07,1e-06,16777216,p4992
a99,0.1,1e-07,1e-06,16777216,p4993
a99,0.1,1e-07,1e-06,16777216,p4994
a99,0.1,1e-07,1e-06,16777216,p4995
a99,0.1,1e-07,1e-06,16777216,p4996
a99,0.1,1e-07,1e-06,16777216,p4997
a99,0.1,1e-07,1e-06,16777216,p4998
a99,0.1,1e-07,1e-06,16777216,p4999
a100,0.1,1e-07,9.999999999999999e-06,16777216,p5000
a100,0.1,1e-07,9.999999999999999e-06,16777216,p5001
a100,0.1,1e-07,9.999999999999999e-06,16777216,p5002
a100,0.1,1e-07,9.999999999999999e-06,16777216,p5003
a100,0.1,1e-07,9.999999999999999e-06,16777216,p5004
a100,0.1,1e-07,9.999999999999999e-06,16777216,p5005
a100,0.1,1e-07,9.999999999999999e-06,16777216,p5006
a100,0.1,1e-07,9.999999999999999e-06,16777216,p5007
a100,0.1,1e-07,9.999999999999999e-06,16777216,p5008
a100,0.1,1e-07,9.999999999999999e-06,16777216,p5009
a100,0.1,1e-07,9.999999999999999e-06,16777216,p5010
a100,0.1,1e-07,9.999999999999999e-06,16777216,p5011
a100,0.1,1e-07,9.999999999999999e-06,16777216,p5012
a100,0.1,1e-07,9.999999999999999e-06,16777216,p5013
a100,0.1,1e-07,9.999999999999999e-06,16777216,p5014
a100,0.1,1e-07,9.999999999999999e-06,16777216,p5015
a100,0.1,1e-07,9.999999999999999e-06,16777216,p5016
a100,0.1,1e-07,9.999999999999999e-06,16777216,p5017
a100,0.1,1e-07,9.999999999999999e-06,16777216,p5018
a100,0.1,1e-07,9.999999999999999e-06,16777216,p5019
a100,0.1,1e-07,9.999999999999999e-06,16777216,p5020
a100,0.1,1e-07,9.999999999999999e-06,16777216,p5021
a100,0.1,1e-07,9.999999999999999e-06,16777216,p5022
a100,0.1,1e-07,9.999999999999999e-06,16777216,p5023
a100,0.1,1e-07,9.999999999999999e-06,16777216,p5024
a100,0.1,1e-07,9.999999999999999e-06,16777216,p5025
a100,0.1,1e-07,9.999999999999999e-06,16777216,p5026
a100,0.1,1e-07,9.999999999999999e-06,16777216,p5027
a100,0.1,1e-07,9.999999999999999e-06,16777216,p5028
a100,0.1,1e-07,9.999999999999999e-06,16777216,p5029
a100,0.1,1e-07,9.999999999999999e-06,16777216,p5030
a100,0.1,1e-07,9.999999999999999e-06,16777216,p5031
a100,0.1,1e-07,9.999999999999999e-06,16777216,p5032
a100,0.1,1e-07,9.999999999999999e-06,16777216,p5033
a100,0.1,1e-07,9.999999999999999e-06,16777216,p5034
a100,0.1,1e-07,9.999999999999999e-06,16777216,p5035
a100,0.1,1e-07,9.999999999999999e-06,16777216,p5036
a100,0.1,1e-07,9.999999999999999e-06,16777216,p5037
a100,0.1,1e-07,9.999999999999999e-06,16777216,p5038
a100,0.1,1e-07,9.999999999999999e-06,16777216,p5039
a100,0.1,1e-07,9.999999999999999e-06,16777216,p5040
a100,0.1,1e-07,9.999999999999999e-06,16777216,p5041
a100,0.1,1e-07,9.999999999999999e-06,16777216,p5042
a100,0.1,1e-07,9.999999999999999e-06,16777216,p5043
a100,0.1,1e-07,9.999999999999999e-06,16777216,p5044
a100,0.1,1e-07,9.999999999999999e-06,16777216,p5045
a100,0.1,1e-07,9.999999999999999e-06,16777216,p5046
a100,0.1,1e-07,9.999999999999999e-06,16777216,p5047
a100,0.1,1e-07,9.999999999999999e-06,16777216,p5048
a100,0.1,1e-07,9.999999999999999e-06,16777216,p5049
a101,0.1,1e-07,0.0001,16777216,p5050
a101,0.1,1e-07,0.0001,16777216,p5051
a101,0.1,1e-07,0.0001,16777216,p5052
a101,0.1,1e-07,0.0001,16777216,p5053
a101,0.1,1e-07,0.0001,16777216,p5054
a101,0.1,1e-07,0.0001,16777216,p5055
a101,0.1,1e-07,0.0001,16777216,p5056
a101,0.1,1e-07,0.0001,16777216,p5057
a101,0.1,1e-07,0.0001,16777216,p5058
a101,0.1,1e-07,0.0001,16777216,p5059
a101,0.1,1e-07,0.0001,16777216,p5060
a101,0.1,1e-07,0.0001,16777216,p5061
a101,0.1,1e-07,0.0001,16777216,p5062
a101,0.1,1e-07,0.0001,16777216,p5063
a101,0.1,1e-07,0.0001,16777216,p5064
a101,0.1,1e-07,0.0001,16777216,p5065
a101,0.1,1e-07,0.0001,16777216,p5066
a101,0.1,1e-07,0.0001,16777216,p5067
a101,0.1,1e-07,0.0001,16777216,p5068
a101,0.1,1e-07,0.0001,16777216,p5069
a101,0.1,1e-07,0.0001,16777216,p5070
a101,0.1,1e-07,0.0001,16777216,p5071
a101,0.1,1e-07,0.0001,16777216,p5072
a101,0.1,1e-07,0.0001,16777216,p5073
a101,0.1,1e-07,0.0001,16777216,p5074
a101,0.1,1e-07,0.0001,16777216,p5075
a101,0.1,1e-07,0.0001,16777216,p5076
a101,0.1,1e-07,0.0001,16777216,p5077
a101,0.1,1e-07,0.0001,16777216,p5078
a101,0.1,1e-07,0.0001,16777216,p5079
a101,0.1,1e-07,0.0001,16777216,p5080
a101,0.1,1e-07,0.0001,16777216,p5081
a101,0.1,1e-07,0.0001,16777216,p5082
a101,0.1,1e-07,0.0001,16777216,p5083
a101,0.1,1e-07,0.0001,16777216,p5084
a101,0.1,1e-07,0.0001,16777216,p5085
a101,0.1,1e-07,0.0001,16777216,p5086
a101,0.1,1e-07,0.0001,16777216,p5087
a101,0.1,1e-07,0.0001,16777216,p5088
a101,0.1,1e-07,0.0001,16777216,p5089
a101,0.1,1e-07,0.0001,16777216,p5090
a101,0.1,1e-07,0.0001,16777216,p5091
a101,0.1,1e-07,0.0001,16777216,p5092
a101,0.1,1e-07,0.0001,16777216,p5093
a101,0.1,1e-07,0.0001,16777216,p5094
a101,0.1,1e-07,0.0001,16777216,p5095
a101,0.1,1e-07,0.0001,16777216,p5096
a101,0.1,1e-07,0.0001,16777216,p5097
a101,0.1,1e-07,0.0001,16777216,p5098
a101,0.1,1e-07,0.0001,16777216,p5099
a102,0.1,1e-07,0.001,16777216,p5100
a102,0.1,1e-07,0.001,16777216,p5101
a102,0.1,1e-07,0.001,16777216,p5102
a102,0.1,1e-07,0.001,16777216,p5103
a102,0.1,1e-07,0.001,16777216,p5104
a102,0.1,1e-07,0.001,16777216,p5105
a102,0.1,1e-07,0.001,16777216,p5106
a102,0.1,1e-07,0.001,16777216,p5107
a102,0.1,1e-07,0.001,16777216,p5108
a102,0.1,1e-07,0.001,16777216,p5109
a102,0.1,1e-07,0.001,16777216,p5110
a102,0.1,1e-07,0.001,16777216,p5111
a102,0.1,1e-07,0.001,16777216,p5112
a102,0.1,1e-07,0.001,16777216,p5113
a102,0.1,1e-07,0.001,16777216,p5114
a102,0.1,1e-07,0.001,16777216,p5115
a102,0.1,1e-07,0.001,16777216,p5116
a102,0.1,1e-07,0.001,16777216,p5117
a102,0.1,1e-07,0.001,16777216,p5118
a102,0.1,1e-07,0.001,16777216,p5119
a102,0.1,1e-07,0.001,16777216,p5120
a102,0.1,1e-07,0.001,16777216,p5121
a102,0.1,1e-07,0.001,16777216,p5122
a102,0.1,1e-07,0.001,16777216,p5123
a102,0.1,1e-07,0.001,16777216,p5124
a102,0.1,1e-07,0.001,16777216,p5125
a102,0.1,1e-07,0.001,16777216,p5126
a102,0.1,1e-07,0.001,16777216,p5127
a102,0.1,1e-07,0.001,16777216,p5128
a102,0.1,1e-07,0.001,16777216,p5129
a102,0.1,1e-07,0.001,16777216,p5130
a102,0.1,1e-07,0.001,16777216,p5131
a102,0.1,1e-07,0.001,16777216,p5132
a102,0.1,1e-07,0.001,16777216,p5133
a102,0.1,1e-07,0.001,16777216,p5134
a102,0.1,1e-07,0.001,16777216,p5135
a102,0.1,1e-07,0.001,16777216,p5136
a102,0.1,1e-07,0.001,16777216,p5137
a102,0.1,1e-07,0.001,16777216,p5138
a102,0.1,1e-07,0.001,16777216,p5139
a102,0.1,1e-07,0.001,16777216,p5140
a102,0.1,1e-07,0.001,16777216,p5141
a102,0.1,1e-07,0.001,16777216,p5142
a102,0.1,1e-07,0.001,16777216,p5143
a102,0.1,1e-07,0.001,16777216,p5144
a102,0.1,1e-07,0.001,16777216,p5145
a102,0.1,1e-07,0.001,16777216,p5146
a102,0.1,1e-07,0.001,16777216,p5147
a102,0.1,1e-07,0.001,16777216,p5148
a102,0.1,1e-07,0.001,16777216,p5149
a103,0.1,1e-07,0.01,16777216,p5150
a103,0.1,1e-07,0.01,16777216,p5151
a103,0.1,1e-07,0.01,16777216,p5152
a103,0.1,1e-07,0.01,16777216,p5153
a103,0.1,1e-07,0.01,16777216,p5154
a103,0.1,1e-07,0.01,16777216,p5155
a103,0.1,1e-07,0.01,16777216,p5156
a103,0.1,1e-07,0.01,16777216,p5157
a103,0.1,1e-07,0.01,16777216,p5158
a103,0.1,1e-07,0.01,16777216,p5159
a103,0.1,1e-07,0.01,16777216,p5160
a103,0.1,1e-07,0.01,16777216,p5161
a103,0.1,1e-07,0.01,16777216,p5162
a103,0.1,1e-07,0.01,16777216,p5163
a103,0.1,1e-07,0.01,16777216,p5164
a103,0.1,1e-07,0.01,16777216,p5165
a103,0.1,1e-07,0.01,16777216,p5166
a103,0.1,1e-07,0.01,16777216,p5167
a103,0.1,1e-07,0.01,16777216,p5168
a103,0.1,1e-07,0.01,16777216,p5169
a103,0.1,1e-07,0.01,16777216,p5170
a103,0.1,1e-07,0.01,16777216,p5171
a103,0.1,1e-07,0.01,16777216,p5172
a103,0.1,1e-07,0.01,16777216,p5173
a103,0.1,1e-07,0.01,16777216,p5174
a103,0.1,1e-07,0.01,16777216,p5175
a103,0.1,1e-07,0.01,16777216,p5176
a103,0.1,1e-07,0.01,16777216,p5177
a103,0.1,1e-07,0.01,16777216,p5178
a103,0.1,1e-07,0.01,16777216,p5179
a103,0.1,1e-07,0.01,16777216,p5180
a103,0.1,1e-07,0.01,16777216,p5181
a103,0.1,1e-07,0.01,16777216,p5182
a103,0.1,1e-07,0.01,16777216,p5183
a103,0.1,1e-07,0.01,16777216,p5184
a103,0.1,1e-07,0.01,16777216,p5185
a103,0.1,1e-07,0.01,16777216,p5186
a103,0.1,1e-07,0.01,16777216,p5187
a103,0.1,1e-07,0.01,16777216,p5188
a103,0.1,1e-07,0.01,16777216,p5189
a103,0.1,1e-07,0.01,16777216,p5190
a103,0.1,1e-07,0.01,16777216,p5191
a103,0.1,1e-07,0.01,16777216,p5192
a103,0.1,1e-07,0.01,16777216,p5193
a103,0.1,1e-07,0.01,16777216,p5194
a103,0.1,1e-07,0.01,16777216,p5195
a103,0.1,1e-07,0.01,16777216,p5196
a103,0.1,1e-07,0.01,16777216,p5197
a103,0.1,1e-07,0.01,16777216,p5198
a103,0.1,1e-07,0.01,16777216,p5199
a104,0.1,1e-07,0.1,16777216,p5200
a104,0.1,1e-07,0.1,16777216,p5201
a104,0.1,1e-07,0.1,16777216,p5202
a104,0.1,1e-07,0.1,16777216,p5203
a104,0.1,1e-07,0.1,16777216,p5204
a104,0.1,1e-07,0.1,16777216,p5205
a104,0.1,1e-07,0.1,16777216,p5206
a104,0.1,1e-07,0.1,16777216,p5207
a104,0.1,1e-07,0.1,16777216,p5208
a104,0.1,1e-07,0.1,16777216,p5209
a104,0.1,1e-07,0.1,16777216,p5210
a104,0.1,1e-07,0.1,16777216,p5211
a104,0.1,1e-07,0.1,16777216,p5212
a104,0.1,1e-07,0.1,16777216,p5213
a104,0.1,1e-07,0.1,16777216,p5214
a104,0.1,1e-07,0.1,16777216,p5215
a104,0.1,1e-07,0.1,16777216,p5216
a104,0.1,1e-07,0.1,16777216,p5217
a104,0.1,1e-07,0.1,16777216,p5218
a104,0.1,1e-07,0.1,16777216,p5219
a104,0.1,1e-07,0.1,16777216,p5220
a104,0.1,1e-07,0.1,16777216,p5221
a104,0.1,1e-07,0.1,16777216,p5222
a104,0.1,1e-07,0.1,16777216,p5223
a104,0.1,1e-07,0.1,16777216,p5224
a104,0.1,1e-07,0.1,16777216,p5225
a104,0.1,1e-07,0.1,16777216,p5226
a104,0.1,1e-07,0.1,16777216,p5227
a104,0.1,1e-07,0.1,16777216,p5228
a104,0.1,1e-07,0.1,16777216,p5229
a104,0.1,1e-07,0.1,16777216,p5230
a104,0.1,1e-07,0.1,16777216,p5231
a104,0.1,1e-07,0.1,16777216,p5232
a104,0.1,1e-07,0.1,16777216,p5233
a104,0.1,1e-07,0.1,16777216,p5234
a104,0.1,1e-07,0.1,16777216,p5235
a104,0.1,1e-07,0.1,16777216,p5236
a104,0.1,1e-07,0.1,16777216,p5237
a104,0.1,1e-07,0.1,16777216,p5238
a104,0.1,1e-07,0.1,16777216,p5239
a104,0.1,1e-07,0.1,16777216,p5240
a104,0.1,1e-07,0.1,16777216,p5241
a104,0.1,1e-07,0.1,16777216,p5242
a104,0.1,1e-07,0.1,16777216,p5243
a104,0.1,1e-07,0.1,16777216,p5244
a104,0.1,1e-07,0.1,16777216,p5245
a104,0.1,1e-07,0.1,16777216,p5246
a104,0.1,1e-07,0.1,16777216,p5247
a104,0.1,1e-07,0.1,16777216,p5248
a104,0.1,1e-07,0.1,16777216,p5249
a105,0.1,3.162277660168379e-07,1e-07,16777216,p5250
a105,0.1,3.162277660168379e-07,1e-07,16777216,p5251
a105,0.1,3.162277660168379e-07,1e-07,16777216,p5252
a105,0.1,3.162277660168379e-07,1e-07,16777216,p5253
a105,0.1,3.162277660168379e-07,1e-07,16777216,p5254
a105,0.1,3.162277660168379e-07,1e-07,16777216,p5255
a105,0.1,3.162277660168379e-07,1e-07,16777216,p5256
a105,0.1,3.162277660168379e-07,1e-07,16777216,p5257
a105,0.1,3.162277660168379e-07,1e-07,16777216,p5258
a105,0.1,3.162277660168379e-07,1e-07,16777216,p5259
a105,0.1,3.162277660168379e-07,1e-07,16777216,p5260
a105,0.1,3.162277660168379e-07,1e-07,16777216,p5261
a105,0.1,3.162277660168379e-07,1e-07,16777216,p5262
a105,0.1,3.162277660168379e-07,1e-07,16777216,p5263
a105,0.1,3.162277660168379e-07,1e-07,16777216,p5264
a105,0.1,3.162277660168379e-07,1e-07,16777216,p5265
a105,0.1,3.162277660168379e-07,1e-07,16777216,p5266
a105,0.1,3.162277660168379e-07,1e-07,16777216,p5267
a105,0.1,3.162277660168379e-07,1e-07,16777216,p5268
a105,0.1,3.162277660168379e-07,1e-07,16777216,p5269
a105,0.1,3.162277660168379e-07,1e-07,16777216,p5270
a105,0.1,3.162277660168379e-07,1e-07,16777216,p5271
a105,0.1,3.162277660168379e-07,1e-07,16777216,p5272
a105,0.1,3.162277660168379e-07,1e-07,16777216,p5273
a105,0.1,3.162277660168379e-07,1e-07,16777216,p5274
a105,0.1,3.162277660168379e-07,1e-07,16777216,p5275
a105,0.1,3.162277660168379e-07,1e-07,16777216,p5276
a105,0.1,3.162277660168379e-07,1e-07,16777216,p5277
a105,0.1,3.162277660168379e-07,1e-07,16777216,p5278
a105,0.1,3.162277660168379e-07,1e-07,16777216,p5279
a105,0.1,3.162277660168379e-07,1e-07,16777216,p5280
a105,0.1,3.162277660168379e-07,1e-07,16777216,p5281
a105,0.1,3.162277660168379e-07,1e-07,16777216,p5282
a105,0.1,3.162277660168379e-07,1e-07,16777216,p5283
a105,0.1,3.162277660168379e-07,1e-07,16777216,p5284
a105,0.1,3.162277660168379e-07,1e-07,16777216,p5285
a105,0.1,3.162277660168379e-07,1e-07,16777216,p5286
a105,0.1,3.162277660168379e-07,1e-07,16777216,p5287
a105,0.1,3.162277660168379e-07,1e-07,16777216,p5288
a105,0.1,3.162277660168379e-07,1e-07,16777216,p5289
a105,0.1,3.162277660168379e-07,1e-07,16777216,p5290
a105,0.1,3.162277660168379e-07,1e-07,16777216,p5291
a105,0.1,3.162277660168379e-07,1e-07,16777216,p5292
a105,0.1,3.162277660168379e-07,1e-07,16777216,p5293
a105,0.1,3.162277660168379e-07,1e-07,16777216,p5294
a105,0.1,3.162277660168379e-07,1e-07,16777216,p5295
a105,0.1,3.162277660168379e-07,1e-07,16777216,p5296
a105,0.1,3.162277660168379e-07,1e-07,16777216,p5297
a105,0.1,3.162277660168379e-07,1e-07,16777216,p5298
a105,0.1,3.162277660168379e-07,1e-07,16777216,p5299
a106,0.1,3.162277660168379e-07,1e-06,16777216,p5300
a106,0.1,3.162277660168379e-07,1e-06,16777216,p5301
a106,0.1,3.162277660168379e-07,1e-06,16777216,p5302
a106,0.1,3.162277660168379e-07,1e-06,16777216,p5303
a106,0.1,3.162277660168379e-07,1e-06,16777216,p5304
a106,0.1,3.162277660168379e-07,1e-06,16777216,p5305
a106,0.1,3.162277660168379e-07,1e-06,16777216,p5306
a106,0.1,3.162277660168379e-07,1e-06,16777216,p5307
a106,0.1,3.162277660168379e-07,1e-06,16777216,p5308
a106,0.1,3.162277660168379e-07,1e-06,16777216,p5309
a106,0.1,3.162277660168379e-07,1e-06,16777216,p5310
a106,0.1,3.162277660168379e-07,1e-06,16777216,p5311
a106,0.1,3.162277660168379e-07,1e-06,16777216,p5312
a106,0.1,3.162277660168379e-07,1e-06,16777216,p5313
a106,0.1,3.162277660168379e-07,1e-06,16777216,p5314
a106,0.1,3.162277660168379e-07,1e-06,16777216,p5315
a106,0.1,3.162277660168379e-07,1e-06,16777216,p5316
a106,0.1,3.162277660168379e-07,1e-06,16777216,p5317
a106,0.1,3.162277660168379e-07,1e-06,16777216,p5318
a106,0.1,3.162277660168379e-07,1e-06,16777216,p5319
a106,0.1,3.162277660168379e-07,1e-06,16777216,p5320
a106,0.1,3.162277660168379e-07,1e-06,16777216,p5321
a106,0.1,3.162277660168379e-07,1e-06,16777216,p5322
a106,0.1,3.162277660168379e-07,1e-06,16777216,p5323
a106,0.1,3.162277660168379e-07,1e-06,16777216,p5324
a106,0.1,3.162277660168379e-07,1e-06,16777216,p5325
a106,0.1,3.162277660168379e-07,1e-06,16777216,p5326
a106,0.1,3.162277660168379e-07,1e-06,16777216,p5327
a106,0.1,3.162277660168379e-07,1e-06,16777216,p5328
a106,0.1,3.162277660168379e-07,1e-06,16777216,p5329
a106,0.1,3.162277660168379e-07,1e-06,16777216,p5330
a106,0.1,3.162277660168379e-07,1e-06,16777216,p5331
a106,0.1,3.162277660168379e-07,1e-06,16777216,p5332
a106,0.1,3.162277660168379e-07,1e-06,16777216,p5333
a106,0.1,3.162277660168379e-07,1e-06,16777216,p5334
a106,0.1,3.162277660168379e-07,1e-06,16777216,p5335
a106,0.1,3.162277660168379e-07,1e-06,16777216,p5336
a106,0.1,3.162277660168379e-07,1e-06,16777216,p5337
a106,0.1,3.162277660168379e-07,1e-06,16777216,p5338
a106,0.1,3.162277660168379e-07,1e-06,16777216,p5339
a106,0.1,3.162277660168379e-07,1e-06,16777216,p5340
a106,0.1,3.162277660168379e-07,1e-06,16777216,p5341
a106,0.1,3.162277660168379e-07,1e-06,16777216,p5342
a106,0.1,3.162277660168379e-07,1e-06,16777216,p5343
a106,0.1,3.162277660168379e-07,1e-06,16777216,p5344
a106,0.1,3.162277660168379e-07,1e-06,16777216,p5345
a106,0.1,3.162277660168379e-07,1e-06,16777216,p5346
a106,0.1,3.162277660168379e-07,1e-06,16777216,p5347
a106,0.1,3.162277660168379e-07,1e-06,16777216,p5348
a106,0.1,3.162277660168379e-07,1e-06,16777216,p5349
a107,0.1,3.162277660168379e-07,9.999999999999999e-06,16777216,p5350
a107,0.1,3.162277660168379e-07,9.999999999999999e-06,16777216,p5351
a107,0.1,3.162277660168379e-07,9.999999999999999e-06,16777216,p5352
a107,0.1,3.162277660168379e-07,9.999999999999999e-06,16777216,p5353
a107,0.1,3.162277660168379e-07,9.999999999999999e-06,16777216,p5354
a107,0.1,3.162277660168379e-07,9.999999999999999e-06,16777216,p5355
a107,0.1,3.162277660168379e-07,9.999999999999999e-06,16777216,p5356
a107,0.1,3.162277660168379e-07,9.999999999999999e-06,16777216,p5357
a107,0.1,3.162277660168379e-07,9.999999999999999e-06,16777216,p5358
a107,0.1,3.162277660168379e-07,9.999999999999999e-06,16777216,p5359
a107,0.1,3.162277660168379e-07,9.999999999999999e-06,16777216,p5360
a107,0.1,3.162277660168379e-07,9.999999999999999e-06,16777216,p5361
a107,0.1,3.162277660168379e-07,9.999999999999999e-06,16777216,p5362
a107,0.1,3.162277660168379e-07,9.999999999999999e-06,16777216,p5363
a107,0.1,3.162277660168379e-07,9.999999999999999e-06,16777216,p5364
a107,0.1,3.162277660168379e-07,9.999999999999999e-06,16777216,p5365
a107,0.1,3.162277660168379e-07,9.999999999999999e-06,16777216,p5366
a107,0.1,3.162277660168379e-07,9.999999999999999e-06,16777216,p5367
a107,0.1,3.162277660168379e-07,9.999999999999999e-06,16777216,p5368
a107,0.1,3.162277660168379e-07,9.999999999999999e-06,16777216,p5369
a107,0.1,3.162277660168379e-07,9.999999999999999e-06,16777216,p5370
a107,0.1,3.162277660168379e-07,9.999999999999999e-06,16777216,p5371
a107,0.1,3.162277660168379e-07,9.999999999999999e-06,16777216,p5372
a107,0.1,3.162277660168379e-07,9.999999999999999e-06,16777216,p5373
a107,0.1,3.162277660168379e-07,9.999999999999999e-06,16777216,p5374
a107,0.1,3.162277660168379e-07,9.999999999999999e-06,16777216,p5375
a107,0.1,3.162277660168379e-07,9.999999999999999e-06,16777216,p5376
a107,0.1,3.162277660168379e-07,9.999999999999999e-06,16777216,p5377
a107,0.1,3.162277660168379e-07,9.999999999999999e-06,16777216,p5378
a107,0.1,3.162277660168379e-07,9.999999999999999e-06,16777216,p5379
a107,0.1,3.162277660168379e-07,9.999999999999999e-06,16777216,p5380
a107,0.1,3.162277660168379e-07,9.999999999999999e-06,16777216,p5381
a107,0.1,3.162277660168379e-07,9.999999999999999e-06,16777216,p5382
a107,0.1,3.162277660168379e-07,9.999999999999999e-06,16777216,p5383
a107,0.1,3.162277660168379e-07,9.999999999999999e-06,16777216,p5384
a107,0.1,3.162277660168379e-07,9.999999999999999e-06,16777216,p5385
a107,0.1,3.162277660168379e-07,9.999999999999999e-06,16777216,p5386
a107,0.1,3.162277660168379e-07,9.999999999999999e-06,16777216,p5387
a107,0.1,3.162277660168379e-07,9.999999999999999e-06,16777216,p5388
a107,0.1,3.162277660168379e-07,9.999999999999999e-06,16777216,p5389
a107,0.1,3.162277660168379e-07,9.999999999999999e-06,16777216,p5390
a107,0.1,3.162277660168379e-07,9.999999999999999e-06,16777216,p5391
a107,0.1,3.162277660168379e-07,9.999999999999999e-06,16777216,p5392
a107,0.1,3.162277660168379e-07,9.999999999999999e-06,16777216,p5393
a107,0.1,3.162277660168379e-07,9.999999999999999e-06,16777216,p5394
a107,0.1,3.162277660168379e-07,9.999999999999999e-06,16777216,p5395
a107,0.1,3.162277660168379e-07,9.999999999999999e-06,16777216,p5396
a107,0.1,3.162277660168379e-07,9.999999999999999e-06,16777216,p5397
a107,0.1,3.162277660168379e-07,9.999999999999999e-06,16777216,p5398
a107,0.1,3.162277660168379e-07,9.999999999999999e-06,16777216,p5399
a108,0.1,3.162277660168379e-07,0.0001,16777216,p5400
a108,0.1,3.162277660168379e-07,0.0001,16777216,p5401
a108,0.1,3.162277660168379e-07,0.0001,16777216,p5402
a108,0.1,3.162277660168379e-07,0.0001,16777216,p5403
a108,0.1,3.162277660168379e-07,0.0001,16777216,p5404
a108,0.1,3.162277660168379e-07,0.0001,16777216,p5405
a108,0.1,3.162277660168379e-07,0.0001,16777216,p5406
a108,0.1,3.162277660168379e-07,0.0001,16777216,p5407
a108,0.1,3.162277660168379e-07,0.0001,16777216,p5408
a108,0.1,3.162277660168379e-07,0.0001,16777216,p5409
a108,0.1,3.162277660168379e-07,0.0001,16777216,p5410
a108,0.1,3.162277660168379e-07,0.0001,16777216,p5411
a108,0.1,3.162277660168379e-07,0.0001,16777216,p5412
a108,0.1,3.162277660168379e-07,0.0001,16777216,p5413
a108,0.1,3.162277660168379e-07,0.0001,16777216,p5414
a108,0.1,3.162277660168379e-07,0.0001,16777216,p5415
a108,0.1,3.162277660168379e-07,0.0001,16777216,p5416
a108,0.1,3.162277660168379e-07,0.0001,16777216,p5417
a108,0.1,3.162277660168379e-07,0.0001,16777216,p5418
a108,0.1,3.162277660168379e-07,0.0001,16777216,p5419
a108,0.1,3.162277660168379e-07,0.0001,16777216,p5420
a108,0.1,3.162277660168379e-07,0.0001,16777216,p5421
a108,0.1,3.162277660168379e-07,0.0001,16777216,p5422
a108,0.1,3.162277660168379e-07,0.0001,16777216,p5423
a108,0.1,3.162277660168379e-07,0.0001,16777216,p5424
a108,0.1,3.162277660168379e-07,0.0001,16777216,p5425
a108,0.1,3.162277660168379e-07,0.0001,16777216,p5426
a108,0.1,3.162277660168379e-07,0.0001,16777216,p5427
a108,0.1,3.162277660168379e-07,0.0001,16777216,p5428
a108,0.1,3.162277660168379e-07,0.0001,16777216,p5429
a108,0.1,3.162277660168379e-07,0.0001,16777216,p5430
a108,0.1,3.162277660168379e-07,0.0001,16777216,p5431
a108,0.1,3.162277660168379e-07,0.0001,16777216,p5432
a108,0.1,3.162277660168379e-07,0.0001,16777216,p5433
a108,0.1,3.162277660168379e-07,0.0001,16777216,p5434
a108,0.1,3.162277660168379e-07,0.0001,16777216,p5435
a108,0.1,3.162277660168379e-07,0.0001,16777216,p5436
a108,0.1,3.162277660168379e-07,0.0001,16777216,p5437
a108,0.1,3.162277660168379e-07,0.0001,16777216,p5438
a108,0.1,3.162277660168379e-07,0.0001,16777216,p5439
a108,0.1,3.162277660168379e-07,0.0001,16777216,p5440
a108,0.1,3.162277660168379e-07,0.0001,16777216,p5441
a108,0.1,3.162277660168379e-07,0.0001,16777216,p5442
a108,0.1,3.162277660168379e-07,0.0001,16777216,p5443
a108,0.1,3.162277660168379e-07,0.0001,16777216,p5444
a108,0.1,3.162277660168379e-07,0.0001,16777216,p5445
a108,0.1,3.162277660168379e-07,0.0001,16777216,p5446
a108,0.1,3.162277660168379e-07,0.0001,16777216,p5447
a108,0.1,3.162277660168379e-07,0.0001,16777216,p5448
a108,0.1,3.162277660168379e-07,0.0001,16777216,p5449
a109,0.1,3.162277660168379e-07,0.001,16777216,p5450
a109,0.1,3.162277660168379e-07,0.001,16777216,p5451
a109,0.1,3.162277660168379e-07,0.001,16777216,p5452
a109,0.1,3.162277660168379e-07,0.001,16777216,p5453
a109,0.1,3.162277660168379e-07,0.001,16777216,p5454
a109,0.1,3.162277660168379e-07,0.001,16777216,p5455
a109,0.1,3.162277660168379e-07,0.001,16777216,p5456
a109,0.1,3.162277660168379e-07,0.001,16777216,p5457
a109,0.1,3.162277660168379e-07,0.001,16777216,p5458
a109,0.1,3.162277660168379e-07,0.001,16777216,p5459
a109,0.1,3.162277660168379e-07,0.001,16777216,p5460
a109,0.1,3.162277660168379e-07,0.001,16777216,p5461
a109,0.1,3.162277660168379e-07,0.001,16777216,p5462
a109,0.1,3.162277660168379e-07,0.001,16777216,p5463
a109,0.1,3.162277660168379e-07,0.001,16777216,p5464
a109,0.1,3.162277660168379e-07,0.001,16777216,p5465
a109,0.1,3.162277660168379e-07,0.001,16777216,p5466
a109,0.1,3.162277660168379e-07,0.001,16777216,p5467
a109,0.1,3.162277660168379e-07,0.001,16777216,p5468
a109,0.1,3.162277660168379e-07,0.001,16777216,p5469
a109,0.1,3.162277660168379e-07,0.001,16777216,p5470
a109,0.1,3.162277660168379e-07,0.001,16777216,p5471
a109,0.1,3.162277660168379e-07,0.001,16777216,p5472
a109,0.1,3.162277660168379e-07,0.001,16777216,p5473
a109,0.1,3.162277660168379e-07,0.001,16777216,p5474
a109,0.1,3.162277660168379e-07,0.001,16777216,p5475
a109,0.1,3.162277660168379e-07,0.001,16777216,p5476
a109,0.1,3.162277660168379e-07,0.001,16777216,p5477
a109,0.1,3.162277660168379e-07,0.001,16777216,p5478
a109,0.1,3.162277660168379e-07,0.001,16777216,p5479
a109,0.1,3.162277660168379e-07,0.001,16777216,p5480
a109,0.1,3.162277660168379e-07,0.001,16777216,p5481
a109,0.1,3.162277660168379e-07,0.001,16777216,p5482
a109,0.1,3.162277660168379e-07,0.001,16777216,p5483
a109,0.1,3.162277660168379e-07,0.001,16777216,p5484
a109,0.1,3.162277660168379e-07,0.001,16777216,p5485
a109,0.1,3.162277660168379e-07,0.001,16777216,p5486
a109,0.1,3.162277660168379e-07,0.001,16777216,p5487
a109,0.1,3.162277660168379e-07,0.001,16777216,p5488
a109,0.1,3.162277660168379e-07,0.001,16777216,p5489
a109,0.1,3.162277660168379e-07,0.001,16777216,p5490
a109,0.1,3.162277660168379e-07,0.001,16777216,p5491
a109,0.1,3.162277660168379e-07,0.001,16777216,p5492
a109,0.1,3.162277660168379e-07,0.001,16777216,p5493
a109,0.1,3.162277660168379e-07,0.001,16777216,p5494
a109,0.1,3.162277660168379e-07,0.001,16777216,p5495
a109,0.1,3.162277660168379e-07,0.001,16777216,p5496
a109,0.1,3.162277660168379e-07,0.001,16777216,p5497
a109,0.1,3.162277660168379e-07,0.001,16777216,p5498
a109,0.1,3.162277660168379e-07,0.001,16777216,p5499
a110,0.1,3.162277660168379e-07,0.01,16777216,p5500
a110,0.1,3.162277660168379e-07,0.01,16777216,p5501
a110,0.1,3.162277660168379e-07,0.01,16777216,p5502
a110,0.1,3.162277660168379e-07,0.01,16777216,p5503
a110,0.1,3.162277660168379e-07,0.01,16777216,p5504
a110,0.1,3.162277660168379e-07,0.01,16777216,p5505
a110,0.1,3.162277660168379e-07,0.01,16777216,p5506
a110,0.1,3.162277660168379e-07,0.01,16777216,p5507
a110,0.1,3.162277660168379e-07,0.01,16777216,p5508
a110,0.1,3.162277660168379e-07,0.01,16777216,p5509
a110,0.1,3.162277660168379e-07,0.01,16777216,p5510
a110,0.1,3.162277660168379e-07,0.01,16777216,p5511
a110,0.1,3.162277660168379e-07,0.01,16777216,p5512
a110,0.1,3.162277660168379e-07,0.01,16777216,p5513
a110,0.1,3.162277660168379e-07,0.01,16777216,p5514
a110,0.1,3.162277660168379e-07,0.01,16777216,p5515
a110,0.1,3.162277660168379e-07,0.01,16777216,p5516
a110,0.1,3.162277660168379e-07,0.01,16777216,p5517
a110,0.1,3.162277660168379e-07,0.01,16777216,p5518
a110,0.1,3.162277660168379e-07,0.01,16777216,p5519
a110,0.1,3.162277660168379e-07,0.01,16777216,p5520
a110,0.1,3.162277660168379e-07,0.01,16777216,p5521
a110,0.1,3.162277660168379e-07,0.01,16777216,p5522
a110,0.1,3.162277660168379e-07,0.01,16777216,p5523
a110,0.1,3.162277660168379e-07,0.01,16777216,p5524
a110,0.1,3.162277660168379e-07,0.01,16777216,p5525
a110,0.1,3.162277660168379e-07,0.01,16777216,p5526
a110,0.1,3.162277660168379e-07,0.01,16777216,p5527
a110,0.1,3.162277660168379e-07,0.01,16777216,p5528
a110,0.1,3.162277660168379e-07,0.01,16777216,p5529
a110,0.1,3.162277660168379e-07,0.01,16777216,p5530
a110,0.1,3.162277660168379e-07,0.01,16777216,p5531
a110,0.1,3.162277660168379e-07,0.01,16777216,p5532
a110,0.1,3.162277660168379e-07,0.01,16777216,p5533
a110,0.1,3.162277660168379e-07,0.01,16777216,p5534
a110,0.1,3.162277660168379e-07,0.01,16777216,p5535
a110,0.1,3.162277660168379e-07,0.01,16777216,p5536
a110,0.1,3.162277660168379e-07,0.01,16777216,p5537
a110,0.1,3.162277660168379e-07,0.01,16777216,p5538
a110,0.1,3.162277660168379e-07,0.01,16777216,p5539
a110,0.1,3.162277660168379e-07,0.01,16777216,p5540
a110,0.1,3.162277660168379e-07,0.01,16777216,p5541
a110,0.1,3.162277660168379e-07,0.01,16777216,p5542
a110,0.1,3.162277660168379e-07,0.01,16777216,p5543
a110,0.1,3.162277660168379e-07,0.01,16777216,p5544
a110,0.1,3.162277660168379e-07,0.01,16777216,p5545
a110,0.1,3.162277660168379e-07,0.01,16777216,p5546
a110,0.1,3.162277660168379e-07,0.01,16777216,p5547
a110,0.1,3.162277660168379e-07,0.01,16777216,p5548
a110,0.1,3.162277660168379e-07,0.01,16777216,p5549
a111,0.1,3.162277660168379e-07,0.1,16777216,p5550
a111,0.1,3.162277660168379e-07,0.1,16777216,p5551
a111,0.1,3.162277660168379e-07,0.1,16777216,p5552
a111,0.1,3.162277660168379e-07,0.1,16777216,p5553
a111,0.1,3.162277660168379e-07,0.1,16777216,p5554
a111,0.1,3.162277660168379e-07,0.1,16777216,p5555
a111,0.1,3.162277660168379e-07,0.1,16777216,p5556
a111,0.1,3.162277660168379e-07,0.1,16777216,p5557
a111,0.1,3.162277660168379e-07,0.1,16777216,p5558
a111,0.1,3.162277660168379e-07,0.1,16777216,p5559
a111,0.1,3.162277660168379e-07,0.1,16777216,p5560
a111,0.1,3.162277660168379e-07,0.1,16777216,p5561
a111,0.1,3.162277660168379e-07,0.1,16777216,p5562
a111,0.1,3.162277660168379e-07,0.1,16777216,p5563
a111,0.1,3.162277660168379e-07,0.1,16777216,p5564
a111,0.1,3.162277660168379e-07,0.1,16777216,p5565
a111,0.1,3.162277660168379e-07,0.1,16777216,p5566
a111,0.1,3.162277660168379e-07,0.1,16777216,p5567
a111,0.1,3.162277660168379e-07,0.1,16777216,p5568
a111,0.1,3.162277660168379e-07,0.1,16777216,p5569
a111,0.1,3.162277660168379e-07,0.1,16777216,p5570
a111,0.1,3.162277660168379e-07,0.1,16777216,p5571
a111,0.1,3.162277660168379e-07,0.1,16777216,p5572
a111,0.1,3.162277660168379e-07,0.1,16777216,p5573
a111,0.1,3.162277660168379e-07,0.1,16777216,p5574
a111,0.1,3.162277660168379e-07,0.1,16777216,p5575
a111,0.1,3.162277660168379e-07,0.1,16777216,p5576
a111,0.1,3.162277660168379e-07,0.1,16777216,p5577
a111,0.1,3.162277660168379e-07,0.1,16777216,p5578
a111,0.1,3.162277660168379e-07,0.1,16777216,p5579
a111,0.1,3.162277660168379e-07,0.1,16777216,p5580
a111,0.1,3.162277660168379e-07,0.1,16777216,p5581
a111,0.1,3.162277660168379e-07,0.1,16777216,p5582
a111,0.1,3.162277660168379e-07,0.1,16777216,p5583
a111,0.1,3.162277660168379e-07,0.1,16777216,p5584
a111,0.1,3.162277660168379e-07,0.1,16777216,p5585
a111,0.1,3.162277660168379e-07,0.1,16777216,p5586
a111,0.1,3.162277660168379e-07,0.1,16777216,p5587
a111,0.1,3.162277660168379e-07,0.1,16777216,p5588
a111,0.1,3.162277660168379e-07,0.1,16777216,p5589
a111,0.1,3.162277660168379e-07,0.1,16777216,p5590
a111,0.1,3.162277660168379e-07,0.1,16777216,p5591
a111,0.1,3.162277660168379e-07,0.1,16777216,p5592
a111,0.1,3.162277660168379e-07,0.1,16777216,p5593
a111,0.1,3.162277660168379e-07,0.1,16777216,p5594
a111,0.1,3.162277660168379e-07,0.1,16777216,p5595
a111,0.1,3.162277660168379e-07,0.1,16777216,p5596
a111,0.1,3.162277660168379e-07,0.1,16777216,p5597
a111,0.1,3.162277660168379e-07,0.1,16777216,p5598
a111,0.1,3.162277660168379e-07,0.1,16777216,p5599
a112,0.1,1e-06,1e-07,16777216,p5600
a112,0.1,1e-06,1e-07,16777216,p5601
a112,0.1,1e-06,1e-07,16777216,p5602
a112,0.1,1e-06,1e-07,16777216,p5603
a112,0.1,1e-06,1e-07,16777216,p5604
a112,0.1,1e-06,1e-07,16777216,p5605
a112,0.1,1e-06,1e-07,16777216,p5606
a112,0.1,1e-06,1e-07,16777216,p5607
a112,0.1,1e-06,1e-07,16777216,p5608
a112,0.1,1e-06,1e-07,16777216,p5609
a112,0.1,1e-06,1e-07,16777216,p5610
a112,0.1,1e-06,1e-07,16777216,p5611
a112,0.1,1e-06,1e-07,16777216,p5612
a112,0.1,1e-06,1e-07,16777216,p5613
a112,0.1,1e-06,1e-07,16777216,p5614
a112,0.1,1e-06,1e-07,16777216,p5615
a112,0.1,1e-06,1e-07,16777216,p5616
a112,0.1,1e-06,1e-07,16777216,p5617
a112,0.1,1e-06,1e-07,16777216,p5618
a112,0.1,1e-06,1e-07,16777216,p5619
a112,0.1,1e-06,1e-07,16777216,p5620
a112,0.1,1e-06,1e-07,16777216,p5621
a112,0.1,1e-06,1e-07,16777216,p5622
a112,0.1,1e-06,1e-07,16777216,p5623
a112,0.1,1e-06,1e-07,16777216,p5624
a112,0.1,1e-06,1e-07,16777216,p5625
a112,0.1,1e-06,1e-07,16777216,p5626
a112,0.1,1e-06,1e-07,16777216,p5627
a112,0.1,1e-06,1e-07,16777216,p5628
a112,0.1,1e-06,1e-07,16777216,p5629
a112,0.1,1e-06,1e-07,16777216,p5630
a112,0.1,1e-06,1e-07,16777216,p5631
a112,0.1,1e-06,1e-07,16777216,p5632
a112,0.1,1e-06,1e-07,16777216,p5633
a112,0.1,1e-06,1e-07,16777216,p5634
a112,0.1,1e-06,1e-07,16777216,p5635
a112,0.1,1e-06,1e-07,16777216,p5636
a112,0.1,1e-06,1e-07,16777216,p5637
a112,0.1,1e-06,1e-07,16777216,p5638
a112,0.1,1e-06,1e-07,16777216,p5639
a112,0.1,1e-06,1e-07,16777216,p5640
a112,0.1,1e-06,1e-07,16777216,p5641
a112,0.1,1e-06,1e-07,16777216,p5642
a112,0.1,1e-06,1e-07,16777216,p5643
a112,0.1,1e-06,1e-07,16777216,p5644
a112,0.1,1e-06,1e-07,16777216,p5645
a112,0.1,1e-06,1e-07,16777216,p5646
a112,0.1,1e-06,1e-07,16777216,p5647
a112,0.1,1e-06,1e-07,16777216,p5648
a112,0.1,1e-06,1e-07,16777216,p5649
a113,0.1,1e-06,1e-06,16777216,p5650
a113,0.1,1e-06,1e-06,16777216,p5651
a113,0.1,1e-06,1e-06,16777216,p5652
a113,0.1,1e-06,1e-06,16777216,p5653
a113,0.1,1e-06,1e-06,16777216,p5654
a113,0.1,1e-06,1e-06,16777216,p5655
a113,0.1,1e-06,1e-06,16777216,p5656
a113,0.1,1e-06,1e-06,16777216,p5657
a113,0.1,1e-06,1e-06,16777216,p5658
a113,0.1,1e-06,1e-06,16777216,p5659
a113,0.1,1e-06,1e-06,16777216,p5660
a113,0.1,1e-06,1e-06,16777216,p5661
a113,0.1,1e-06,1e-06,16777216,p5662
a113,0.1,1e-06,1e-06,16777216,p5663
a113,0.1,1e-06,1e-06,16777216,p5664
a113,0.1,1e-06,1e-06,16777216,p5665
a113,0.1,1e-06,1e-06,16777216,p5666
a113,0.1,1e-06,1e-06,16777216,p5667
a113,0.1,1e-06,1e-06,16777216,p5668
a113,0.1,1e-06,1e-06,16777216,p5669
a113,0.1,1e-06,1e-06,16777216,p5670
a113,0.1,1e-06,1e-06,16777216,p5671
a113,0.1,1e-06,1e-06,16777216,p5672
a113,0.1,1e-06,1e-06,16777216,p5673
a113,0.1,1e-06,1e-06,16777216,p5674
a113,0.1,1e-06,1e-06,16777216,p5675
a113,0.1,1e-06,1e-06,16777216,p5676
a113,0.1,1e-06,1e-06,16777216,p5677
a113,0.1,1e-06,1e-06,16777216,p5678
a113,0.1,1e-06,1e-06,16777216,p5679
a113,0.1,1e-06,1e-06,16777216,p5680
a113,0.1,1e-06,1e-06,16777216,p5681
a113,0.1,1e-06,1e-06,16777216,p5682
a113,0.1,1e-06,1e-06,16777216,p5683
a113,0.1,1e-06,1e-06,16777216,p5684
a113,0.1,1e-06,1e-06,16777216,p5685
a113,0.1,1e-06,1e-06,16777216,p5686
a113,0.1,1e-06,1e-06,16777216,p5687
a113,0.1,1e-06,1e-06,16777216,p5688
a113,0.1,1e-06,1e-06,16777216,p5689
a113,0.1,1e-06,1e-06,16777216,p5690
a113,0.1,1e-06,1e-06,16777216,p5691
a113,0.1,1e-06,1e-06,16777216,p5692
a113,0.1,1e-06,1e-06,16777216,p5693
a113,0.1,1e-06,1e-06,16777216,p5694
a113,0.1,1e-06,1e-06,16777216,p5695
a113,0.1,1e-06,1e-06,16777216,p5696
a113,0.1,1e-06,1e-06,16777216,p5697
a113,0.1,1e-06,1e-06,16777216,p5698
a113,0.1,1e-06,1e-06,16777216,p5699
a114,0.1,1e-06,9.999999999999999e-06,16777216,p5700
a114,0.1,1e-06,9.999999999999999e-06,16777216,p5701
a114,0.1,1e-06,9.999999999999999e-06,16777216,p5702
a114,0.1,1e-06,9.999999999999999e-06,16777216,p5703
a114,0.1,1e-06,9.999999999999999e-06,16777216,p5704
a114,0.1,1e-06,9.999999999999999e-06,16777216,p5705
a114,0.1,1e-06,9.999999999999999e-06,16777216,p5706
a114,0.1,1e-06,9.999999999999999e-06,16777216,p5707
a114,0.1,1e-06,9.999999999999999e-06,16777216,p5708
a114,0.1,1e-06,9.999999999999999e-06,16777216,p5709
a114,0.1,1e-06,9.999999999999999e-06,16777216,p5710
a114,0.1,1e-06,9.999999999999999e-06,16777216,p5711
a114,0.1,1e-06,9.999999999999999e-06,16777216,p5712
a114,0.1,1e-06,9.999999999999999e-06,16777216,p5713
a114,0.1,1e-06,9.999999999999999e-06,16777216,p5714
a114,0.1,1e-06,9.999999999999999e-06,16777216,p5715
a114,0.1,1e-06,9.999999999999999e-06,16777216,p5716
a114,0.1,1e-06,9.999999999999999e-06,16777216,p5717
a114,0.1,1e-06,9.999999999999999e-06,16777216,p5718
a114,0.1,1e-06,9.999999999999999e-06,16777216,p5719
a114,0.1,1e-06,9.999999999999999e-06,16777216,p5720
a114,0.1,1e-06,9.999999999999999e-06,16777216,p5721
a114,0.1,1e-06,9.999999999999999e-06,16777216,p5722
a114,0.1,1e-06,9.999999999999999e-06,16777216,p5723
a114,0.1,1e-06,9.999999999999999e-06,16777216,p5724
a114,0.1,1e-06,9.999999999999999e-06,16777216,p5725
a114,0.1,1e-06,9.999999999999999e-06,16777216,p5726
a114,0.1,1e-06,9.999999999999999e-06,16777216,p5727
a114,0.1,1e-06,9.999999999999999e-06,16777216,p5728
a114,0.1,1e-06,9.999999999999999e-06,16777216,p5729
a114,0.1,1e-06,9.999999999999999e-06,16777216,p5730
a114,0.1,1e-06,9.999999999999999e-06,16777216,p5731
a114,0.1,1e-06,9.999999999999999e-06,16777216,p5732
a114,0.1,1e-06,9.999999999999999e-06,16777216,p5733
a114,0.1,1e-06,9.999999999999999e-06,16777216,p5734
a114,0.1,1e-06,9.999999999999999e-06,16777216,p5735
a114,0.1,1e-06,9.999999999999999e-06,16777216,p5736
a114,0.1,1e-06,9.999999999999999e-06,16777216,p5737
a114,0.1,1e-06,9.999999999999999e-06,16777216,p5738
a114,0.1,1e-06,9.999999999999999e-06,16777216,p5739
a114,0.1,1e-06,9.999999999999999e-06,16777216,p5740
a114,0.1,1e-06,9.999999999999999e-06,16777216,p5741
a114,0.1,1e-06,9.999999999999999e-06,16777216,p5742
a114,0.1,1e-06,9.999999999999999e-06,16777216,p5743
a114,0.1,1e-06,9.999999999999999e-06,16777216,p5744
a114,0.1,1e-06,9.999999999999999e-06,16777216,p5745
a114,0.1,1e-06,9.999999999999999e-06,16777216,p5746
a114,0.1,1e-06,9.999999999999999e-06,16777216,p5747
a114,0.1,1e-06,9.999999999999999e-06,16777216,p5748
a114,0.1,1e-06,9.999999999999999e-06,16777216,p5749
a115,0.1,1e-06,0.0001,16777216,p5750
a115,0.1,1e-06,0.0001,16777216,p5751
a115,0.1,1e-06,0.0001,16777216,p5752
a115,0.1,1e-06,0.0001,16777216,p5753
a115,0.1,1e-06,0.0001,16777216,p5754
a115,0.1,1e-06,0.0001,16777216,p5755
a115,0.1,1e-06,0.0001,16777216,p5756
a115,0.1,1e-06,0.0001,16777216,p5757
a115,0.1,1e-06,0.0001,16777216,p5758
a115,0.1,1e-06,0.0001,16777216,p5759
a115,0.1,1e-06,0.0001,16777216,p5760
a115,0.1,1e-06,0.0001,16777216,p5761
a115,0.1,1e-06,0.0001,16777216,p5762
a115,0.1,1e-06,0.0001,16777216,p5763
a115,0.1,1e-06,0.0001,16777216,p5764
a115,0.1,1e-06,0.0001,16777216,p5765
a115,0.1,1e-06,0.0001,16777216,p5766
a115,0.1,1e-06,0.0001,16777216,p5767
a115,0.1,1e-06,0.0001,16777216,p5768
a115,0.1,1e-06,0.0001,16777216,p5769
a115,0.1,1e-06,0.0001,16777216,p5770
a115,0.1,1e-06,0.0001,16777216,p5771
a115,0.1,1e-06,0.0001,16777216,p5772
a115,0.1,1e-06,0.0001,16777216,p5773
a115,0.1,1e-06,0.0001,16777216,p5774
a115,0.1,1e-06,0.0001,16777216,p5775
a115,0.1,1e-06,0.0001,16777216,p5776
a115,0.1,1e-06,0.0001,16777216,p5777
a115,0.1,1e-06,0.0001,16777216,p5778
a115,0.1,1e-06,0.0001,16777216,p5779
a115,0.1,1e-06,0.0001,16777216,p5780
a115,0.1,1e-06,0.0001,16777216,p5781
a115,0.1,1e-06,0.0001,16777216,p5782
a115,0.1,1e-06,0.0001,16777216,p5783
a115,0.1,1e-06,0.0001,16777216,p5784
a115,0.1,1e-06,0.0001,16777216,p5785
a115,0.1,1e-06,0.0001,16777216,p5786
a115,0.1,1e-06,0.0001,16777216,p5787
a115,0.1,1e-06,0.0001,16777216,p5788
a115,0.1,1e-06,0.0001,16777216,p5789
a115,0.1,1e-06,0.0001,16777216,p5790
a115,0.1,1e-06,0.0001,16777216,p5791
a115,0.1,1e-06,0.0001,16777216,p5792
a115,0.1,1e-06,0.0001,16777216,p5793
a115,0.1,1e-06,0.0001,16777216,p5794
a115,0.1,1e-06,0.0001,16777216,p5795
a115,0.1,1e-06,0.0001,16777216,p5796
a115,0.1,1e-06,0.0001,16777216,p5797
a115,0.1,1e-06,0.0001,16777216,p5798
a115,0.1,1e-06,0.0001,16777216,p5799
a116,0.1,1e-06,0.001,16777216,p5800
a116,0.1,1e-06,0.001,16777216,p5801
a116,0.1,1e-06,0.001,16777216,p5802
a116,0.1,1e-06,0.001,16777216,p5803
a116,0.1,1e-06,0.001,16777216,p5804
a116,0.1,1e-06,0.001,16777216,p5805
a116,0.1,1e-06,0.001,16777216,p5806
a116,0.1,1e-06,0.001,16777216,p5807
a116,0.1,1e-06,0.001,16777216,p5808
a116,0.1,1e-06,0.001,16777216,p5809
a116,0.1,1e-06,0.001,16777216,p5810
a116,0.1,1e-06,0.001,16777216,p5811
a116,0.1,1e-06,0.001,16777216,p5812
a116,0.1,1e-06,0.001,16777216,p5813
a116,0.1,1e-06,0.001,16777216,p5814
a116,0.1,1e-06,0.001,16777216,p5815
a116,0.1,1e-06,0.001,16777216,p5816
a116,0.1,1e-06,0.001,16777216,p5817
a116,0.1,1e-06,0.001,16777216,p5818
a116,0.1,1e-06,0.001,16777216,p5819
a116,0.1,1e-06,0.001,16777216,p5820
a116,0.1,1e-06,0.001,16777216,p5821
a116,0.1,1e-06,0.001,16777216,p5822
a116,0.1,1e-06,0.001,16777216,p5823
a116,0.1,1e-06,0.001,16777216,p5824
a116,0.1,1e-06,0.001,16777216,p5825
a116,0.1,1e-06,0.001,16777216,p5826
a116,0.1,1e-06,0.001,16777216,p5827
a116,0.1,1e-06,0.001,16777216,p5828
a116,0.1,1e-06,0.001,16777216,p5829
a116,0.1,1e-06,0.001,16777216,p5830
a116,0.1,1e-06,0.001,16777216,p5831
a116,0.1,1e-06,0.001,16777216,p5832
a116,0.1,1e-06,0.001,16777216,p5833
a116,0.1,1e-06,0.001,16777216,p5834
a116,0.1,1e-06,0.001,16777216,p5835
a116,0.1,1e-06,0.001,16777216,p5836
a116,0.1,1e-06,0.001,16777216,p5837
a116,0.1,1e-06,0.001,16777216,p5838
a116,0.1,1e-06,0.001,16777216,p5839
a116,0.1,1e-06,0.001,16777216,p5840
a116,0.1,1e-06,0.001,16777216,p5841
a116,0.1,1e-06,0.001,16777216,p5842
a116,0.1,1e-06,0.001,16777216,p5843
a116,0.1,1e-06,0.001,16777216,p5844
a116,0.1,1e-06,0.001,16777216,p5845
a116,0.1,1e-06,0.001,16777216,p5846
a116,0.1,1e-06,0.001,16777216,p5847
a116,0.1,1e-06,0.001,16777216,p5848
a116,0.1,1e-06,0.001,16777216,p5849
a117,0.1,1e-06,0.01,16777216,p5850
a117,0.1,1e-06,0.01,16777216,p5851
a117,0.1,1e-06,0.01,16777216,p5852
a117,0.1,1e-06,0.01,16777216,p5853
a117,0.1,1e-06,0.01,16777216,p5854
a117,0.1,1e-06,0.01,16777216,p5855
a117,0.1,1e-06,0.01,16777216,p5856
a117,0.1,1e-06,0.01,16777216,p5857
a117,0.1,1e-06,0.01,16777216,p5858
a117,0.1,1e-06,0.01,16777216,p5859
a117,0.1,1e-06,0.01,16777216,p5860
a117,0.1,1e-06,0.01,16777216,p5861
a117,0.1,1e-06,0.01,16777216,p5862
a117,0.1,1e-06,0.01,16777216,p5863
a117,0.1,1e-06,0.01,16777216,p5864
a117,0.1,1e-06,0.01,16777216,p5865
a117,0.1,1e-06,0.01,16777216,p5866
a117,0.1,1e-06,0.01,16777216,p5867
a117,0.1,1e-06,0.01,16777216,p5868
a117,0.1,1e-06,0.01,16777216,p5869
a117,0.1,1e-06,0.01,16777216,p5870
a117,0.1,1e-06,0.01,16777216,p5871
a117,0.1,1e-06,0.01,16777216,p5872
a117,0.1,1e-06,0.01,16777216,p5873
a117,0.1,1e-06,0.01,16777216,p5874
a117,0.1,1e-06,0.01,16777216,p5875
a117,0.1,1e-06,0.01,16777216,p5876
a117,0.1,1e-06,0.01,16777216,p5877
a117,0.1,1e-06,0.01,16777216,p5878
a117,0.1,1e-06,0.01,16777216,p5879
a117,0.1,1e-06,0.01,16777216,p5880
a117,0.1,1e-06,0.01,16777216,p5881
a117,0.1,1e-06,0.01,16777216,p5882
a117,0.1,1e-06,0.01,16777216,p5883
a117,0.1,1e-06,0.01,16777216,p5884
a117,0.1,1e-06,0.01,16777216,p5885
a117,0.1,1e-06,0.01,16777216,p5886
a117,0.1,1e-06,0.01,16777216,p5887
a117,0.1,1e-06,0.01,16777216,p5888
a117,0.1,1e-06,0.01,16777216,p5889
a117,0.1,1e-06,0.01,16777216,p5890
a117,0.1,1e-06,0.01,16777216,p5891
a117,0.1,1e-06,0.01,16777216,p5892
a117,0.1,1e-06,0.01,16777216,p5893
a117,0.1,1e-06,0.01,16777216,p5894
a117,0.1,1e-06,0.01,16777216,p5895
a117,0.1,1e-06,0.01,16777216,p5896
a117,0.1,1e-06,0.01,16777216,p5897
a117,0.1,1e-06,0.01,16777216,p5898
a117,0.1,1e-06,0.01,16777216,p5899
a118,0.1,1e-06,0.1,16777216,p5900
a118,0.1,1e-06,0.1,16777216,p5901
a118,0.1,1e-06,0.1,16777216,p5902
a118,0.1,1e-06,0.1,16777216,p5903
a118,0.1,1e-06,0.1,16777216,p5904
a118,0.1,1e-06,0.1,16777216,p5905
a118,0.1,1e-06,0.1,16777216,p5906
a118,0.1,1e-06,0.1,16777216,p5907
a118,0.1,1e-06,0.1,16777216,p5908
a118,0.1,1e-06,0.1,16777216,p5909
a118,0.1,1e-06,0.1,16777216,p5910
a118,0.1,1e-06,0.1,16777216,p5911
a118,0.1,1e-06,0.1,16777216,p5912
a118,0.1,1e-06,0.1,16777216,p5913
a118,0.1,1e-06,0.1,16777216,p5914
a118,0.1,1e-06,0.1,16777216,p5915
a118,0.1,1e-06,0.1,16777216,p5916
a118,0.1,1e-06,0.1,16777216,p5917
a118,0.1,1e-06,0.1,16777216,p5918
a118,0.1,1e-06,0.1,16777216,p5919
a118,0.1,1e-06,0.1,16777216,p5920
a118,0.1,1e-06,0.1,16777216,p5921
a118,0.1,1e-06,0.1,16777216,p5922
a118,0.1,1e-06,0.1,16777216,p5923
a118,0.1,1e-06,0.1,16777216,p5924
a118,0.1,1e-06,0.1,16777216,p5925
a118,0.1,1e-06,0.1,16777216,p5926
a118,0.1,1e-06,0.1,16777216,p5927
a118,0.1,1e-06,0.1,16777216,p5928
a118,0.1,1e-06,0.1,16777216,p5929
a118,0.1,1e-06,0.1,16777216,p5930
a118,0.1,1e-06,0.1,16777216,p5931
a118,0.1,1e-06,0.1,16777216,p5932
a118,0.1,1e-06,0.1,16777216,p5933
a118,0.1,1e-06,0.1,16777216,p5934
a118,0.1,1e-06,0.1,16777216,p5935
a118,0.1,1e-06,0.1,16777216,p5936
a118,0.1,1e-06,0.1,16777216,p5937
a118,0.1,1e-06,0.1,16777216,p5938
a118,0.1,1e-06,0.1,16777216,p5939
a118,0.1,1e-06,0.1,16777216,p5940
a118,0.1,1e-06,0.1,16777216,p5941
a118,0.1,1e-06,0.1,16777216,p5942
a118,0.1,1e-06,0.1,16777216,p5943
a118,0.1,1e-06,0.1,16777216,p5944
a118,0.1,1e-06,0.1,16777216,p5945
a118,0.1,1e-06,0.1,16777216,p5946
a118,0.1,1e-06,0.1,16777216,p5947
a118,0.1,1e-06,0.1,16777216,p5948
a118,0.1,1e-06,0.1,16777216,p5949
a119,0.1,3.162277660168379e-06,1e-07,6324555,p5950
a119,0.1,3.162277660168379e-06,1e-07,6324555,p5951
a119,0.1,3.162277660168379e-06,1e-07,6324555,p5952
a119,0.1,3.162277660168379e-06,1e-07,6324555,p5953
a119,0.1,3.162277660168379e-06,1e-07,6324555,p5954
a119,0.1,3.162277660168379e-06,1e-07,6324555,p5955
a119,0.1,3.162277660168379e-06,1e-07,6324555,p5956
a119,0.1,3.162277660168379e-06,1e-07,6324555,p5957
a119,0.1,3.162277660168379e-06,1e-07,6324555,p5958
a119,0.1,3.162277660168379e-06,1e-07,6324555,p5959
a119,0.1,3.162277660168379e-06,1e-07,6324555,p5960
a119,0.1,3.162277660168379e-06,1e-07,6324555,p5961
a119,0.1,3.162277660168379e-06,1e-07,6324555,p5962
a119,0.1,3.162277660168379e-06,1e-07,6324555,p5963
a119,0.1,3.162277660168379e-06,1e-07,6324555,p5964
a119,0.1,3.162277660168379e-06,1e-07,6324555,p5965
a119,0.1,3.162277660168379e-06,1e-07,6324555,p5966
a119,0.1,3.162277660168379e-06,1e-07,6324555,p5967
a119,0.1,3.162277660168379e-06,1e-07,6324555,p5968
a119,0.1,3.162277660168379e-06,1e-07,6324555,p5969
a119,0.1,3.162277660168379e-06,1e-07,6324555,p5970
a119,0.1,3.162277660168379e-06,1e-07,6324555,p5971
a119,0.1,3.162277660168379e-06,1e-07,6324555,p5972
a119,0.1,3.162277660168379e-06,1e-07,6324555,p5973
a119,0.1,3.162277660168379e-06,1e-07,6324555,p5974
a119,0.1,3.162277660168379e-06,1e-07,6324555,p5975
a119,0.1,3.162277660168379e-06,1e-07,6324555,p5976
a119,0.1,3.162277660168379e-06,1e-07,6324555,p5977
a119,0.1,3.162277660168379e-06,1e-07,6324555,p5978
a119,0.1,3.162277660168379e-06,1e-07,6324555,p5979
a119,0.1,3.162277660168379e-06,1e-07,6324555,p5980
a119,0.1,3.162277660168379e-06,1e-07,6324555,p5981
a119,0.1,3.162277660168379e-06,1e-07,6324555,p5982
a119,0.1,3.162277660168379e-06,1e-07,6324555,p5983
a119,0.1,3.162277660168379e-06,1e-07,6324555,p5984
a119,0.1,3.162277660168379e-06,1e-07,6324555,p5985
a119,0.1,3.162277660168379e-06,1e-07,6324555,p5986
a119,0.1,3.162277660168379e-06,1e-07,6324555,p5987
a119,0.1,3.162277660168379e-06,1e-07,6324555,p5988
a119,0.1,3.162277660168379e-06,1e-07,6324555,p5989
a119,0.1,3.162277660168379e-06,1e-07,6324555,p5990
a119,0.1,3.162277660168379e-06,1e-07,6324555,p5991
a119,0.1,3.162277660168379e-06,1e-07,6324555,p5992
a119,0.1,3.162277660168379e-06,1e-07,6324555,p5993
a119,0.1,3.162277660168379e-06,1e-07,6324555,p5994
a119,0.1,3.162277660168379e-06,1e-07,6324555,p5995
a119,0.1,3.162277660168379e-06,1e-07,6324555,p5996
a119,0.1,3.162277660168379e-06,1e-07,6324555,p5997
a119,0.1,3.162277660168379e-06,1e-07,6324555,p5998
a119,0.1,3.162277660168379e-06,1e-07,6324555,p5999
a120,0.1,3.162277660168379e-06,1e-06,6324555,p6000
a120,0.1,3.162277660168379e-06,1e-06,6324555,p6001
a120,0.1,3.162277660168379e-06,1e-06,6324555,p6002
a120,0.1,3.162277660168379e-06,1e-06,6324555,p6003
a120,0.1,3.162277660168379e-06,1e-06,6324555,p6004
a120,0.1,3.162277660168379e-06,1e-06,6324555,p6005
a120,0.1,3.162277660168379e-06,1e-06,6324555,p6006
a120,0.1,3.162277660168379e-06,1e-06,6324555,p6007
a120,0.1,3.162277660168379e-06,1e-06,6324555,p6008
a120,0.1,3.162277660168379e-06,1e-06,6324555,p6009
a120,0.1,3.162277660168379e-06,1e-06,6324555,p6010
a120,0.1,3.162277660168379e-06,1e-06,6324555,p6011
a120,0.1,3.162277660168379e-06,1e-06,6324555,p6012
a120,0.1,3.162277660168379e-06,1e-06,6324555,p6013
a120,0.1,3.162277660168379e-06,1e-06,6324555,p6014
a120,0.1,3.162277660168379e-06,1e-06,6324555,p6015
a120,0.1,3.162277660168379e-06,1e-06,6324555,p6016
a120,0.1,3.162277660168379e-06,1e-06,6324555,p6017
a120,0.1,3.162277660168379e-06,1e-06,6324555,p6018
a120,0.1,3.162277660168379e-06,1e-06,6324555,p6019
a120,0.1,3.162277660168379e-06,1e-06,6324555,p6020
a120,0.1,3.162277660168379e-06,1e-06,6324555,p6021
a120,0.1,3.162277660168379e-06,1e-06,6324555,p6022
a120,0.1,3.162277660168379e-06,1e-06,6324555,p6023
a120,0.1,3.162277660168379e-06,1e-06,6324555,p6024
a120,0.1,3.162277660168379e-06,1e-06,6324555,p6025
a120,0.1,3.162277660168379e-06,1e-06,6324555,p6026
a120,0.1,3.162277660168379e-06,1e-06,6324555,p6027
a120,0.1,3.162277660168379e-06,1e-06,6324555,p6028
a120,0.1,3.162277660168379e-06,1e-06,6324555,p6029
a120,0.1,3.162277660168379e-06,1e-06,6324555,p6030
a120,0.1,3.162277660168379e-06,1e-06,6324555,p6031
a120,0.1,3.162277660168379e-06,1e-06,6324555,p6032
a120,0.1,3.162277660168379e-06,1e-06,6324555,p6033
a120,0.1,3.162277660168379e-06,1e-06,6324555,p6034
a120,0.1,3.162277660168379e-06,1e-06,6324555,p6035
a120,0.1,3.162277660168379e-06,1e-06,6324555,p6036
a120,0.1,3.162277660168379e-06,1e-06,6324555,p6037
a120,0.1,3.162277660168379e-06,1e-06,6324555,p6038
a120,0.1,3.162277660168379e-06,1e-06,6324555,p6039
a120,0.1,3.162277660168379e-06,1e-06,6324555,p6040
a120,0.1,3.162277660168379e-06,1e-06,6324555,p6041
a120,0.1,3.162277660168379e-06,1e-06,6324555,p6042
a120,0.1,3.162277660168379e-06,1e-06,6324555,p6043
a120,0.1,3.162277660168379e-06,1e-06,6324555,p6044
a120,0.1,3.162277660168379e-06,1e-06,6324555,p6045
a120,0.1,3.162277660168379e-06,1e-06,6324555,p6046
a120,0.1,3.162277660168379e-06,1e-06,6324555,p6047
a120,0.1,3.162277660168379e-06,1e-06,6324555,p6048
a120,0.1,3.162277660168379e-06,1e-06,6324555,p6049
a121,0.1,3.162277660168379e-06,9.999999999999999e-06,6324555,p6050
a121,0.1,3.162277660168379e-06,9.999999999999999e-06,6324555,p6051
a121,0.1,3.162277660168379e-06,9.999999999999999e-06,6324555,p6052
a121,0.1,3.162277660168379e-06,9.999999999999999e-06,6324555,p6053
a121,0.1,3.162277660168379e-06,9.999999999999999e-06,6324555,p6054
a121,0.1,3.162277660168379e-06,9.999999999999999e-06,6324555,p6055
a121,0.1,3.162277660168379e-06,9.999999999999999e-06,6324555,p6056
a121,0.1,3.162277660168379e-06,9.999999999999999e-06,6324555,p6057
a121,0.1,3.162277660168379e-06,9.999999999999999e-06,6324555,p6058
a121,0.1,3.162277660168379e-06,9.999999999999999e-06,6324555,p6059
a121,0.1,3.162277660168379e-06,9.999999999999999e-06,6324555,p6060
a121,0.1,3.162277660168379e-06,9.999999999999999e-06,6324555,p6061
a121,0.1,3.162277660168379e-06,9.999999999999999e-06,6324555,p6062
a121,0.1,3.162277660168379e-06,9.999999999999999e-06,6324555,p6063
a121,0.1,3.162277660168379e-06,9.999999999999999e-06,6324555,p6064
a121,0.1,3.162277660168379e-06,9.999999999999999e-06,6324555,p6065
a121,0.1,3.162277660168379e-06,9.999999999999999e-06,6324555,p6066
a121,0.1,3.162277660168379e-06,9.999999999999999e-06,6324555,p6067
a121,0.1,3.162277660168379e-06,9.999999999999999e-06,6324555,p6068
a121,0.1,3.162277660168379e-06,9.999999999999999e-06,6324555,p6069
a121,0.1,3.162277660168379e-06,9.999999999999999e-06,6324555,p6070
a121,0.1,3.162277660168379e-06,9.999999999999999e-06,6324555,p6071
a121,0.1,3.162277660168379e-06,9.999999999999999e-06,6324555,p6072
a121,0.1,3.162277660168379e-06,9.999999999999999e-06,6324555,p6073
a121,0.1,3.162277660168379e-06,9.999999999999999e-06,6324555,p6074
a121,0.1,3.162277660168379e-06,9.999999999999999e-06,6324555,p6075
a121,0.1,3.162277660168379e-06,9.999999999999999e-06,6324555,p6076
a121,0.1,3.162277660168379e-06,9.999999999999999e-06,6324555,p6077
a121,0.1,3.162277660168379e-06,9.999999999999999e-06,6324555,p6078
a121,0.1,3.162277660168379e-06,9.999999999999999e-06,6324555,p6079
a121,0.1,3.162277660168379e-06,9.999999999999999e-06,6324555,p6080
a121,0.1,3.162277660168379e-06,9.999999999999999e-06,6324555,p6081
a121,0.1,3.162277660168379e-06,9.999999999999999e-06,6324555,p6082
a121,0.1,3.162277660168379e-06,9.999999999999999e-06,6324555,p6083
a121,0.1,3.162277660168379e-06,9.999999999999999e-06,6324555,p6084
a121,0.1,3.162277660168379e-06,9.999999999999999e-06,6324555,p6085
a121,0.1,3.162277660168379e-06,9.999999999999999e-06,6324555,p6086
a121,0.1,3.162277660168379e-06,9.999999999999999e-06,6324555,p6087
a121,0.1,3.162277660168379e-06,9.999999999999999e-06,6324555,p6088
a121,0.1,3.162277660168379e-06,9.999999999999999e-06,6324555,p6089
a121,0.1,3.162277660168379e-06,9.999999999999999e-06,6324555,p6090
a121,0.1,3.162277660168379e-06,9.999999999999999e-06,6324555,p6091
a121,0.1,3.162277660168379e-06,9.999999999999999e-06,6324555,p6092
a121,0.1,3.162277660168379e-06,9.999999999999999e-06,6324555,p6093
a121,0.1,3.162277660168379e-06,9.999999999999999e-06,6324555,p6094
a121,0.1,3.162277660168379e-06,9.999999999999999e-06,6324555,p6095
a121,0.1,3.162277660168379e-06,9.999999999999999e-06,6324555,p6096
a121,0.1,3.162277660168379e-06,9.999999999999999e-06,6324555,p6097
a121,0.1,3.162277660168379e-06,9.999999999999999e-06,6324555,p6098
a121,0.1,3.162277660168379e-06,9.999999999999999e-06,6324555,p6099
a122,0.1,3.162277660168379e-06,0.0001,6324555,p6100
a122,0.1,3.162277660168379e-06,0.0001,6324555,p6101
a122,0.1,3.162277660168379e-06,0.0001,6324555,p6102
a122,0.1,3.162277660168379e-06,0.0001,6324555,p6103
a122,0.1,3.162277660168379e-06,0.0001,6324555,p6104
a122,0.1,3.162277660168379e-06,0.0001,6324555,p6105
a122,0.1,3.162277660168379e-06,0.0001,6324555,p6106
a122,0.1,3.162277660168379e-06,0.0001,6324555,p6107
a122,0.1,3.162277660168379e-06,0.0001,6324555,p6108
a122,0.1,3.162277660168379e-06,0.0001,6324555,p6109
a122,0.1,3.162277660168379e-06,0.0001,6324555,p6110
a122,0.1,3.162277660168379e-06,0.0001,6324555,p6111
a122,0.1,3.162277660168379e-06,0.0001,6324555,p6112
a122,0.1,3.162277660168379e-06,0.0001,6324555,p6113
a122,0.1,3.162277660168379e-06,0.0001,6324555,p6114
a122,0.1,3.162277660168379e-06,0.0001,6324555,p6115
a122,0.1,3.162277660168379e-06,0.0001,6324555,p6116
a122,0.1,3.162277660168379e-06,0.0001,6324555,p6117
a122,0.1,3.162277660168379e-06,0.0001,6324555,p6118
a122,0.1,3.162277660168379e-06,0.0001,6324555,p6119
a122,0.1,3.162277660168379e-06,0.0001,6324555,p6120
a122,0.1,3.162277660168379e-06,0.0001,6324555,p6121
a122,0.1,3.162277660168379e-06,0.0001,6324555,p6122
a122,0.1,3.162277660168379e-06,0.0001,6324555,p6123
a122,0.1,3.162277660168379e-06,0.0001,6324555,p6124
a122,0.1,3.162277660168379e-06,0.0001,6324555,p6125
a122,0.1,3.162277660168379e-06,0.0001,6324555,p6126
a122,0.1,3.162277660168379e-06,0.0001,6324555,p6127
a122,0.1,3.162277660168379e-06,0.0001,6324555,p6128
a122,0.1,3.162277660168379e-06,0.0001,6324555,p6129
a122,0.1,3.162277660168379e-06,0.0001,6324555,p6130
a122,0.1,3.162277660168379e-06,0.0001,6324555,p6131
a122,0.1,3.162277660168379e-06,0.0001,6324555,p6132
a122,0.1,3.162277660168379e-06,0.0001,6324555,p6133
a122,0.1,3.162277660168379e-06,0.0001,6324555,p6134
a122,0.1,3.162277660168379e-06,0.0001,6324555,p6135
a122,0.1,3.162277660168379e-06,0.0001,6324555,p6136
a122,0.1,3.162277660168379e-06,0.0001,6324555,p6137
a122,0.1,3.162277660168379e-06,0.0001,6324555,p6138
a122,0.1,3.162277660168379e-06,0.0001,6324555,p6139
a122,0.1,3.162277660168379e-06,0.0001,6324555,p6140
a122,0.1,3.162277660168379e-06,0.0001,6324555,p6141
a122,0.1,3.162277660168379e-06,0.0001,6324555,p6142
a122,0.1,3.162277660168379e-06,0.0001,6324555,p6143
a122,0.1,3.162277660168379e-06,0.0001,6324555,p6144
a122,0.1,3.162277660168379e-06,0.0001,6324555,p6145
a122,0.1,3.162277660168379e-06,0.0001,6324555,p6146
a122,0.1,3.162277660168379e-06,0.0001,6324555,p6147
a122,0.1,3.162277660168379e-06,0.0001,6324555,p6148
a122,0.1,3.162277660168379e-06,0.0001,6324555,p6149
a123,0.1,3.162277660168379e-06,0.001,6324555,p6150
a123,0.1,3.162277660168379e-06,0.001,6324555,p6151
a123,0.1,3.162277660168379e-06,0.001,6324555,p6152
a123,0.1,3.162277660168379e-06,0.001,6324555,p6153
a123,0.1,3.162277660168379e-06,0.001,6324555,p6154
a123,0.1,3.162277660168379e-06,0.001,6324555,p6155
a123,0.1,3.162277660168379e-06,0.001,6324555,p6156
a123,0.1,3.162277660168379e-06,0.001,6324555,p6157
a123,0.1,3.162277660168379e-06,0.001,6324555,p6158
a123,0.1,3.162277660168379e-06,0.001,6324555,p6159
a123,0.1,3.162277660168379e-06,0.001,6324555,p6160
a123,0.1,3.162277660168379e-06,0.001,6324555,p6161
a123,0.1,3.162277660168379e-06,0.001,6324555,p6162
a123,0.1,3.162277660168379e-06,0.001,6324555,p6163
a123,0.1,3.162277660168379e-06,0.001,6324555,p6164
a123,0.1,3.162277660168379e-06,0.001,6324555,p6165
a123,0.1,3.162277660168379e-06,0.001,6324555,p6166
a123,0.1,3.162277660168379e-06,0.001,6324555,p6167
a123,0.1,3.162277660168379e-06,0.001,6324555,p6168
a123,0.1,3.162277660168379e-06,0.001,6324555,p6169
a123,0.1,3.162277660168379e-06,0.001,6324555,p6170
a123,0.1,3.162277660168379e-06,0.001,6324555,p6171
a123,0.1,3.162277660168379e-06,0.001,6324555,p6172
a123,0.1,3.162277660168379e-06,0.001,6324555,p6173
a123,0.1,3.162277660168379e-06,0.001,6324555,p6174
a123,0.1,3.162277660168379e-06,0.001,6324555,p6175
a123,0.1,3.162277660168379e-06,0.001,6324555,p6176
a123,0.1,3.162277660168379e-06,0.001,6324555,p6177
a123,0.1,3.162277660168379e-06,0.001,6324555,p6178
a123,0.1,3.162277660168379e-06,0.001,6324555,p6179
a123,0.1,3.162277660168379e-06,0.001,6324555,p6180
a123,0.1,3.162277660168379e-06,0.001,6324555,p6181
a123,0.1,3.162277660168379e-06,0.001,6324555,p6182
a123,0.1,3.162277660168379e-06,0.001,6324555,p6183
a123,0.1,3.162277660168379e-06,0.001,6324555,p6184
a123,0.1,3.162277660168379e-06,0.001,6324555,p6185
a123,0.1,3.162277660168379e-06,0.001,6324555,p6186
a123,0.1,3.162277660168379e-06,0.001,6324555,p6187
a123,0.1,3.162277660168379e-06,0.001,6324555,p6188
a123,0.1,3.162277660168379e-06,0.001,6324555,p6189
a123,0.1,3.162277660168379e-06,0.001,6324555,p6190
a123,0.1,3.162277660168379e-06,0.001,6324555,p6191
a123,0.1,3.162277660168379e-06,0.001,6324555,p6192
a123,0.1,3.162277660168379e-06,0.001,6324555,p6193
a123,0.1,3.162277660168379e-06,0.001,6324555,p6194
a123,0.1,3.162277660168379e-06,0.001,6324555,p6195
a123,0.1,3.162277660168379e-06,0.001,6324555,p6196
a123,0.1,3.162277660168379e-06,0.001,6324555,p6197
a123,0.1,3.162277660168379e-06,0.001,6324555,p6198
a123,0.1,3.162277660168379e-06,0.001,6324555,p6199
a124,0.1,3.162277660168379e-06,0.01,6324555,p6200
a124,0.1,3.162277660168379e-06,0.01,6324555,p6201
a124,0.1,3.162277660168379e-06,0.01,6324555,p6202
a124,0.1,3.162277660168379e-06,0.01,6324555,p6203
a124,0.1,3.162277660168379e-06,0.01,6324555,p6204
a124,0.1,3.162277660168379e-06,0.01,6324555,p6205
a124,0.1,3.162277660168379e-06,0.01,6324555,p6206
a124,0.1,3.162277660168379e-06,0.01,6324555,p6207
a124,0.1,3.162277660168379e-06,0.01,6324555,p6208
a124,0.1,3.162277660168379e-06,0.01,6324555,p6209
a124,0.1,3.162277660168379e-06,0.01,6324555,p6210
a124,0.1,3.162277660168379e-06,0.01,6324555,p6211
a124,0.1,3.162277660168379e-06,0.01,6324555,p6212
a124,0.1,3.162277660168379e-06,0.01,6324555,p6213
a124,0.1,3.162277660168379e-06,0.01,6324555,p6214
a124,0.1,3.162277660168379e-06,0.01,6324555,p6215
a124,0.1,3.162277660168379e-06,0.01,6324555,p6216
a124,0.1,3.162277660168379e-06,0.01,6324555,p6217
a124,0.1,3.162277660168379e-06,0.01,6324555,p6218
a124,0.1,3.162277660168379e-06,0.01,6324555,p6219
a124,0.1,3.162277660168379e-06,0.01,6324555,p6220
a124,0.1,3.162277660168379e-06,0.01,6324555,p6221
a124,0.1,3.162277660168379e-06,0.01,6324555,p6222
a124,0.1,3.162277660168379e-06,0.01,6324555,p6223
a124,0.1,3.162277660168379e-06,0.01,6324555,p6224
a124,0.1,3.162277660168379e-06,0.01,6324555,p6225
a124,0.1,3.162277660168379e-06,0.01,6324555,p6226
a124,0.1,3.162277660168379e-06,0.01,6324555,p6227
a124,0.1,3.162277660168379e-06,0.01,6324555,p6228
a124,0.1,3.162277660168379e-06,0.01,6324555,p6229
a124,0.1,3.162277660168379e-06,0.01,6324555,p6230
a124,0.1,3.162277660168379e-06,0.01,6324555,p6231
a124,0.1,3.162277660168379e-06,0.01,6324555,p6232
a124,0.1,3.162277660168379e-06,0.01,6324555,p6233
a124,0.1,3.162277660168379e-06,0.01,6324555,p6234
a124,0.1,3.162277660168379e-06,0.01,6324555,p6235
a124,0.1,3.162277660168379e-06,0.01,6324555,p6236
a124,0.1,3.162277660168379e-06,0.01,6324555,p6237
a124,0.1,3.162277660168379e-06,0.01,6324555,p6238
a124,0.1,3.162277660168379e-06,0.01,6324555,p6239
a124,0.1,3.162277660168379e-06,0.01,6324555,p6240
a124,0.1,3.162277660168379e-06,0.01,6324555,p6241
a124,0.1,3.162277660168379e-06,0.01,6324555,p6242
a124,0.1,3.162277660168379e-06,0.01,6324555,p6243
a124,0.1,3.162277660168379e-06,0.01,6324555,p6244
a124,0.1,3.162277660168379e-06,0.01,6324555,p6245
a124,0.1,3.162277660168379e-06,0.01,6324555,p6246
a124,0.1,3.162277660168379e-06,0.01,6324555,p6247
a124,0.1,3.162277660168379e-06,0.01,6324555,p6248
a124,0.1,3.162277660168379e-06,0.01,6324555,p6249
a125,0.1,3.162277660168379e-06,0.1,6324555,p6250
a125,0.1,3.162277660168379e-06,0.1,6324555,p6251
a125,0.1,3.162277660168379e-06,0.1,6324555,p6252
a125,0.1,3.162277660168379e-06,0.1,6324555,p6253
a125,0.1,3.162277660168379e-06,0.1,6324555,p6254
a125,0.1,3.162277660168379e-06,0.1,6324555,p6255
a125,0.1,3.162277660168379e-06,0.1,6324555,p6256
a125,0.1,3.162277660168379e-06,0.1,6324555,p6257
a125,0.1,3.162277660168379e-06,0.1,6324555,p6258
a125,0.1,3.162277660168379e-06,0.1,6324555,p6259
a125,0.1,3.162277660168379e-06,0.1,6324555,p6260
a125,0.1,3.162277660168379e-06,0.1,6324555,p6261
a125,0.1,3.162277660168379e-06,0.1,6324555,p6262
a125,0.1,3.162277660168379e-06,0.1,6324555,p6263
a125,0.1,3.162277660168379e-06,0.1,6324555,p6264
a125,0.1,3.162277660168379e-06,0.1,6324555,p6265
a125,0.1,3.162277660168379e-06,0.1,6324555,p6266
a125,0.1,3.162277660168379e-06,0.1,6324555,p6267
a125,0.1,3.162277660168379e-06,0.1,6324555,p6268
a125,0.1,3.162277660168379e-06,0.1,6324555,p6269
a125,0.1,3.162277660168379e-06,0.1,6324555,p6270
a125,0.1,3.162277660168379e-06,0.1,6324555,p6271
a125,0.1,3.162277660168379e-06,0.1,6324555,p6272
a125,0.1,3.162277660168379e-06,0.1,6324555,p6273
a125,0.1,3.162277660168379e-06,0.1,6324555,p6274
a125,0.1,3.162277660168379e-06,0.1,6324555,p6275
a125,0.1,3.162277660168379e-06,0.1,6324555,p6276
a125,0.1,3.162277660168379e-06,0.1,6324555,p6277
a125,0.1,3.162277660168379e-06,0.1,6324555,p6278
a125,0.1,3.162277660168379e-06,0.1,6324555,p6279
a125,0.1,3.162277660168379e-06,0.1,6324555,p6280
a125,0.1,3.162277660168379e-06,0.1,6324555,p6281
a125,0.1,3.162277660168379e-06,0.1,6324555,p6282
a125,0.1,3.162277660168379e-06,0.1,6324555,p6283
a125,0.1,3.162277660168379e-06,0.1,6324555,p6284
a125,0.1,3.162277660168379e-06,0.1,6324555,p6285
a125,0.1,3.162277660168379e-06,0.1,6324555,p6286
a125,0.1,3.162277660168379e-06,0.1,6324555,p6287
a125,0.1,3.162277660168379e-06,0.1,6324555,p6288
a125,0.1,3.162277660168379e-06,0.1,6324555,p6289
a125,0.1,3.162277660168379e-06,0.1,6324555,p6290
a125,0.1,3.162277660168379e-06,0.1,6324555,p6291
a125,0.1,3.162277660168379e-06,0.1,6324555,p6292
a125,0.1,3.162277660168379e-06,0.1,6324555,p6293
a125,0.1,3.162277660168379e-06,0.1,6324555,p6294
a125,0.1,3.162277660168379e-06,0.1,6324555,p6295
a125,0.1,3.162277660168379e-06,0.1,6324555,p6296
a125,0.1,3.162277660168379e-06,0.1,6324555,p6297
a125,0.1,3.162277660168379e-06,0.1,6324555,p6298
a125,0.1,3.162277660168379e-06,0.1,6324555,p6299
a126,0.1,9.999999999999999e-06,1e-07,2000000,p6300
a126,0.1,9.999999999999999e-06,1e-07,2000000,p6301
a126,0.1,9.999999999999999e-06,1e-07,2000000,p6302
a126,0.1,9.999999999999999e-06,1e-07,2000000,p6303
a126,0.1,9.999999999999999e-06,1e-07,2000000,p6304
a126,0.1,9.999999999999999e-06,1e-07,2000000,p6305
a126,0.1,9.999999999999999e-06,1e-07,2000000,p6306
a126,0.1,9.999999999999999e-06,1e-07,2000000,p6307
a126,0.1,9.999999999999999e-06,1e-07,2000000,p6308
a126,0.1,9.999999999999999e-06,1e-07,2000000,p6309
a126,0.1,9.999999999999999e-06,1e-07,2000000,p6310
a126,0.1,9.999999999999999e-06,1e-07,2000000,p6311
a126,0.1,9.999999999999999e-06,1e-07,2000000,p6312
a126,0.1,9.999999999999999e-06,1e-07,2000000,p6313
a126,0.1,9.999999999999999e-06,1e-07,2000000,p6314
a126,0.1,9.999999999999999e-06,1e-07,2000000,p6315
a126,0.1,9.999999999999999e-06,1e-07,2000000,p6316
a126,0.1,9.999999999999999e-06,1e-07,2000000,p6317
a126,0.1,9.999999999999999e-06,1e-07,2000000,p6318
a126,0.1,9.999999999999999e-06,1e-07,2000000,p6319
a126,0.1,9.999999999999999e-06,1e-07,2000000,p6320
a126,0.1,9.999999999999999e-06,1e-07,2000000,p6321
a126,0.1,9.999999999999999e-06,1e-07,2000000,p6322
a126,0.1,9.999999999999999e-06,1e-07,2000000,p6323
a126,0.1,9.999999999999999e-06,1e-07,2000000,p6324
a126,0.1,9.999999999999999e-06,1e-07,2000000,p6325
a126,0.1,9.999999999999999e-06,1e-07,2000000,p6326
a126,0.1,9.999999999999999e-06,1e-07,2000000,p6327
a126,0.1,9.999999999999999e-06,1e-07,2000000,p6328
a126,0.1,9.999999999999999e-06,1e-07,2000000,p6329
a126,0.1,9.999999999999999e-06,1e-07,2000000,p6330
a126,0.1,9.999999999999999e-06,1e-07,2000000,p6331
a126,0.1,9.999999999999999e-06,1e-07,2000000,p6332
a126,0.1,9.999999999999999e-06,1e-07,2000000,p6333
a126,0.1,9.999999999999999e-06,1e-07,2000000,p6334
a126,0.1,9.999999999999999e-06,1e-07,2000000,p6335
a126,0.1,9.999999999999999e-06,1e-07,2000000,p6336
a126,0.1,9.999999999999999e-06,1e-07,2000000,p6337
a126,0.1,9.999999999999999e-06,1e-07,2000000,p6338
a126,0.1,9.999999999999999e-06,1e-07,2000000,p6339
a126,0.1,9.999999999999999e-06,1e-07,2000000,p6340
a126,0.1,9.999999999999999e-06,1e-07,2000000,p6341
a126,0.1,9.999999999999999e-06,1e-07,2000000,p6342
a126,0.1,9.999999999999999e-06,1e-07,2000000,p6343
a126,0.1,9.999999999999999e-06,1e-07,2000000,p6344
a126,0.1,9.999999999999999e-06,1e-07,2000000,p6345
a126,0.1,9.999999999999999e-06,1e-07,2000000,p6346
a126,0.1,9.999999999999999e-06,1e-07,2000000,p6347
a126,0.1,9.999999999999999e-06,1e-07,2000000,p6348
a126,0.1,9.999999999999999e-06,1e-07,2000000,p6349
a127,0.1,9.999999999999999e-06,1e-06,2000000,p6350
a127,0.1,9.999999999999999e-06,1e-06,2000000,p6351
a127,0.1,9.999999999999999e-06,1e-06,2000000,p6352
a127,0.1,9.999999999999999e-06,1e-06,2000000,p6353
a127,0.1,9.999999999999999e-06,1e-06,2000000,p6354
a127,0.1,9.999999999999999e-06,1e-06,2000000,p6355
a127,0.1,9.999999999999999e-06,1e-06,2000000,p6356
a127,0.1,9.999999999999999e-06,1e-06,2000000,p6357
a127,0.1,9.999999999999999e-06,1e-06,2000000,p6358
a127,0.1,9.999999999999999e-06,1e-06,2000000,p6359
a127,0.1,9.999999999999999e-06,1e-06,2000000,p6360
a127,0.1,9.999999999999999e-06,1e-06,2000000,p6361
a127,0.1,9.999999999999999e-06,1e-06,2000000,p6362
a127,0.1,9.999999999999999e-06,1e-06,2000000,p6363
a127,0.1,9.999999999999999e-06,1e-06,2000000,p6364
a127,0.1,9.999999999999999e-06,1e-06,2000000,p6365
a127,0.1,9.999999999999999e-06,1e-06,2000000,p6366
a127,0.1,9.999999999999999e-06,1e-06,2000000,p6367
a127,0.1,9.999999999999999e-06,1e-06,2000000,p6368
a127,0.1,9.999999999999999e-06,1e-06,2000000,p6369
a127,0.1,9.999999999999999e-06,1e-06,2000000,p6370
a127,0.1,9.999999999999999e-06,1e-06,2000000,p6371
a127,0.1,9.999999999999999e-06,1e-06,2000000,p6372
a127,0.1,9.999999999999999e-06,1e-06,2000000,p6373
a127,0.1,9.999999999999999e-06,1e-06,2000000,p6374
a127,0.1,9.999999999999999e-06,1e-06,2000000,p6375
a127,0.1,9.999999999999999e-06,1e-06,2000000,p6376
a127,0.1,9.999999999999999e-06,1e-06,2000000,p6377
a127,0.1,9.999999999999999e-06,1e-06,2000000,p6378
a127,0.1,9.999999999999999e-06,1e-06,2000000,p6379
a127,0.1,9.999999999999999e-06,1e-06,2000000,p6380
a127,0.1,9.999999999999999e-06,1e-06,2000000,p6381
a127,0.1,9.999999999999999e-06,1e-06,2000000,p6382
a127,0.1,9.999999999999999e-06,1e-06,2000000,p6383
a127,0.1,9.999999999999999e-06,1e-06,2000000,p6384
a127,0.1,9.999999999999999e-06,1e-06,2000000,p6385
a127,0.1,9.999999999999999e-06,1e-06,2000000,p6386
a127,0.1,9.999999999999999e-06,1e-06,2000000,p6387
a127,0.1,9.999999999999999e-06,1e-06,2000000,p6388
a127,0.1,9.999999999999999e-06,1e-06,2000000,p6389
a127,0.1,9.999999999999999e-06,1e-06,2000000,p6390
a127,0.1,9.999999999999999e-06,1e-06,2000000,p6391
a127,0.1,9.999999999999999e-06,1e-06,2000000,p6392
a127,0.1,9.999999999999999e-06,1e-06,2000000,p6393
a127,0.1,9.999999999999999e-06,1e-06,2000000,p6394
a127,0.1,9.999999999999999e-06,1e-06,2000000,p6395
a127,0.1,9.999999999999999e-06,1e-06,2000000,p6396
a127,0.1,9.999999999999999e-06,1e-06,2000000,p6397
a127,0.1,9.999999999999999e-06,1e-06,2000000,p6398
a127,0.1,9.999999999999999e-06,1e-06,2000000,p6399
a128,0.1,9.999999999999999e-06,9.999999999999999e-06,2000000,p6400
a128,0.1,9.999999999999999e-06,9.999999999999999e-06,2000000,p6401
a128,0.1,9.999999999999999e-06,9.999999999999999e-06,2000000,p6402
a128,0.1,9.999999999999999e-06,9.999999999999999e-06,2000000,p6403
a128,0.1,9.999999999999999e-06,9.999999999999999e-06,2000000,p6404
a128,0.1,9.999999999999999e-06,9.999999999999999e-06,2000000,p6405
a128,0.1,9.999999999999999e-06,9.999999999999999e-06,2000000,p6406
a128,0.1,9.999999999999999e-06,9.999999999999999e-06,2000000,p6407
a128,0.1,9.999999999999999e-06,9.999999999999999e-06,2000000,p6408
a128,0.1,9.999999999999999e-06,9.999999999999999e-06,2000000,p6409
a128,0.1,9.999999999999999e-06,9.999999999999999e-06,2000000,p6410
a128,0.1,9.999999999999999e-06,9.999999999999999e-06,2000000,p6411
a128,0.1,9.999999999999999e-06,9.999999999999999e-06,2000000,p6412
a128,0.1,9.999999999999999e-06,9.999999999999999e-06,2000000,p6413
a128,0.1,9.999999999999999e-06,9.999999999999999e-06,2000000,p6414
a128,0.1,9.999999999999999e-06,9.999999999999999e-06,2000000,p6415
a128,0.1,9.999999999999999e-06,9.999999999999999e-06,2000000,p6416
a128,0.1,9.999999999999999e-06,9.999999999999999e-06,2000000,p6417
a128,0.1,9.999999999999999e-06,9.999999999999999e-06,2000000,p6418
a128,0.1,9.999999999999999e-06,9.999999999999999e-06,2000000,p6419
a128,0.1,9.999999999999999e-06,9.999999999999999e-06,2000000,p6420
a128,0.1,9.999999999999999e-06,9.999999999999999e-06,2000000,p6421
a128,0.1,9.999999999999999e-06,9.999999999999999e-06,2000000,p6422
a128,0.1,9.999999999999999e-06,9.999999999999999e-06,2000000,p6423
a128,0.1,9.999999999999999e-06,9.999999999999999e-06,2000000,p6424
a128,0.1,9.999999999999999e-06,9.999999999999999e-06,2000000,p6425
a128,0.1,9.999999999999999e-06,9.999999999999999e-06,2000000,p6426
a128,0.1,9.999999999999999e-06,9.999999999999999e-06,2000000,p6427
a128,0.1,9.999999999999999e-06,9.999999999999999e-06,2000000,p6428
a128,0.1,9.999999999999999e-06,9.999999999999999e-06,2000000,p6429
a128,0.1,9.999999999999999e-06,9.999999999999999e-06,2000000,p6430
a128,0.1,9.999999999999999e-06,9.999999999999999e-06,2000000,p6431
a128,0.1,9.999999999999999e-06,9.999999999999999e-06,2000000,p6432
a128,0.1,9.999999999999999e-06,9.999999999999999e-06,2000000,p6433
a128,0.1,9.999999999999999e-06,9.999999999999999e-06,2000000,p6434
a128,0.1,9.999999999999999e-06,9.999999999999999e-06,2000000,p6435
a128,0.1,9.999999999999999e-06,9.999999999999999e-06,2000000,p6436
a128,0.1,9.999999999999999e-06,9.999999999999999e-06,2000000,p6437
a128,0.1,9.999999999999999e-06,9.999999999999999e-06,2000000,p6438
a128,0.1,9.999999999999999e-06,9.999999999999999e-06,2000000,p6439
a128,0.1,9.999999999999999e-06,9.999999999999999e-06,2000000,p6440
a128,0.1,9.999999999999999e-06,9.999999999999999e-06,2000000,p6441
a128,0.1,9.999999999999999e-06,9.999999999999999e-06,2000000,p6442
a128,0.1,9.999999999999999e-06,9.999999999999999e-06,2000000,p6443
a128,0.1,9.999999999999999e-06,9.999999999999999e-06,2000000,p6444
a128,0.1,9.999999999999999e-06,9.999999999999999e-06,2000000,p6445
a128,0.1,9.999999999999999e-06,9.999999999999999e-06,2000000,p6446
a128,0.1,9.999999999999999e-06,9.999999999999999e-06,2000000,p6447
a128,0.1,9.999999999999999e-06,9.999999999999999e-06,2000000,p6448
a128,0.1,9.999999999999999e-06,9.999999999999999e-06,2000000,p6449
a129,0.1,9.999999999999999e-06,0.0001,2000000,p6450
a129,0.1,9.999999999999999e-06,0.0001,2000000,p6451
a129,0.1,9.999999999999999e-06,0.0001,2000000,p6452
a129,0.1,9.999999999999999e-06,0.0001,2000000,p6453
a129,0.1,9.999999999999999e-06,0.0001,2000000,p6454
a129,0.1,9.999999999999999e-06,0.0001,2000000,p6455
a129,0.1,9.999999999999999e-06,0.0001,2000000,p6456
a129,0.1,9.999999999999999e-06,0.0001,2000000,p6457
a129,0.1,9.999999999999999e-06,0.0001,2000000,p6458
a129,0.1,9.999999999999999e-06,0.0001,2000000,p6459
a129,0.1,9.999999999999999e-06,0.0001,2000000,p6460
a129,0.1,9.999999999999999e-06,0.0001,2000000,p6461
a129,0.1,9.999999999999999e-06,0.0001,2000000,p6462
a129,0.1,9.999999999999999e-06,0.0001,2000000,p6463
a129,0.1,9.999999999999999e-06,0.0001,2000000,p6464
a129,0.1,9.999999999999999e-06,0.0001,2000000,p6465
a129,0.1,9.999999999999999e-06,0.0001,2000000,p6466
a129,0.1,9.999999999999999e-06,0.0001,2000000,p6467
a129,0.1,9.999999999999999e-06,0.0001,2000000,p6468
a129,0.1,9.999999999999999e-06,0.0001,2000000,p6469
a129,0.1,9.999999999999999e-06,0.0001,2000000,p6470
a129,0.1,9.999999999999999e-06,0.0001,2000000,p6471
a129,0.1,9.999999999999999e-06,0.0001,2000000,p6472
a129,0.1,9.999999999999999e-06,0.0001,2000000,p6473
a129,0.1,9.999999999999999e-06,0.0001,2000000,p6474
a129,0.1,9.999999999999999e-06,0.0001,2000000,p6475
a129,0.1,9.999999999999999e-06,0.0001,2000000,p6476
a129,0.1,9.999999999999999e-06,0.0001,2000000,p6477
a129,0.1,9.999999999999999e-06,0.0001,2000000,p6478
a129,0.1,9.999999999999999e-06,0.0001,2000000,p6479
a129,0.1,9.999999999999999e-06,0.0001,2000000,p6480
a129,0.1,9.999999999999999e-06,0.0001,2000000,p6481
a129,0.1,9.999999999999999e-06,0.0001,2000000,p6482
a129,0.1,9.999999999999999e-06,0.0001,2000000,p6483
a129,0.1,9.999999999999999e-06,0.0001,2000000,p6484
a129,0.1,9.999999999999999e-06,0.0001,2000000,p6485
a129,0.1,9.999999999999999e-06,0.0001,2000000,p6486
a129,0.1,9.999999999999999e-06,0.0001,2000000,p6487
a129,0.1,9.999999999999999e-06,0.0001,2000000,p6488
a129,0.1,9.999999999999999e-06,0.0001,2000000,p6489
a129,0.1,9.999999999999999e-06,0.0001,2000000,p6490
a129,0.1,9.999999999999999e-06,0.0001,2000000,p6491
a129,0.1,9.999999999999999e-06,0.0001,2000000,p6492
a129,0.1,9.999999999999999e-06,0.0001,2000000,p6493
a129,0.1,9.999999999999999e-06,0.0001,2000000,p6494
a129,0.1,9.999999999999999e-06,0.0001,2000000,p6495
a129,0.1,9.999999999999999e-06,0.0001,2000000,p6496
a129,0.1,9.999999999999999e-06,0.0001,2000000,p6497
a129,0.1,9.999999999999999e-06,0.0001,2000000,p6498
a129,0.1,9.999999999999999e-06,0.0001,2000000,p6499
a130,0.1,9.999999999999999e-06,0.001,2000000,p6500
a130,0.1,9.999999999999999e-06,0.001,2000000,p6501
a130,0.1,9.999999999999999e-06,0.001,2000000,p6502
a130,0.1,9.999999999999999e-06,0.001,2000000,p6503
a130,0.1,9.999999999999999e-06,0.001,2000000,p6504
a130,0.1,9.999999999999999e-06,0.001,2000000,p6505
a130,0.1,9.999999999999999e-06,0.001,2000000,p6506
a130,0.1,9.999999999999999e-06,0.001,2000000,p6507
a130,0.1,9.999999999999999e-06,0.001,2000000,p6508
a130,0.1,9.999999999999999e-06,0.001,2000000,p6509
a130,0.1,9.999999999999999e-06,0.001,2000000,p6510
a130,0.1,9.999999999999999e-06,0.001,2000000,p6511
a130,0.1,9.999999999999999e-06,0.001,2000000,p6512
a130,0.1,9.999999999999999e-06,0.001,2000000,p6513
a130,0.1,9.999999999999999e-06,0.001,2000000,p6514
a130,0.1,9.999999999999999e-06,0.001,2000000,p6515
a130,0.1,9.999999999999999e-06,0.001,2000000,p6516
a130,0.1,9.999999999999999e-06,0.001,2000000,p6517
a130,0.1,9.999999999999999e-06,0.001,2000000,p6518
a130,0.1,9.999999999999999e-06,0.001,2000000,p6519
a130,0.1,9.999999999999999e-06,0.001,2000000,p6520
a130,0.1,9.999999999999999e-06,0.001,2000000,p6521
a130,0.1,9.999999999999999e-06,0.001,2000000,p6522
a130,0.1,9.999999999999999e-06,0.001,2000000,p6523
a130,0.1,9.999999999999999e-06,0.001,2000000,p6524
a130,0.1,9.999999999999999e-06,0.001,2000000,p6525
a130,0.1,9.999999999999999e-06,0.001,2000000,p6526
a130,0.1,9.999999999999999e-06,0.001,2000000,p6527
a130,0.1,9.999999999999999e-06,0.001,2000000,p6528
a130,0.1,9.999999999999999e-06,0.001,2000000,p6529
a130,0.1,9.999999999999999e-06,0.001,2000000,p6530
a130,0.1,9.999999999999999e-06,0.001,2000000,p6531
a130,0.1,9.999999999999999e-06,0.001,2000000,p6532
a130,0.1,9.999999999999999e-06,0.001,2000000,p6533
a130,0.1,9.999999999999999e-06,0.001,2000000,p6534
a130,0.1,9.999999999999999e-06,0.001,2000000,p6535
a130,0.1,9.999999999999999e-06,0.001,2000000,p6536
a130,0.1,9.999999999999999e-06,0.001,2000000,p6537
a130,0.1,9.999999999999999e-06,0.001,2000000,p6538
a130,0.1,9.999999999999999e-06,0.001,2000000,p6539
a130,0.1,9.999999999999999e-06,0.001,2000000,p6540
a130,0.1,9.999999999999999e-06,0.001,2000000,p6541
a130,0.1,9.999999999999999e-06,0.001,2000000,p6542
a130,0.1,9.999999999999999e-06,0.001,2000000,p6543
a130,0.1,9.999999999999999e-06,0.001,2000000,p6544
a130,0.1,9.999999999999999e-06,0.001,2000000,p6545
a130,0.1,9.999999999999999e-06,0.001,2000000,p6546
a130,0.1,9.999999999999999e-06,0.001,2000000,p6547
a130,0.1,9.999999999999999e-06,0.001,2000000,p6548
a130,0.1,9.999999999999999e-06,0.001,2000000,p6549
a131,0.1,9.999999999999999e-06,0.01,2000000,p6550
a131,0.1,9.999999999999999e-06,0.01,2000000,p6551
a131,0.1,9.999999999999999e-06,0.01,2000000,p6552
a131,0.1,9.999999999999999e-06,0.01,2000000,p6553
a131,0.1,9.999999999999999e-06,0.01,2000000,p6554
a131,0.1,9.999999999999999e-06,0.01,2000000,p6555
a131,0.1,9.999999999999999e-06,0.01,2000000,p6556
a131,0.1,9.999999999999999e-06,0.01,2000000,p6557
a131,0.1,9.999999999999999e-06,0.01,2000000,p6558
a131,0.1,9.999999999999999e-06,0.01,2000000,p6559
a131,0.1,9.999999999999999e-06,0.01,2000000,p6560
a131,0.1,9.999999999999999e-06,0.01,2000000,p6561
a131,0.1,9.999999999999999e-06,0.01,2000000,p6562
a131,0.1,9.999999999999999e-06,0.01,2000000,p6563
a131,0.1,9.999999999999999e-06,0.01,2000000,p6564
a131,0.1,9.999999999999999e-06,0.01,2000000,p6565
a131,0.1,9.999999999999999e-06,0.01,2000000,p6566
a131,0.1,9.999999999999999e-06,0.01,2000000,p6567
a131,0.1,9.999999999999999e-06,0.01,2000000,p6568
a131,0.1,9.999999999999999e-06,0.01,2000000,p6569
a131,0.1,9.999999999999999e-06,0.01,2000000,p6570
a131,0.1,9.999999999999999e-06,0.01,2000000,p6571
a131,0.1,9.999999999999999e-06,0.01,2000000,p6572
a131,0.1,9.999999999999999e-06,0.01,2000000,p6573
a131,0.1,9.999999999999999e-06,0.01,2000000,p6574
a131,0.1,9.999999999999999e-06,0.01,2000000,p6575
a131,0.1,9.999999999999999e-06,0.01,2000000,p6576
a131,0.1,9.999999999999999e-06,0.01,2000000,p6577
a131,0.1,9.999999999999999e-06,0.01,2000000,p6578
a131,0.1,9.999999999999999e-06,0.01,2000000,p6579
a131,0.1,9.999999999999999e-06,0.01,2000000,p6580
a131,0.1,9.999999999999999e-06,0.01,2000000,p6581
a131,0.1,9.999999999999999e-06,0.01,2000000,p6582
a131,0.1,9.999999999999999e-06,0.01,2000000,p6583
a131,0.1,9.999999999999999e-06,0.01,2000000,p6584
a131,0.1,9.999999999999999e-06,0.01,2000000,p6585
a131,0.1,9.999999999999999e-06,0.01,2000000,p6586
a131,0.1,9.999999999999999e-06,0.01,2000000,p6587
a131,0.1,9.999999999999999e-06,0.01,2000000,p6588
a131,0.1,9.999999999999999e-06,0.01,2000000,p6589
a131,0.1,9.999999999999999e-06,0.01,2000000,p6590
a131,0.1,9.999999999999999e-06,0.01,2000000,p6591
a131,0.1,9.999999999999999e-06,0.01,2000000,p6592
a131,0.1,9.999999999999999e-06,0.01,2000000,p6593
a131,0.1,9.999999999999999e-06,0.01,2000000,p6594
a131,0.1,9.999999999999999e-06,0.01,2000000,p6595
a131,0.1,9.999999999999999e-06,0.01,2000000,p6596
a131,0.1,9.999999999999999e-06,0.01,2000000,p6597
a131,0.1,9.999999999999999e-06,0.01,2000000,p6598
a131,0.1,9.999999999999999e-06,0.01,2000000,p6599
a132,0.1,9.999999999999999e-06,0.1,2000000,p6600
a132,0.1,9.999999999999999e-06,0.1,2000000,p6601
a132,0.1,9.999999999999999e-06,0.1,2000000,p6602
a132,0.1,9.999999999999999e-06,0.1,2000000,p6603
a132,0.1,9.999999999999999e-06,0.1,2000000,p6604
a132,0.1,9.999999999999999e-06,0.1,2000000,p6605
a132,0.1,9.999999999999999e-06,0.1,2000000,p6606
a132,0.1,9.999999999999999e-06,0.1,2000000,p6607
a132,0.1,9.999999999999999e-06,0.1,2000000,p6608
a132,0.1,9.999999999999999e-06,0.1,2000000,p6609
a132,0.1,9.999999999999999e-06,0.1,2000000,p6610
a132,0.1,9.999999999999999e-06,0.1,2000000,p6611
a132,0.1,9.999999999999999e-06,0.1,2000000,p6612
a132,0.1,9.999999999999999e-06,0.1,2000000,p6613
a132,0.1,9.999999999999999e-06,0.1,2000000,p6614
a132,0.1,9.999999999999999e-06,0.1,2000000,p6615
a132,0.1,9.999999999999999e-06,0.1,2000000,p6616
a132,0.1,9.999999999999999e-06,0.1,2000000,p6617
a132,0.1,9.999999999999999e-06,0.1,2000000,p6618
a132,0.1,9.999999999999999e-06,0.1,2000000,p6619
a132,0.1,9.999999999999999e-06,0.1,2000000,p6620
a132,0.1,9.999999999999999e-06,0.1,2000000,p6621
a132,0.1,9.999999999999999e-06,0.1,2000000,p6622
a132,0.1,9.999999999999999e-06,0.1,2000000,p6623
a132,0.1,9.999999999999999e-06,0.1,2000000,p6624
a132,0.1,9.999999999999999e-06,0.1,2000000,p6625
a132,0.1,9.999999999999999e-06,0.1,2000000,p6626
a132,0.1,9.999999999999999e-06,0.1,2000000,p6627
a132,0.1,9.999999999999999e-06,0.1,2000000,p6628
a132,0.1,9.999999999999999e-06,0.1,2000000,p6629
a132,0.1,9.999999999999999e-06,0.1,2000000,p6630
a132,0.1,9.999999999999999e-06,0.1,2000000,p6631
a132,0.1,9.999999999999999e-06,0.1,2000000,p6632
a132,0.1,9.999999999999999e-06,0.1,2000000,p6633
a132,0.1,9.999999999999999e-06,0.1,2000000,p6634
a132,0.1,9.999999999999999e-06,0.1,2000000,p6635
a132,0.1,9.999999999999999e-06,0.1,2000000,p6636
a132,0.1,9.999999999999999e-06,0.1,2000000,p6637
a132,0.1,9.999999999999999e-06,0.1,2000000,p6638
a132,0.1,9.999999999999999e-06,0.1,2000000,p6639
a132,0.1,9.999999999999999e-06,0.1,2000000,p6640
a132,0.1,9.999999999999999e-06,0.1,2000000,p6641
a132,0.1,9.999999999999999e-06,0.1,2000000,p6642
a132,0.1,9.999999999999999e-06,0.1,2000000,p6643
a132,0.1,9.999999999999999e-06,0.1,2000000,p6644
a132,0.1,9.999999999999999e-06,0.1,2000000,p6645
a132,0.1,9.999999999999999e-06,0.1,2000000,p6646
a132,0.1,9.999999999999999e-06,0.1,2000000,p6647
a132,0.1,9.999999999999999e-06,0.1,2000000,p6648
a132,0.1,9.999999999999999e-06,0.1,2000000,p6649
a133,0.1,3.1622776601683795e-05,1e-07,632455,p6650
a133,0.1,3.1622776601683795e-05,1e-07,632455,p6651
a133,0.1,3.1622776601683795e-05,1e-07,632455,p6652
a133,0.1,3.1622776601683795e-05,1e-07,632455,p6653
a133,0.1,3.1622776601683795e-05,1e-07,632455,p6654
a133,0.1,3.1622776601683795e-05,1e-07,632455,p6655
a133,0.1,3.1622776601683795e-05,1e-07,632455,p6656
a133,0.1,3.1622776601683795e-05,1e-07,632455,p6657
a133,0.1,3.1622776601683795e-05,1e-07,632455,p6658
a133,0.1,3.1622776601683795e-05,1e-07,632455,p6659
a133,0.1,3.1622776601683795e-05,1e-07,632455,p6660
a133,0.1,3.1622776601683795e-05,1e-07,632455,p6661
a133,0.1,3.1622776601683795e-05,1e-07,632455,p6662
a133,0.1,3.1622776601683795e-05,1e-07,632455,p6663
a133,0.1,3.1622776601683795e-05,1e-07,632455,p6664
a133,0.1,3.1622776601683795e-05,1e-07,632455,p6665
a133,0.1,3.1622776601683795e-05,1e-07,632455,p6666
a133,0.1,3.1622776601683795e-05,1e-07,632455,p6667
a133,0.1,3.1622776601683795e-05,1e-07,632455,p6668
a133,0.1,3.1622776601683795e-05,1e-07,632455,p6669
a133,0.1,3.1622776601683795e-05,1e-07,632455,p6670
a133,0.1,3.1622776601683795e-05,1e-07,632455,p6671
a133,0.1,3.1622776601683795e-05,1e-07,632455,p6672
a133,0.1,3.1622776601683795e-05,1e-07,632455,p6673
a133,0.1,3.1622776601683795e-05,1e-07,632455,p6674
a133,0.1,3.1622776601683795e-05,1e-07,632455,p6675
a133,0.1,3.1622776601683795e-05,1e-07,632455,p6676
a133,0.1,3.1622776601683795e-05,1e-07,632455,p6677
a133,0.1,3.1622776601683795e-05,1e-07,632455,p6678
a133,0.1,3.1622776601683795e-05,1e-07,632455,p6679
a133,0.1,3.1622776601683795e-05,1e-07,632455,p6680
a133,0.1,3.1622776601683795e-05,1e-07,632455,p6681
a133,0.1,3.1622776601683795e-05,1e-07,632455,p6682
a133,0.1,3.1622776601683795e-05,1e-07,632455,p6683
a133,0.1,3.1622776601683795e-05,1e-07,632455,p6684
a133,0.1,3.1622776601683795e-05,1e-07,632455,p6685
a133,0.1,3.1622776601683795e-05,1e-07,632455,p6686
a133,0.1,3.1622776601683795e-05,1e-07,632455,p6687
a133,0.1,3.1622776601683795e-05,1e-07,632455,p6688
a133,0.1,3.1622776601683795e-05,1e-07,632455,p6689
a133,0.1,3.1622776601683795e-05,1e-07,632455,p6690
a133,0.1,3.1622776601683795e-05,1e-07,632455,p6691
a133,0.1,3.1622776601683795e-05,1e-07,632455,p6692
a133,0.1,3.1622776601683795e-05,1e-07,632455,p6693
a133,0.1,3.1622776601683795e-05,1e-07,632455,p6694
a133,0.1,3.1622776601683795e-05,1e-07,632455,p6695
a133,0.1,3.1622776601683795e-05,1e-07,632455,p6696
a133,0.1,3.1622776601683795e-05,1e-07,632455,p6697
a133,0.1,3.1622776601683795e-05,1e-07,632455,p6698
a133,0.1,3.1622776601683795e-05,1e-07,632455,p6699
a134,0.1,3.1622776601683795e-05,1e-06,632455,p6700
a134,0.1,3.1622776601683795e-05,1e-06,632455,p6701
a134,0.1,3.1622776601683795e-05,1e-06,632455,p6702
a134,0.1,3.1622776601683795e-05,1e-06,632455,p6703
a134,0.1,3.1622776601683795e-05,1e-06,632455,p6704
a134,0.1,3.1622776601683795e-05,1e-06,632455,p6705
a134,0.1,3.1622776601683795e-05,1e-06,632455,p6706
a134,0.1,3.1622776601683795e-05,1e-06,632455,p6707
a134,0.1,3.1622776601683795e-05,1e-06,632455,p6708
a134,0.1,3.1622776601683795e-05,1e-06,632455,p6709
a134,0.1,3.1622776601683795e-05,1e-06,632455,p6710
a134,0.1,3.1622776601683795e-05,1e-06,632455,p6711
a134,0.1,3.1622776601683795e-05,1e-06,632455,p6712
a134,0.1,3.1622776601683795e-05,1e-06,632455,p6713
a134,0.1,3.1622776601683795e-05,1e-06,632455,p6714
a134,0.1,3.1622776601683795e-05,1e-06,632455,p6715
a134,0.1,3.1622776601683795e-05,1e-06,632455,p6716
a134,0.1,3.1622776601683795e-05,1e-06,632455,p6717
a134,0.1,3.1622776601683795e-05,1e-06,632455,p6718
a134,0.1,3.1622776601683795e-05,1e-06,632455,p6719
a134,0.1,3.1622776601683795e-05,1e-06,632455,p6720
a134,0.1,3.1622776601683795e-05,1e-06,632455,p6721
a134,0.1,3.1622776601683795e-05,1e-06,632455,p6722
a134,0.1,3.1622776601683795e-05,1e-06,632455,p6723
a134,0.1,3.1622776601683795e-05,1e-06,632455,p6724
a134,0.1,3.1622776601683795e-05,1e-06,632455,p6725
a134,0.1,3.1622776601683795e-05,1e-06,632455,p6726
a134,0.1,3.1622776601683795e-05,1e-06,632455,p6727
a134,0.1,3.1622776601683795e-05,1e-06,632455,p6728
a134,0.1,3.1622776601683795e-05,1e-06,632455,p6729
a134,0.1,3.1622776601683795e-05,1e-06,632455,p6730
a134,0.1,3.1622776601683795e-05,1e-06,632455,p6731
a134,0.1,3.1622776601683795e-05,1e-06,632455,p6732
a134,0.1,3.1622776601683795e-05,1e-06,632455,p6733
a134,0.1,3.1622776601683795e-05,1e-06,632455,p6734
a134,0.1,3.1622776601683795e-05,1e-06,632455,p6735
a134,0.1,3.1622776601683795e-05,1e-06,632455,p6736
a134,0.1,3.1622776601683795e-05,1e-06,632455,p6737
a134,0.1,3.1622776601683795e-05,1e-06,632455,p6738
a134,0.1,3.1622776601683795e-05,1e-06,632455,p6739
a134,0.1,3.1622776601683795e-05,1e-06,632455,p6740
a134,0.1,3.1622776601683795e-05,1e-06,632455,p6741
a134,0.1,3.1622776601683795e-05,1e-06,632455,p6742
a134,0.1,3.1622776601683795e-05,1e-06,632455,p6743
a134,0.1,3.1622776601683795e-05,1e-06,632455,p6744
a134,0.1,3.1622776601683795e-05,1e-06,632455,p6745
a134,0.1,3.1622776601683795e-05,1e-06,632455,p6746
a134,0.1,3.1622776601683795e-05,1e-06,632455,p6747
a134,0.1,3.1622776601683795e-05,1e-06,632455,p6748
a134,0.1,3.1622776601683795e-05,1e-06,632455,p6749
a135,0.1,3.1622776601683795e-05,9.999999999999999e-06,632455,p6750
a135,0.1,3.1622776601683795e-05,9.999999999999999e-06,632455,p6751
a135,0.1,3.1622776601683795e-05,9.999999999999999e-06,632455,p6752
a135,0.1,3.1622776601683795e-05,9.999999999999999e-06,632455,p6753
a135,0.1,3.1622776601683795e-05,9.999999999999999e-06,632455,p6754
a135,0.1,3.1622776601683795e-05,9.999999999999999e-06,632455,p6755
a135,0.1,3.1622776601683795e-05,9.999999999999999e-06,632455,p6756
a135,0.1,3.1622776601683795e-05,9.999999999999999e-06,632455,p6757
a135,0.1,3.1622776601683795e-05,9.999999999999999e-06,632455,p6758
a135,0.1,3.1622776601683795e-05,9.999999999999999e-06,632455,p6759
a135,0.1,3.1622776601683795e-05,9.999999999999999e-06,632455,p6760
a135,0.1,3.1622776601683795e-05,9.999999999999999e-06,632455,p6761
a135,0.1,3.1622776601683795e-05,9.999999999999999e-06,632455,p6762
a135,0.1,3.1622776601683795e-05,9.999999999999999e-06,632455,p6763
a135,0.1,3.1622776601683795e-05,9.999999999999999e-06,632455,p6764
a135,0.1,3.1622776601683795e-05,9.999999999999999e-06,632455,p6765
a135,0.1,3.1622776601683795e-05,9.999999999999999e-06,632455,p6766
a135,0.1,3.1622776601683795e-05,9.999999999999999e-06,632455,p6767
a135,0.1,3.1622776601683795e-05,9.999999999999999e-06,632455,p6768
a135,0.1,3.1622776601683795e-05,9.999999999999999e-06,632455,p6769
a135,0.1,3.1622776601683795e-05,9.999999999999999e-06,632455,p6770
a135,0.1,3.1622776601683795e-05,9.999999999999999e-06,632455,p6771
a135,0.1,3.1622776601683795e-05,9.999999999999999e-06,632455,p6772
a135,0.1,3.1622776601683795e-05,9.999999999999999e-06,632455,p6773
a135,0.1,3.1622776601683795e-05,9.999999999999999e-06,632455,p6774
a135,0.1,3.1622776601683795e-05,9.999999999999999e-06,632455,p6775
a135,0.1,3.1622776601683795e-05,9.999999999999999e-06,632455,p6776
a135,0.1,3.1622776601683795e-05,9.999999999999999e-06,632455,p6777
a135,0.1,3.1622776601683795e-05,9.999999999999999e-06,632455,p6778
a135,0.1,3.1622776601683795e-05,9.999999999999999e-06,632455,p6779
a135,0.1,3.1622776601683795e-05,9.999999999999999e-06,632455,p6780
a135,0.1,3.1622776601683795e-05,9.999999999999999e-06,632455,p6781
a135,0.1,3.1622776601683795e-05,9.999999999999999e-06,632455,p6782
a135,0.1,3.1622776601683795e-05,9.999999999999999e-06,632455,p6783
a135,0.1,3.1622776601683795e-05,9.999999999999999e-06,632455,p6784
a135,0.1,3.1622776601683795e-05,9.999999999999999e-06,632455,p6785
a135,0.1,3.1622776601683795e-05,9.999999999999999e-06,632455,p6786
a135,0.1,3.1622776601683795e-05,9.999999999999999e-06,632455,p6787
a135,0.1,3.1622776601683795e-05,9.999999999999999e-06,632455,p6788
a135,0.1,3.1622776601683795e-05,9.999999999999999e-06,632455,p6789
a135,0.1,3.1622776601683795e-05,9.999999999999999e-06,632455,p6790
a135,0.1,3.1622776601683795e-05,9.999999999999999e-06,632455,p6791
a135,0.1,3.1622776601683795e-05,9.999999999999999e-06,632455,p6792
a135,0.1,3.1622776601683795e-05,9.999999999999999e-06,632455,p6793
a135,0.1,3.1622776601683795e-05,9.999999999999999e-06,632455,p6794
a135,0.1,3.1622776601683795e-05,9.999999999999999e-06,632455,p6795
a135,0.1,3.1622776601683795e-05,9.999999999999999e-06,632455,p6796
a135,0.1,3.1622776601683795e-05,9.999999999999999e-06,632455,p6797
a135,0.1,3.1622776601683795e-05,9.999999999999999e-06,632455,p6798
a135,0.1,3.1622776601683795e-05,9.999999999999999e-06,632455,p6799
a136,0.1,3.1622776601683795e-05,0.0001,632455,p6800
a136,0.1,3.1622776601683795e-05,0.0001,632455,p6801
a136,0.1,3.1622776601683795e-05,0.0001,632455,p6802
a136,0.1,3.1622776601683795e-05,0.0001,632455,p6803
a136,0.1,3.1622776601683795e-05,0.0001,632455,p6804
a136,0.1,3.1622776601683795e-05,0.0001,632455,p6805
a136,0.1,3.1622776601683795e-05,0.0001,632455,p6806
a136,0.1,3.1622776601683795e-05,0.0001,632455,p6807
a136,0.1,3.1622776601683795e-05,0.0001,632455,p6808
a136,0.1,3.1622776601683795e-05,0.0001,632455,p6809
a136,0.1,3.1622776601683795e-05,0.0001,632455,p6810
a136,0.1,3.1622776601683795e-05,0.0001,632455,p6811
a136,0.1,3.1622776601683795e-05,0.0001,632455,p6812
a136,0.1,3.1622776601683795e-05,0.0001,632455,p6813
a136,0.1,3.1622776601683795e-05,0.0001,632455,p6814
a136,0.1,3.1622776601683795e-05,0.0001,632455,p6815
a136,0.1,3.1622776601683795e-05,0.0001,632455,p6816
a136,0.1,3.1622776601683795e-05,0.0001,632455,p6817
a136,0.1,3.1622776601683795e-05,0.0001,632455,p6818
a136,0.1,3.1622776601683795e-05,0.0001,632455,p6819
a136,0.1,3.1622776601683795e-05,0.0001,632455,p6820
a136,0.1,3.1622776601683795e-05,0.0001,632455,p6821
a136,0.1,3.1622776601683795e-05,0.0001,632455,p6822
a136,0.1,3.1622776601683795e-05,0.0001,632455,p6823
a136,0.1,3.1622776601683795e-05,0.0001,632455,p6824
a136,0.1,3.1622776601683795e-05,0.0001,632455,p6825
a136,0.1,3.1622776601683795e-05,0.0001,632455,p6826
a136,0.1,3.1622776601683795e-05,0.0001,632455,p6827
a136,0.1,3.1622776601683795e-05,0.0001,632455,p6828
a136,0.1,3.1622776601683795e-05,0.0001,632455,p6829
a136,0.1,3.1622776601683795e-05,0.0001,632455,p6830
a136,0.1,3.1622776601683795e-05,0.0001,632455,p6831
a136,0.1,3.1622776601683795e-05,0.0001,632455,p6832
a136,0.1,3.1622776601683795e-05,0.0001,632455,p6833
a136,0.1,3.1622776601683795e-05,0.0001,632455,p6834
a136,0.1,3.1622776601683795e-05,0.0001,632455,p6835
a136,0.1,3.1622776601683795e-05,0.0001,632455,p6836
a136,0.1,3.1622776601683795e-05,0.0001,632455,p6837
a136,0.1,3.1622776601683795e-05,0.0001,632455,p6838
a136,0.1,3.1622776601683795e-05,0.0001,632455,p6839
a136,0.1,3.1622776601683795e-05,0.0001,632455,p6840
a136,0.1,3.1622776601683795e-05,0.0001,632455,p6841
a136,0.1,3.1622776601683795e-05,0.0001,632455,p6842
a136,0.1,3.1622776601683795e-05,0.0001,632455,p6843
a136,0.1,3.1622776601683795e-05,0.0001,632455,p6844
a136,0.1,3.1622776601683795e-05,0.0001,632455,p6845
a136,0.1,3.1622776601683795e-05,0.0001,632455,p6846
a136,0.1,3.1622776601683795e-05,0.0001,632455,p6847
a136,0.1,3.1622776601683795e-05,0.0001,632455,p6848
a136,0.1,3.1622776601683795e-05,0.0001,632455,p6849
a137,0.1,3.1622776601683795e-05,0.001,632455,p6850
a137,0.1,3.1622776601683795e-05,0.001,632455,p6851
a137,0.1,3.1622776601683795e-05,0.001,632455,p6852
a137,0.1,3.1622776601683795e-05,0.001,632455,p6853
a137,0.1,3.1622776601683795e-05,0.001,632455,p6854
a137,0.1,3.1622776601683795e-05,0.001,632455,p6855
a137,0.1,3.1622776601683795e-05,0.001,632455,p6856
a137,0.1,3.1622776601683795e-05,0.001,632455,p6857
a137,0.1,3.1622776601683795e-05,0.001,632455,p6858
a137,0.1,3.1622776601683795e-05,0.001,632455,p6859
a137,0.1,3.1622776601683795e-05,0.001,632455,p6860
a137,0.1,3.1622776601683795e-05,0.001,632455,p6861
a137,0.1,3.1622776601683795e-05,0.001,632455,p6862
a137,0.1,3.1622776601683795e-05,0.001,632455,p6863
a137,0.1,3.1622776601683795e-05,0.001,632455,p6864
a137,0.1,3.1622776601683795e-05,0.001,632455,p6865
a137,0.1,3.1622776601683795e-05,0.001,632455,p6866
a137,0.1,3.1622776601683795e-05,0.001,632455,p6867
a137,0.1,3.1622776601683795e-05,0.001,632455,p6868
a137,0.1,3.1622776601683795e-05,0.001,632455,p6869
a137,0.1,3.1622776601683795e-05,0.001,632455,p6870
a137,0.1,3.1622776601683795e-05,0.001,632455,p6871
a137,0.1,3.1622776601683795e-05,0.001,632455,p6872
a137,0.1,3.1622776601683795e-05,0.001,632455,p6873
a137,0.1,3.1622776601683795e-05,0.001,632455,p6874
a137,0.1,3.1622776601683795e-05,0.001,632455,p6875
a137,0.1,3.1622776601683795e-05,0.001,632455,p6876
a137,0.1,3.1622776601683795e-05,0.001,632455,p6877
a137,0.1,3.1622776601683795e-05,0.001,632455,p6878
a137,0.1,3.1622776601683795e-05,0.001,632455,p6879
a137,0.1,3.1622776601683795e-05,0.001,632455,p6880
a137,0.1,3.1622776601683795e-05,0.001,632455,p6881
a137,0.1,3.1622776601683795e-05,0.001,632455,p6882
a137,0.1,3.1622776601683795e-05,0.001,632455,p6883
a137,0.1,3.1622776601683795e-05,0.001,632455,p6884
a137,0.1,3.1622776601683795e-05,0.001,632455,p6885
a137,0.1,3.1622776601683795e-05,0.001,632455,p6886
a137,0.1,3.1622776601683795e-05,0.001,632455,p6887
a137,0.1,3.1622776601683795e-05,0.001,632455,p6888
a137,0.1,3.1622776601683795e-05,0.001,632455,p6889
a137,0.1,3.1622776601683795e-05,0.001,632455,p6890
a137,0.1,3.1622776601683795e-05,0.001,632455,p6891
a137,0.1,3.1622776601683795e-05,0.001,632455,p6892
a137,0.1,3.1622776601683795e-05,0.001,632455,p6893
a137,0.1,3.1622776601683795e-05,0.001,632455,p6894
a137,0.1,3.1622776601683795e-05,0.001,632455,p6895
a137,0.1,3.1622776601683795e-05,0.001,632455,p6896
a137,0.1,3.1622776601683795e-05,0.001,632455,p6897
a137,0.1,3.1622776601683795e-05,0.001,632455,p6898
a137,0.1,3.1622776601683795e-05,0.001,632455,p6899
a138,0.1,3.1622776601683795e-05,0.01,632455,p6900
a138,0.1,3.1622776601683795e-05,0.01,632455,p6901
a138,0.1,3.1622776601683795e-05,0.01,632455,p6902
a138,0.1,3.1622776601683795e-05,0.01,632455,p6903
a138,0.1,3.1622776601683795e-05,0.01,632455,p6904
a138,0.1,3.1622776601683795e-05,0.01,632455,p6905
a138,0.1,3.1622776601683795e-05,0.01,632455,p6906
a138,0.1,3.1622776601683795e-05,0.01,632455,p6907
a138,0.1,3.1622776601683795e-05,0.01,632455,p6908
a138,0.1,3.1622776601683795e-05,0.01,632455,p6909
a138,0.1,3.1622776601683795e-05,0.01,632455,p6910
a138,0.1,3.1622776601683795e-05,0.01,632455,p6911
a138,0.1,3.1622776601683795e-05,0.01,632455,p6912
a138,0.1,3.1622776601683795e-05,0.01,632455,p6913
a138,0.1,3.1622776601683795e-05,0.01,632455,p6914
a138,0.1,3.1622776601683795e-05,0.01,632455,p6915
a138,0.1,3.1622776601683795e-05,0.01,632455,p6916
a138,0.1,3.1622776601683795e-05,0.01,632455,p6917
a138,0.1,3.1622776601683795e-05,0.01,632455,p6918
a138,0.1,3.1622776601683795e-05,0.01,632455,p6919
a138,0.1,3.1622776601683795e-05,0.01,632455,p6920
a138,0.1,3.1622776601683795e-05,0.01,632455,p6921
a138,0.1,3.1622776601683795e-05,0.01,632455,p6922
a138,0.1,3.1622776601683795e-05,0.01,632455,p6923
a138,0.1,3.1622776601683795e-05,0.01,632455,p6924
a138,0.1,3.1622776601683795e-05,0.01,632455,p6925
a138,0.1,3.1622776601683795e-05,0.01,632455,p6926
a138,0.1,3.1622776601683795e-05,0.01,632455,p6927
a138,0.1,3.1622776601683795e-05,0.01,632455,p6928
a138,0.1,3.1622776601683795e-05,0.01,632455,p6929
a138,0.1,3.1622776601683795e-05,0.01,632455,p6930
a138,0.1,3.1622776601683795e-05,0.01,632455,p6931
a138,0.1,3.1622776601683795e-05,0.01,632455,p6932
a138,0.1,3.1622776601683795e-05,0.01,632455,p6933
a138,0.1,3.1622776601683795e-05,0.01,632455,p6934
a138,0.1,3.1622776601683795e-05,0.01,632455,p6935
a138,0.1,3.1622776601683795e-05,0.01,632455,p6936
a138,0.1,3.1622776601683795e-05,0.01,632455,p6937
a138,0.1,3.1622776601683795e-05,0.01,632455,p6938
a138,0.1,3.1622776601683795e-05,0.01,632455,p6939
a138,0.1,3.1622776601683795e-05,0.01,632455,p6940
a138,0.1,3.1622776601683795e-05,0.01,632455,p6941
a138,0.1,3.1622776601683795e-05,0.01,632455,p6942
a138,0.1,3.1622776601683795e-05,0.01,632455,p6943
a138,0.1,3.1622776601683795e-05,0.01,632455,p6944
a138,0.1,3.1622776601683795e-05,0.01,632455,p6945
a138,0.1,3.1622776601683795e-05,0.01,632455,p6946
a138,0.1,3.1622776601683795e-05,0.01,632455,p6947
a138,0.1,3.1622776601683795e-05,0.01,632455,p6948
a138,0.1,3.1622776601683795e-05,0.01,632455,p6949
a139,0.1,3.1622776601683795e-05,0.1,632455,p6950
a139,0.1,3.1622776601683795e-05,0.1,632455,p6951
a139,0.1,3.1622776601683795e-05,0.1,632455,p6952
a139,0.1,3.1622776601683795e-05,0.1,632455,p6953
a139,0.1,3.1622776601683795e-05,0.1,632455,p6954
a139,0.1,3.1622776601683795e-05,0.1,632455,p6955
a139,0.1,3.1622776601683795e-05,0.1,632455,p6956
a139,0.1,3.1622776601683795e-05,0.1,632455,p6957
a139,0.1,3.1622776601683795e-05,0.1,632455,p6958
a139,0.1,3.1622776601683795e-05,0.1,632455,p6959
a139,0.1,3.1622776601683795e-05,0.1,632455,p6960
a139,0.1,3.1622776601683795e-05,0.1,632455,p6961
a139,0.1,3.1622776601683795e-05,0.1,632455,p6962
a139,0.1,3.1622776601683795e-05,0.1,632455,p6963
a139,0.1,3.1622776601683795e-05,0.1,632455,p6964
a139,0.1,3.1622776601683795e-05,0.1,632455,p6965
a139,0.1,3.1622776601683795e-05,0.1,632455,p6966
a139,0.1,3.1622776601683795e-05,0.1,632455,p6967
a139,0.1,3.1622776601683795e-05,0.1,632455,p6968
a139,0.1,3.1622776601683795e-05,0.1,632455,p6969
a139,0.1,3.1622776601683795e-05,0.1,632455,p6970
a139,0.1,3.1622776601683795e-05,0.1,632455,p6971
a139,0.1,3.1622776601683795e-05,0.1,632455,p6972
a139,0.1,3.1622776601683795e-05,0.1,632455,p6973
a139,0.1,3.1622776601683795e-05,0.1,632455,p6974
a139,0.1,3.1622776601683795e-05,0.1,632455,p6975
a139,0.1,3.1622776601683795e-05,0.1,632455,p6976
a139,0.1,3.1622776601683795e-05,0.1,632455,p6977
a139,0.1,3.1622776601683795e-05,0.1,632455,p6978
a139,0.1,3.1622776601683795e-05,0.1,632455,p6979
a139,0.1,3.1622776601683795e-05,0.1,632455,p6980
a139,0.1,3.1622776601683795e-05,0.1,632455,p6981
a139,0.1,3.1622776601683795e-05,0.1,632455,p6982
a139,0.1,3.1622776601683795e-05,0.1,632455,p6983
a139,0.1,3.1622776601683795e-05,0.1,632455,p6984
a139,0.1,3.1622776601683795e-05,0.1,632455,p6985
a139,0.1,3.1622776601683795e-05,0.1,632455,p6986
a139,0.1,3.1622776601683795e-05,0.1,632455,p6987
a139,0.1,3.1622776601683795e-05,0.1,632455,p6988
a139,0.1,3.1622776601683795e-05,0.1,632455,p6989
a139,0.1,3.1622776601683795e-05,0.1,632455,p6990
a139,0.1,3.1622776601683795e-05,0.1,632455,p6991
a139,0.1,3.1622776601683795e-05,0.1,632455,p6992
a139,0.1,3.1622776601683795e-05,0.1,632455,p6993
a139,0.1,3.1622776601683795e-05,0.1,632455,p6994
a139,0.1,3.1622776601683795e-05,0.1,632455,p6995
a139,0.1,3.1622776601683795e-05,0.1,632455,p6996
a139,0.1,3.1622776601683795e-05,0.1,632455,p6997
a139,0.1,3.1622776601683795e-05,0.1,632455,p6998
a139,0.1,3.1622776601683795e-05,0.1,632455,p6999
a140,0.1,0.0001,1e-07,200000,p7000
a140,0.1,0.0001,1e-07,200000,p7001
a140,0.1,0.0001,1e-07,200000,p7002
a140,0.1,0.0001,1e-07,200000,p7003
a140,0.1,0.0001,1e-07,200000,p7004
a140,0.1,0.0001,1e-07,200000,p7005
a140,0.1,0.0001,1e-07,200000,p7006
a140,0.1,0.0001,1e-07,200000,p7007
a140,0.1,0.0001,1e-07,200000,p7008
a140,0.1,0.0001,1e-07,200000,p7009
a140,0.1,0.0001,1e-07,200000,p7010
a140,0.1,0.0001,1e-07,200000,p7011
a140,0.1,0.0001,1e-07,200000,p7012
a140,0.1,0.0001,1e-07,200000,p7013
a140,0.1,0.0001,1e-07,200000,p7014
a140,0.1,0.0001,1e-07,200000,p7015
a140,0.1,0.0001,1e-07,200000,p7016
a140,0.1,0.0001,1e-07,200000,p7017
a140,0.1,0.0001,1e-07,200000,p7018
a140,0.1,0.0001,1e-07,200000,p7019
a140,0.1,0.0001,1e-07,200000,p7020
a140,0.1,0.0001,1e-07,200000,p7021
a140,0.1,0.0001,1e-07,200000,p7022
a140,0.1,0.0001,1e-07,200000,p7023
a140,0.1,0.0001,1e-07,200000,p7024
a140,0.1,0.0001,1e-07,200000,p7025
a140,0.1,0.0001,1e-07,200000,p7026
a140,0.1,0.0001,1e-07,200000,p7027
a140,0.1,0.0001,1e-07,200000,p7028
a140,0.1,0.0001,1e-07,200000,p7029
a140,0.1,0.0001,1e-07,200000,p7030
a140,0.1,0.0001,1e-07,200000,p7031
a140,0.1,0.0001,1e-07,200000,p7032
a140,0.1,0.0001,1e-07,200000,p7033
a140,0.1,0.0001,1e-07,200000,p7034
a140,0.1,0.0001,1e-07,200000,p7035
a140,0.1,0.0001,1e-07,200000,p7036
a140,0.1,0.0001,1e-07,200000,p7037
a140,0.1,0.0001,1e-07,200000,p7038
a140,0.1,0.0001,1e-07,200000,p7039
a140,0.1,0.0001,1e-07,200000,p7040
a140,0.1,0.0001,1e-07,200000,p7041
a140,0.1,0.0001,1e-07,200000,p7042
a140,0.1,0.0001,1e-07,200000,p7043
a140,0.1,0.0001,1e-07,200000,p7044
a140,0.1,0.0001,1e-07,200000,p7045
a140,0.1,0.0001,1e-07,200000,p7046
a140,0.1,0.0001,1e-07,200000,p7047
a140,0.1,0.0001,1e-07,200000,p7048
a140,0.1,0.0001,1e-07,200000,p7049
a141,0.1,0.0001,1e-06,200000,p7050
a141,0.1,0.0001,1e-06,200000,p7051
a141,0.1,0.0001,1e-06,200000,p7052
a141,0.1,0.0001,1e-06,200000,p7053
a141,0.1,0.0001,1e-06,200000,p7054
a141,0.1,0.0001,1e-06,200000,p7055
a141,0.1,0.0001,1e-06,200000,p7056
a141,0.1,0.0001,1e-06,200000,p7057
a141,0.1,0.0001,1e-06,200000,p7058
a141,0.1,0.0001,1e-06,200000,p7059
a141,0.1,0.0001,1e-06,200000,p7060
a141,0.1,0.0001,1e-06,200000,p7061
a141,0.1,0.0001,1e-06,200000,p7062
a141,0.1,0.0001,1e-06,200000,p7063
a141,0.1,0.0001,1e-06,200000,p7064
a141,0.1,0.0001,1e-06,200000,p7065
a141,0.1,0.0001,1e-06,200000,p7066
a141,0.1,0.0001,1e-06,200000,p7067
a141,0.1,0.0001,1e-06,200000,p7068
a141,0.1,0.0001,1e-06,200000,p7069
a141,0.1,0.0001,1e-06,200000,p7070
a141,0.1,0.0001,1e-06,200000,p7071
a141,0.1,0.0001,1e-06,200000,p7072
a141,0.1,0.0001,1e-06,200000,p7073
a141,0.1,0.0001,1e-06,200000,p7074
a141,0.1,0.0001,1e-06,200000,p7075
a141,0.1,0.0001,1e-06,200000,p7076
a141,0.1,0.0001,1e-06,200000,p7077
a141,0.1,0.0001,1e-06,200000,p7078
a141,0.1,0.0001,1e-06,200000,p7079
a141,0.1,0.0001,1e-06,200000,p7080
a141,0.1,0.0001,1e-06,200000,p7081
a141,0.1,0.0001,1e-06,200000,p7082
a141,0.1,0.0001,1e-06,200000,p7083
a141,0.1,0.0001,1e-06,200000,p7084
a141,0.1,0.0001,1e-06,200000,p7085
a141,0.1,0.0001,1e-06,200000,p7086
a141,0.1,0.0001,1e-06,200000,p7087
a141,0.1,0.0001,1e-06,200000,p7088
a141,0.1,0.0001,1e-06,200000,p7089
a141,0.1,0.0001,1e-06,200000,p7090
a141,0.1,0.0001,1e-06,200000,p7091
a141,0.1,0.0001,1e-06,200000,p7092
a141,0.1,0.0001,1e-06,200000,p7093
a141,0.1,0.0001,1e-06,200000,p7094
a141,0.1,0.0001,1e-06,200000,p7095
a141,0.1,0.0001,1e-06,200000,p7096
a141,0.1,0.0001,1e-06,200000,p7097
a141,0.1,0.0001,1e-06,200000,p7098
a141,0.1,0.0001,1e-06,200000,p7099
a142,0.1,0.0001,9.999999999999999e-06,200000,p7100
a142,0.1,0.0001,9.999999999999999e-06,200000,p7101
a142,0.1,0.0001,9.999999999999999e-06,200000,p7102
a142,0.1,0.0001,9.999999999999999e-06,200000,p7103
a142,0.1,0.0001,9.999999999999999e-06,200000,p7104
a142,0.1,0.0001,9.999999999999999e-06,200000,p7105
a142,0.1,0.0001,9.999999999999999e-06,200000,p7106
a142,0.1,0.0001,9.999999999999999e-06,200000,p7107
a142,0.1,0.0001,9.999999999999999e-06,200000,p7108
a142,0.1,0.0001,9.999999999999999e-06,200000,p7109
a142,0.1,0.0001,9.999999999999999e-06,200000,p7110
a142,0.1,0.0001,9.999999999999999e-06,200000,p7111
a142,0.1,0.0001,9.999999999999999e-06,200000,p7112
a142,0.1,0.0001,9.999999999999999e-06,200000,p7113
a142,0.1,0.0001,9.999999999999999e-06,200000,p7114
a142,0.1,0.0001,9.999999999999999e-06,200000,p7115
a142,0.1,0.0001,9.999999999999999e-06,200000,p7116
a142,0.1,0.0001,9.999999999999999e-06,200000,p7117
a142,0.1,0.0001,9.999999999999999e-06,200000,p7118
a142,0.1,0.0001,9.999999999999999e-06,200000,p7119
a142,0.1,0.0001,9.999999999999999e-06,200000,p7120
a142,0.1,0.0001,9.999999999999999e-06,200000,p7121
a142,0.1,0.0001,9.999999999999999e-06,200000,p7122
a142,0.1,0.0001,9.999999999999999e-06,200000,p7123
a142,0.1,0.0001,9.999999999999999e-06,200000,p7124
a142,0.1,0.0001,9.999999999999999e-06,200000,p7125
a142,0.1,0.0001,9.999999999999999e-06,200000,p7126
a142,0.1,0.0001,9.999999999999999e-06,200000,p7127
a142,0.1,0.0001,9.999999999999999e-06,200000,p7128
a142,0.1,0.0001,9.999999999999999e-06,200000,p7129
a142,0.1,0.0001,9.999999999999999e-06,200000,p7130
a142,0.1,0.0001,9.999999999999999e-06,200000,p7131
a142,0.1,0.0001,9.999999999999999e-06,200000,p7132
a142,0.1,0.0001,9.999999999999999e-06,200000,p7133
a142,0.1,0.0001,9.999999999999999e-06,200000,p7134
a142,0.1,0.0001,9.999999999999999e-06,200000,p7135
a142,0.1,0.0001,9.999999999999999e-06,200000,p7136
a142,0.1,0.0001,9.999999999999999e-06,200000,p7137
a142,0.1,0.0001,9.999999999999999e-06,200000,p7138
a142,0.1,0.0001,9.999999999999999e-06,200000,p7139
a142,0.1,0.0001,9.999999999999999e-06,200000,p7140
a142,0.1,0.0001,9.999999999999999e-06,200000,p7141
a142,0.1,0.0001,9.999999999999999e-06,200000,p7142
a142,0.1,0.0001,9.999999999999999e-06,200000,p7143
a142,0.1,0.0001,9.999999999999999e-06,200000,p7144
a142,0.1,0.0001,9.999999999999999e-06,200000,p7145
a142,0.1,0.0001,9.999999999999999e-06,200000,p7146
a142,0.1,0.0001,9.999999999999999e-06,200000,p7147
a142,0.1,0.0001,9.999999999999999e-06,200000,p7148
a142,0.1,0.0001,9.999999999999999e-06,200000,p7149
a143,0.1,0.0001,0.0001,200000,p7150
a143,0.1,0.0001,0.0001,200000,p7151
a143,0.1,0.0001,0.0001,200000,p7152
a143,0.1,0.0001,0.0001,200000,p7153
a143,0.1,0.0001,0.0001,200000,p7154
a143,0.1,0.0001,0.0001,200000,p7155
a143,0.1,0.0001,0.0001,200000,p7156
a143,0.1,0.0001,0.0001,200000,p7157
a143,0.1,0.0001,0.0001,200000,p7158
a143,0.1,0.0001,0.0001,200000,p7159
a143,0.1,0.0001,0.0001,200000,p7160
a143,0.1,0.0001,0.0001,200000,p7161
a143,0.1,0.0001,0.0001,200000,p7162
a143,0.1,0.0001,0.0001,200000,p7163
a143,0.1,0.0001,0.0001,200000,p7164
a143,0.1,0.0001,0.0001,200000,p7165
a143,0.1,0.0001,0.0001,200000,p7166
a143,0.1,0.0001,0.0001,200000,p7167
a143,0.1,0.0001,0.0001,200000,p7168
a143,0.1,0.0001,0.0001,200000,p7169
a143,0.1,0.0001,0.0001,200000,p7170
a143,0.1,0.0001,0.0001,200000,p7171
a143,0.1,0.0001,0.0001,200000,p7172
a143,0.1,0.0001,0.0001,200000,p7173
a143,0.1,0.0001,0.0001,200000,p7174
a143,0.1,0.0001,0.0001,200000,p7175
a143,0.1,0.0001,0.0001,200000,p7176
a143,0.1,0.0001,0.0001,200000,p7177
a143,0.1,0.0001,0.0001,200000,p7178
a143,0.1,0.0001,0.0001,200000,p7179
a143,0.1,0.0001,0.0001,200000,p7180
a143,0.1,0.0001,0.0001,200000,p7181
a143,0.1,0.0001,0.0001,200000,p7182
a143,0.1,0.0001,0.0001,200000,p7183
a143,0.1,0.0001,0.0001,200000,p7184
a143,0.1,0.0001,0.0001,200000,p7185
a143,0.1,0.0001,0.0001,200000,p7186
a143,0.1,0.0001,0.0001,200000,p7187
a143,0.1,0.0001,0.0001,200000,p7188
a143,0.1,0.0001,0.0001,200000,p7189
a143,0.1,0.0001,0.0001,200000,p7190
a143,0.1,0.0001,0.0001,200000,p7191
a143,0.1,0.0001,0.0001,200000,p7192
a143,0.1,0.0001,0.0001,200000,p7193
a143,0.1,0.0001,0.0001,200000,p7194
a143,0.1,0.0001,0.0001,200000,p7195
a143,0.1,0.0001,0.0001,200000,p7196
a143,0.1,0.0001,0.0001,200000,p7197
a143,0.1,0.0001,0.0001,200000,p7198
a143,0.1,0.0001,0.0001,200000,p7199
a144,0.1,0.0001,0.001,200000,p7200
a144,0.1,0.0001,0.001,200000,p7201
a144,0.1,0.0001,0.001,200000,p7202
a144,0.1,0.0001,0.001,200000,p7203
a144,0.1,0.0001,0.001,200000,p7204
a144,0.1,0.0001,0.001,200000,p7205
a144,0.1,0.0001,0.001,200000,p7206
a144,0.1,0.0001,0.001,200000,p7207
a144,0.1,0.0001,0.001,200000,p7208
a144,0.1,0.0001,0.001,200000,p7209
a144,0.1,0.0001,0.001,200000,p7210
a144,0.1,0.0001,0.001,200000,p7211
a144,0.1,0.0001,0.001,200000,p7212
a144,0.1,0.0001,0.001,200000,p7213
a144,0.1,0.0001,0.001,200000,p7214
a144,0.1,0.0001,0.001,200000,p7215
a144,0.1,0.0001,0.001,200000,p7216
a144,0.1,0.0001,0.001,200000,p7217
a144,0.1,0.0001,0.001,200000,p7218
a144,0.1,0.0001,0.001,200000,p7219
a144,0.1,0.0001,0.001,200000,p7220
a144,0.1,0.0001,0.001,200000,p7221
a144,0.1,0.0001,0.001,200000,p7222
a144,0.1,0.0001,0.001,200000,p7223
a144,0.1,0.0001,0.001,200000,p7224
a144,0.1,0.0001,0.001,200000,p7225
a144,0.1,0.0001,0.001,200000,p7226
a144,0.1,0.0001,0.001,200000,p7227
a144,0.1,0.0001,0.001,200000,p7228
a144,0.1,0.0001,0.001,200000,p7229
a144,0.1,0.0001,0.001,200000,p7230
a144,0.1,0.0001,0.001,200000,p7231
a144,0.1,0.0001,0.001,200000,p7232
a144,0.1,0.0001,0.001,200000,p7233
a144,0.1,0.0001,0.001,200000,p7234
a144,0.1,0.0001,0.001,200000,p7235
a144,0.1,0.0001,0.001,200000,p7236
a144,0.1,0.0001,0.001,200000,p7237
a144,0.1,0.0001,0.001,200000,p7238
a144,0.1,0.0001,0.001,200000,p7239
a144,0.1,0.0001,0.001,200000,p7240
a144,0.1,0.0001,0.001,200000,p7241
a144,0.1,0.0001,0.001,200000,p7242
a144,0.1,0.0001,0.001,200000,p7243
a144,0.1,0.0001,0.001,200000,p7244
a144,0.1,0.0001,0.001,200000,p7245
a144,0.1,0.0001,0.001,200000,p7246
a144,0.1,0.0001,0.001,200000,p7247
a144,0.1,0.0001,0.001,200000,p7248
a144,0.1,0.0001,0.001,200000,p7249
a145,0.1,0.0001,0.01,200000,p7250
a145,0.1,0.0001,0.01,200000,p7251
a145,0.1,0.0001,0.01,200000,p7252
a145,0.1,0.0001,0.01,200000,p7253
a145,0.1,0.0001,0.01,200000,p7254
a145,0.1,0.0001,0.01,200000,p7255
a145,0.1,0.0001,0.01,200000,p7256
a145,0.1,0.0001,0.01,200000,p7257
a145,0.1,0.0001,0.01,200000,p7258
a145,0.1,0.0001,0.01,200000,p7259
a145,0.1,0.0001,0.01,200000,p7260
a145,0.1,0.0001,0.01,200000,p7261
a145,0.1,0.0001,0.01,200000,p7262
a145,0.1,0.0001,0.01,200000,p7263
a145,0.1,0.0001,0.01,200000,p7264
a145,0.1,0.0001,0.01,200000,p7265
a145,0.1,0.0001,0.01,200000,p7266
a145,0.1,0.0001,0.01,200000,p7267
a145,0.1,0.0001,0.01,200000,p7268
a145,0.1,0.0001,0.01,200000,p7269
a145,0.1,0.0001,0.01,200000,p7270
a145,0.1,0.0001,0.01,200000,p7271
a145,0.1,0.0001,0.01,200000,p7272
a145,0.1,0.0001,0.01,200000,p7273
a145,0.1,0.0001,0.01,200000,p7274
a145,0.1,0.0001,0.01,200000,p7275
a145,0.1,0.0001,0.01,200000,p7276
a145,0.1,0.0001,0.01,200000,p7277
a145,0.1,0.0001,0.01,200000,p7278
a145,0.1,0.0001,0.01,200000,p7279
a145,0.1,0.0001,0.01,200000,p7280
a145,0.1,0.0001,0.01,200000,p7281
a145,0.1,0.0001,0.01,200000,p7282
a145,0.1,0.0001,0.01,200000,p7283
a145,0.1,0.0001,0.01,200000,p7284
a145,0.1,0.0001,0.01,200000,p7285
a145,0.1,0.0001,0.01,200000,p7286
a145,0.1,0.0001,0.01,200000,p7287
a145,0.1,0.0001,0.01,200000,p7288
a145,0.1,0.0001,0.01,200000,p7289
a145,0.1,0.0001,0.01,200000,p7290
a145,0.1,0.0001,0.01,200000,p7291
a145,0.1,0.0001,0.01,200000,p7292
a145,0.1,0.0001,0.01,200000,p7293
a145,0.1,0.0001,0.01,200000,p7294
a145,0.1,0.0001,0.01,200000,p7295
a145,0.1,0.0001,0.01,200000,p7296
a145,0.1,0.0001,0.01,200000,p7297
a145,0.1,0.0001,0.01,200000,p7298
a145,0.1,0.0001,0.01,200000,p7299
a146,0.1,0.0001,0.1,200000,p7300
a146,0.1,0.0001,0.1,200000,p7301
a146,0.1,0.0001,0.1,200000,p7302
a146,0.1,0.0001,0.1,200000,p7303
a146,0.1,0.0001,0.1,200000,p7304
a146,0.1,0.0001,0.1,200000,p7305
a146,0.1,0.0001,0.1,200000,p7306
a146,0.1,0.0001,0.1,200000,p7307
a146,0.1,0.0001,0.1,200000,p7308
a146,0.1,0.0001,0.1,200000,p7309
a146,0.1,0.0001,0.1,200000,p7310
a146,0.1,0.0001,0.1,200000,p7311
a146,0.1,0.0001,0.1,200000,p7312
a146,0.1,0.0001,0.1,200000,p7313
a146,0.1,0.0001,0.1,200000,p7314
a146,0.1,0.0001,0.1,200000,p7315
a146,0.1,0.0001,0.1,200000,p7316
a146,0.1,0.0001,0.1,200000,p7317
a146,0.1,0.0001,0.1,200000,p7318
a146,0.1,0.0001,0.1,200000,p7319
a146,0.1,0.0001,0.1,200000,p7320
a146,0.1,0.0001,0.1,200000,p7321
a146,0.1,0.0001,0.1,200000,p7322
a146,0.1,0.0001,0.1,200000,p7323
a146,0.1,0.0001,0.1,200000,p7324
a146,0.1,0.0001,0.1,200000,p7325
a146,0.1,0.0001,0.1,200000,p7326
a146,0.1,0.0001,0.1,200000,p7327
a146,0.1,0.0001,0.1,200000,p7328
a146,0.1,0.0001,0.1,200000,p7329
a146,0.1,0.0001,0.1,200000,p7330
a146,0.1,0.0001,0.1,200000,p7331
a146,0.1,0.0001,0.1,200000,p7332
a146,0.1,0.0001,0.1,200000,p7333
a146,0.1,0.0001,0.1,200000,p7334
a146,0.1,0.0001,0.1,200000,p7335
a146,0.1,0.0001,0.1,200000,p7336
a146,0.1,0.0001,0.1,200000,p7337
a146,0.1,0.0001,0.1,200000,p7338
a146,0.1,0.0001,0.1,200000,p7339
a146,0.1,0.0001,0.1,200000,p7340
a146,0.1,0.0001,0.1,200000,p7341
a146,0.1,0.0001,0.1,200000,p7342
a146,0.1,0.0001,0.1,200000,p7343
a146,0.1,0.0001,0.1,200000,p7344
a146,0.1,0.0001,0.1,200000,p7345
a146,0.1,0.0001,0.1,200000,p7346
a146,0.1,0.0001,0.1,200000,p7347
a146,0.1,0.0001,0.1,200000,p7348
a146,0.1,0.0001,0.1,200000,p7349
a147,0.03162277660168379,1e-07,1e-07,16777216,p7350
a147,0.03162277660168379,1e-07,1e-07,16777216,p7351
a147,0.03162277660168379,1e-07,1e-07,16777216,p7352
a147,0.03162277660168379,1e-07,1e-07,16777216,p7353
a147,0.03162277660168379,1e-07,1e-07,16777216,p7354
a147,0.03162277660168379,1e-07,1e-07,16777216,p7355
a147,0.03162277660168379,1e-07,1e-07,16777216,p7356
a147,0.03162277660168379,1e-07,1e-07,16777216,p7357
a147,0.03162277660168379,1e-07,1e-07,16777216,p7358
a147,0.03162277660168379,1e-07,1e-07,16777216,p7359
a147,0.03162277660168379,1e-07,1e-07,16777216,p7360
a147,0.03162277660168379,1e-07,1e-07,16777216,p7361
a147,0.03162277660168379,1e-07,1e-07,16777216,p7362
a147,0.03162277660168379,1e-07,1e-07,16777216,p7363
a147,0.03162277660168379,1e-07,1e-07,16777216,p7364
a147,0.03162277660168379,1e-07,1e-07,16777216,p7365
a147,0.03162277660168379,1e-07,1e-07,16777216,p7366
a147,0.03162277660168379,1e-07,1e-07,16777216,p7367
a147,0.03162277660168379,1e-07,1e-07,16777216,p7368
a147,0.03162277660168379,1e-07,1e-07,16777216,p7369
a147,0.03162277660168379,1e-07,1e-07,16777216,p7370
a147,0.03162277660168379,1e-07,1e-07,16777216,p7371
a147,0.03162277660168379,1e-07,1e-07,16777216,p7372
a147,0.03162277660168379,1e-07,1e-07,16777216,p7373
a147,0.03162277660168379,1e-07,1e-07,16777216,p7374
a147,0.03162277660168379,1e-07,1e-07,16777216,p7375
a147,0.03162277660168379,1e-07,1e-07,16777216,p7376
a147,0.03162277660168379,1e-07,1e-07,16777216,p7377
a147,0.03162277660168379,1e-07,1e-07,16777216,p7378
a147,0.03162277660168379,1e-07,1e-07,16777216,p7379
a147,0.03162277660168379,1e-07,1e-07,16777216,p7380
a147,0.03162277660168379,1e-07,1e-07,16777216,p7381
a147,0.03162277660168379,1e-07,1e-07,16777216,p7382
a147,0.03162277660168379,1e-07,1e-07,16777216,p7383
a147,0.03162277660168379,1e-07,1e-07,16777216,p7384
a147,0.03162277660168379,1e-07,1e-07,16777216,p7385
a147,0.03162277660168379,1e-07,1e-07,16777216,p7386
a147,0.03162277660168379,1e-07,1e-07,16777216,p7387
a147,0.03162277660168379,1e-07,1e-07,16777216,p7388
a147,0.03162277660168379,1e-07,1e-07,16777216,p7389
a147,0.03162277660168379,1e-07,1e-07,16777216,p7390
a147,0.03162277660168379,1e-07,1e-07,16777216,p7391
a147,0.03162277660168379,1e-07,1e-07,16777216,p7392
a147,0.03162277660168379,1e-07,1e-07,16777216,p7393
a147,0.03162277660168379,1e-07,1e-07,16777216,p7394
a147,0.03162277660168379,1e-07,1e-07,16777216,p7395
a147,0.03162277660168379,1e-07,1e-07,16777216,p7396
a147,0.03162277660168379,1e-07,1e-07,16777216,p7397
a147,0.03162277660168379,1e-07,1e-07,16777216,p7398
a147,0.03162277660168379,1e-07,1e-07,16777216,p7399
a148,0.03162277660168379,1e-07,1e-06,16777216,p7400
a148,0.03162277660168379,1e-07,1e-06,16777216,p7401
a148,0.03162277660168379,1e-07,1e-06,16777216,p7402
a148,0.03162277660168379,1e-07,1e-06,16777216,p7403
a148,0.03162277660168379,1e-07,1e-06,16777216,p7404
a148,0.03162277660168379,1e-07,1e-06,16777216,p7405
a148,0.03162277660168379,1e-07,1e-06,16777216,p7406
a148,0.03162277660168379,1e-07,1e-06,16777216,p7407
a148,0.03162277660168379,1e-07,1e-06,16777216,p7408
a148,0.03162277660168379,1e-07,1e-06,16777216,p7409
a148,0.03162277660168379,1e-07,1e-06,16777216,p7410
a148,0.03162277660168379,1e-07,1e-06,16777216,p7411
a148,0.03162277660168379,1e-07,1e-06,16777216,p7412
a148,0.03162277660168379,1e-07,1e-06,16777216,p7413
a148,0.03162277660168379,1e-07,1e-06,16777216,p7414
a148,0.03162277660168379,1e-07,1e-06,16777216,p7415
a148,0.03162277660168379,1e-07,1e-06,16777216,p7416
a148,0.03162277660168379,1e-07,1e-06,16777216,p7417
a148,0.03162277660168379,1e-07,1e-06,16777216,p7418
a148,0.03162277660168379,1e-07,1e-06,16777216,p7419
a148,0.03162277660168379,1e-07,1e-06,16777216,p7420
a148,0.03162277660168379,1e-07,1e-06,16777216,p7421
a148,0.03162277660168379,1e-07,1e-06,16777216,p7422
a148,0.03162277660168379,1e-07,1e-06,16777216,p7423
a148,0.03162277660168379,1e-07,1e-06,16777216,p7424
a148,0.03162277660168379,1e-07,1e-06,16777216,p7425
a148,0.03162277660168379,1e-07,1e-06,16777216,p7426
a148,0.03162277660168379,1e-07,1e-06,16777216,p7427
a148,0.03162277660168379,1e-07,1e-06,16777216,p7428
a148,0.03162277660168379,1e-07,1e-06,16777216,p7429
a148,0.03162277660168379,1e-07,1e-06,16777216,p7430
a148,0.03162277660168379,1e-07,1e-06,16777216,p7431
a148,0.03162277660168379,1e-07,1e-06,16777216,p7432
a148,0.03162277660168379,1e-07,1e-06,16777216,p7433
a148,0.03162277660168379,1e-07,1e-06,16777216,p7434
a148,0.03162277660168379,1e-07,1e-06,16777216,p7435
a148,0.03162277660168379,1e-07,1e-06,16777216,p7436
a148,0.03162277660168379,1e-07,1e-06,16777216,p7437
a148,0.03162277660168379,1e-07,1e-06,16777216,p7438
a148,0.03162277660168379,1e-07,1e-06,16777216,p7439
a148,0.03162277660168379,1e-07,1e-06,16777216,p7440
a148,0.03162277660168379,1e-07,1e-06,16777216,p7441
a148,0.03162277660168379,1e-07,1e-06,16777216,p7442
a148,0.03162277660168379,1e-07,1e-06,16777216,p7443
a148,0.03162277660168379,1e-07,1e-06,16777216,p7444
a148,0.03162277660168379,1e-07,1e-06,16777216,p7445
a148,0.03162277660168379,1e-07,1e-06,16777216,p7446
a148,0.03162277660168379,1e-07,1e-06,16777216,p7447
a148,0.03162277660168379,1e-07,1e-06,16777216,p7448
a148,0.03162277660168379,1e-07,1e-06,16777216,p7449
a149,0.03162277660168379,1e-07,9.999999999999999e-06,16777216,p7450
a149,0.03162277660168379,1e-07,9.999999999999999e-06,16777216,p7451
a149,0.03162277660168379,1e-07,9.999999999999999e-06,16777216,p7452
a149,0.03162277660168379,1e-07,9.999999999999999e-06,16777216,p7453
a149,0.03162277660168379,1e-07,9.999999999999999e-06,16777216,p7454
a149,0.03162277660168379,1e-07,9.999999999999999e-06,16777216,p7455
a149,0.03162277660168379,1e-07,9.999999999999999e-06,16777216,p7456
a149,0.03162277660168379,1e-07,9.999999999999999e-06,16777216,p7457
a149,0.03162277660168379,1e-07,9.999999999999999e-06,16777216,p7458
a149,0.03162277660168379,1e-07,9.999999999999999e-06,16777216,p7459
a149,0.03162277660168379,1e-07,9.999999999999999e-06,16777216,p7460
a149,0.03162277660168379,1e-07,9.999999999999999e-06,16777216,p7461
a149,0.03162277660168379,1e-07,9.999999999999999e-06,16777216,p7462
a149,0.03162277660168379,1e-07,9.999999999999999e-06,16777216,p7463
a149,0.03162277660168379,1e-07,9.999999999999999e-06,16777216,p7464
a149,0.03162277660168379,1e-07,9.999999999999999e-06,16777216,p7465
a149,0.03162277660168379,1e-07,9.999999999999999e-06,16777216,p7466
a149,0.03162277660168379,1e-07,9.999999999999999e-06,16777216,p7467
a149,0.03162277660168379,1e-07,9.999999999999999e-06,16777216,p7468
a149,0.03162277660168379,1e-07,9.999999999999999e-06,16777216,p7469
a149,0.03162277660168379,1e-07,9.999999999999999e-06,16777216,p7470
a149,0.03162277660168379,1e-07,9.999999999999999e-06,16777216,p7471
a149,0.03162277660168379,1e-07,9.999999999999999e-06,16777216,p7472
a149,0.03162277660168379,1e-07,9.999999999999999e-06,16777216,p7473
a149,0.03162277660168379,1e-07,9.999999999999999e-06,16777216,p7474
a149,0.03162277660168379,1e-07,9.999999999999999e-06,16777216,p7475
a149,0.03162277660168379,1e-07,9.999999999999999e-06,16777216,p7476
a149,0.03162277660168379,1e-07,9.999999999999999e-06,16777216,p7477
a149,0.03162277660168379,1e-07,9.999999999999999e-06,16777216,p7478
a149,0.03162277660168379,1e-07,9.999999999999999e-06,16777216,p7479
a149,0.03162277660168379,1e-07,9.999999999999999e-06,16777216,p7480
a149,0.03162277660168379,1e-07,9.999999999999999e-06,16777216,p7481
a149,0.03162277660168379,1e-07,9.999999999999999e-06,16777216,p7482
a149,0.03162277660168379,1e-07,9.999999999999999e-06,16777216,p7483
a149,0.03162277660168379,1e-07,9.999999999999999e-06,16777216,p7484
a149,0.03162277660168379,1e-07,9.999999999999999e-06,16777216,p7485
a149,0.03162277660168379,1e-07,9.999999999999999e-06,16777216,p7486
a149,0.03162277660168379,1e-07,9.999999999999999e-06,16777216,p7487
a149,0.03162277660168379,1e-07,9.999999999999999e-06,16777216,p7488
a149,0.03162277660168379,1e-07,9.999999999999999e-06,16777216,p7489
a149,0.03162277660168379,1e-07,9.999999999999999e-06,16777216,p7490
a149,0.03162277660168379,1e-07,9.999999999999999e-06,16777216,p7491
a149,0.03162277660168379,1e-07,9.999999999999999e-06,16777216,p7492
a149,0.03162277660168379,1e-07,9.999999999999999e-06,16777216,p7493
a149,0.03162277660168379,1e-07,9.999999999999999e-06,16777216,p7494
a149,0.03162277660168379,1e-07,9.999999999999999e-06,16777216,p7495
a149,0.03162277660168379,1e-07,9.999999999999999e-06,16777216,p7496
a149,0.03162277660168379,1e-07,9.999999999999999e-06,16777216,p7497
a149,0.03162277660168379,1e-07,9.999999999999999e-06,16777216,p7498
a149,0.03162277660168379,1e-07,9.999999999999999e-06,16777216,p7499
a150,0.03162277660168379,1e-07,0.0001,16777216,p7500
a150,0.03162277660168379,1e-07,0.0001,16777216,p7501
a150,0.03162277660168379,1e-07,0.0001,16777216,p7502
a150,0.03162277660168379,1e-07,0.0001,16777216,p7503
a150,0.03162277660168379,1e-07,0.0001,16777216,p7504
a150,0.03162277660168379,1e-07,0.0001,16777216,p7505
a150,0.03162277660168379,1e-07,0.0001,16777216,p7506
a150,0.03162277660168379,1e-07,0.0001,16777216,p7507
a150,0.03162277660168379,1e-07,0.0001,16777216,p7508
a150,0.03162277660168379,1e-07,0.0001,16777216,p7509
a150,0.03162277660168379,1e-07,0.0001,16777216,p7510
a150,0.03162277660168379,1e-07,0.0001,16777216,p7511
a150,0.03162277660168379,1e-07,0.0001,16777216,p7512
a150,0.03162277660168379,1e-07,0.0001,16777216,p7513
a150,0.03162277660168379,1e-07,0.0001,16777216,p7514
a150,0.03162277660168379,1e-07,0.0001,16777216,p7515
a150,0.03162277660168379,1e-07,0.0001,16777216,p7516
a150,0.03162277660168379,1e-07,0.0001,16777216,p7517
a150,0.03162277660168379,1e-07,0.0001,16777216,p7518
a150,0.03162277660168379,1e-07,0.0001,16777216,p7519
a150,0.03162277660168379,1e-07,0.0001,16777216,p7520
a150,0.03162277660168379,1e-07,0.0001,16777216,p7521
a150,0.03162277660168379,1e-07,0.0001,16777216,p7522
a150,0.03162277660168379,1e-07,0.0001,16777216,p7523
a150,0.03162277660168379,1e-07,0.0001,16777216,p7524
a150,0.03162277660168379,1e-07,0.0001,16777216,p7525
a150,0.03162277660168379,1e-07,0.0001,16777216,p7526
a150,0.03162277660168379,1e-07,0.0001,16777216,p7527
a150,0.03162277660168379,1e-07,0.0001,16777216,p7528
a150,0.03162277660168379,1e-07,0.0001,16777216,p7529
a150,0.03162277660168379,1e-07,0.0001,16777216,p7530
a150,0.03162277660168379,1e-07,0.0001,16777216,p7531
a150,0.03162277660168379,1e-07,0.0001,16777216,p7532
a150,0.03162277660168379,1e-07,0.0001,16777216,p7533
a150,0.03162277660168379,1e-07,0.0001,16777216,p7534
a150,0.03162277660168379,1e-07,0.0001,16777216,p7535
a150,0.03162277660168379,1e-07,0.0001,16777216,p7536
a150,0.03162277660168379,1e-07,0.0001,16777216,p7537
a150,0.03162277660168379,1e-07,0.0001,16777216,p7538
a150,0.03162277660168379,1e-07,0.0001,16777216,p7539
a150,0.03162277660168379,1e-07,0.0001,16777216,p7540
a150,0.03162277660168379,1e-07,0.0001,16777216,p7541
a150,0.03162277660168379,1e-07,0.0001,16777216,p7542
a150,0.03162277660168379,1e-07,0.0001,16777216,p7543
a150,0.03162277660168379,1e-07,0.0001,16777216,p7544
a150,0.03162277660168379,1e-07,0.0001,16777216,p7545
a150,0.03162277660168379,1e-07,0.0001,16777216,p7546
a150,0.03162277660168379,1e-07,0.0001,16777216,p7547
a150,0.03162277660168379,1e-07,0.0001,16777216,p7548
a150,0.03162277660168379,1e-07,0.0001,16777216,p7549
a151,0.03162277660168379,1e-07,0.001,16777216,p7550
a151,0.03162277660168379,1e-07,0.001,16777216,p7551
a151,0.03162277660168379,1e-07,0.001,16777216,p7552
a151,0.03162277660168379,1e-07,0.001,16777216,p7553
a151,0.03162277660168379,1e-07,0.001,16777216,p7554
a151,0.03162277660168379,1e-07,0.001,16777216,p7555
a151,0.03162277660168379,1e-07,0.001,16777216,p7556
a151,0.03162277660168379,1e-07,0.001,16777216,p7557
a151,0.03162277660168379,1e-07,0.001,16777216,p7558
a151,0.03162277660168379,1e-07,0.001,16777216,p7559
a151,0.03162277660168379,1e-07,0.001,16777216,p7560
a151,0.03162277660168379,1e-07,0.001,16777216,p7561
a151,0.03162277660168379,1e-07,0.001,16777216,p7562
a151,0.03162277660168379,1e-07,0.001,16777216,p7563
a151,0.03162277660168379,1e-07,0.001,16777216,p7564
a151,0.03162277660168379,1e-07,0.001,16777216,p7565
a151,0.03162277660168379,1e-07,0.001,16777216,p7566
a151,0.03162277660168379,1e-07,0.001,16777216,p7567
a151,0.03162277660168379,1e-07,0.001,16777216,p7568
a151,0.03162277660168379,1e-07,0.001,16777216,p7569
a151,0.03162277660168379,1e-07,0.001,16777216,p7570
a151,0.03162277660168379,1e-07,0.001,16777216,p7571
a151,0.03162277660168379,1e-07,0.001,16777216,p7572
a151,0.03162277660168379,1e-07,0.001,16777216,p7573
a151,0.03162277660168379,1e-07,0.001,16777216,p7574
a151,0.03162277660168379,1e-07,0.001,16777216,p7575
a151,0.03162277660168379,1e-07,0.001,16777216,p7576
a151,0.03162277660168379,1e-07,0.001,16777216,p7577
a151,0.03162277660168379,1e-07,0.001,16777216,p7578
a151,0.03162277660168379,1e-07,0.001,16777216,p7579
a151,0.03162277660168379,1e-07,0.001,16777216,p7580
a151,0.03162277660168379,1e-07,0.001,16777216,p7581
a151,0.03162277660168379,1e-07,0.001,16777216,p7582
a151,0.03162277660168379,1e-07,0.001,16777216,p7583
a151,0.03162277660168379,1e-07,0.001,16777216,p7584
a151,0.03162277660168379,1e-07,0.001,16777216,p7585
a151,0.03162277660168379,1e-07,0.001,16777216,p7586
a151,0.03162277660168379,1e-07,0.001,16777216,p7587
a151,0.03162277660168379,1e-07,0.001,16777216,p7588
a151,0.03162277660168379,1e-07,0.001,16777216,p7589
a151,0.03162277660168379,1e-07,0.001,16777216,p7590
a151,0.03162277660168379,1e-07,0.001,16777216,p7591
a151,0.03162277660168379,1e-07,0.001,16777216,p7592
a151,0.03162277660168379,1e-07,0.001,16777216,p7593
a151,0.03162277660168379,1e-07,0.001,16777216,p7594
a151,0.03162277660168379,1e-07,0.001,16777216,p7595
a151,0.03162277660168379,1e-07,0.001,16777216,p7596
a151,0.03162277660168379,1e-07,0.001,16777216,p7597
a151,0.03162277660168379,1e-07,0.001,16777216,p7598
a151,0.03162277660168379,1e-07,0.001,16777216,p7599
a152,0.03162277660168379,1e-07,0.01,16777216,p7600
a152,0.03162277660168379,1e-07,0.01,16777216,p7601
a152,0.03162277660168379,1e-07,0.01,16777216,p7602
a152,0.03162277660168379,1e-07,0.01,16777216,p7603
a152,0.03162277660168379,1e-07,0.01,16777216,p7604
a152,0.03162277660168379,1e-07,0.01,16777216,p7605
a152,0.03162277660168379,1e-07,0.01,16777216,p7606
a152,0.03162277660168379,1e-07,0.01,16777216,p7607
a152,0.03162277660168379,1e-07,0.01,16777216,p7608
a152,0.03162277660168379,1e-07,0.01,16777216,p7609
a152,0.03162277660168379,1e-07,0.01,16777216,p7610
a152,0.03162277660168379,1e-07,0.01,16777216,p7611
a152,0.03162277660168379,1e-07,0.01,16777216,p7612
a152,0.03162277660168379,1e-07,0.01,16777216,p7613
a152,0.03162277660168379,1e-07,0.01,16777216,p7614
a152,0.03162277660168379,1e-07,0.01,16777216,p7615
a152,0.03162277660168379,1e-07,0.01,16777216,p7616
a152,0.03162277660168379,1e-07,0.01,16777216,p7617
a152,0.03162277660168379,1e-07,0.01,16777216,p7618
a152,0.03162277660168379,1e-07,0.01,16777216,p7619
a152,0.03162277660168379,1e-07,0.01,16777216,p7620
a152,0.03162277660168379,1e-07,0.01,16777216,p7621
a152,0.03162277660168379,1e-07,0.01,16777216,p7622
a152,0.03162277660168379,1e-07,0.01,16777216,p7623
a152,0.03162277660168379,1e-07,0.01,16777216,p7624
a152,0.03162277660168379,1e-07,0.01,16777216,p7625
a152,0.03162277660168379,1e-07,0.01,16777216,p7626
a152,0.03162277660168379,1e-07,0.01,16777216,p7627
a152,0.03162277660168379,1e-07,0.01,16777216,p7628
a152,0.03162277660168379,1e-07,0.01,16777216,p7629
a152,0.03162277660168379,1e-07,0.01,16777216,p7630
a152,0.03162277660168379,1e-07,0.01,16777216,p7631
a152,0.03162277660168379,1e-07,0.01,16777216,p7632
a152,0.03162277660168379,1e-07,0.01,16777216,p7633
a152,0.03162277660168379,1e-07,0.01,16777216,p7634
a152,0.03162277660168379,1e-07,0.01,16777216,p7635
a152,0.03162277660168379,1e-07,0.01,16777216,p7636
a152,0.03162277660168379,1e-07,0.01,16777216,p7637
a152,0.03162277660168379,1e-07,0.01,16777216,p7638
a152,0.03162277660168379,1e-07,0.01,16777216,p7639
a152,0.03162277660168379,1e-07,0.01,16777216,p7640
a152,0.03162277660168379,1e-07,0.01,16777216,p7641
a152,0.03162277660168379,1e-07,0.01,16777216,p7642
a152,0.03162277660168379,1e-07,0.01,16777216,p7643
a152,0.03162277660168379,1e-07,0.01,16777216,p7644
a152,0.03162277660168379,1e-07,0.01,16777216,p7645
a152,0.03162277660168379,1e-07,0.01,16777216,p7646
a152,0.03162277660168379,1e-07,0.01,16777216,p7647
a152,0.03162277660168379,1e-07,0.01,16777216,p7648
a152,0.03162277660168379,1e-07,0.01,16777216,p7649
a153,0.03162277660168379,1e-07,0.1,16777216,p7650
a153,0.03162277660168379,1e-07,0.1,16777216,p7651
a153,0.03162277660168379,1e-07,0.1,16777216,p7652
a153,0.03162277660168379,1e-07,0.1,16777216,p7653
a153,0.03162277660168379,1e-07,0.1,16777216,p7654
a153,0.03162277660168379,1e-07,0.1,16777216,p7655
a153,0.03162277660168379,1e-07,0.1,16777216,p7656
a153,0.03162277660168379,1e-07,0.1,16777216,p7657
a153,0.03162277660168379,1e-07,0.1,16777216,p7658
a153,0.03162277660168379,1e-07,0.1,16777216,p7659
a153,0.03162277660168379,1e-07,0.1,16777216,p7660
a153,0.03162277660168379,1e-07,0.1,16777216,p7661
a153,0.03162277660168379,1e-07,0.1,16777216,p7662
a153,0.03162277660168379,1e-07,0.1,16777216,p7663
a153,0.03162277660168379,1e-07,0.1,16777216,p7664
a153,0.03162277660168379,1e-07,0.1,16777216,p7665
a153,0.03162277660168379,1e-07,0.1,16777216,p7666
a153,0.03162277660168379,1e-07,0.1,16777216,p7667
a153,0.03162277660168379,1e-07,0.1,16777216,p7668
a153,0.03162277660168379,1e-07,0.1,16777216,p7669
a153,0.03162277660168379,1e-07,0.1,16777216,p7670
a153,0.03162277660168379,1e-07,0.1,16777216,p7671
a153,0.03162277660168379,1e-07,0.1,16777216,p7672
a153,0.03162277660168379,1e-07,0.1,16777216,p7673
a153,0.03162277660168379,1e-07,0.1,16777216,p7674
a153,0.03162277660168379,1e-07,0.1,16777216,p7675
a153,0.03162277660168379,1e-07,0.1,16777216,p7676
a153,0.03162277660168379,1e-07,0.1,16777216,p7677
a153,0.03162277660168379,1e-07,0.1,16777216,p7678
a153,0.03162277660168379,1e-07,0.1,16777216,p7679
a153,0.03162277660168379,1e-07,0.1,16777216,p7680
a153,0.03162277660168379,1e-07,0.1,16777216,p7681
a153,0.03162277660168379,1e-07,0.1,16777216,p7682
a153,0.03162277660168379,1e-07,0.1,16777216,p7683
a153,0.03162277660168379,1e-07,0.1,16777216,p7684
a153,0.03162277660168379,1e-07,0.1,16777216,p7685
a153,0.03162277660168379,1e-07,0.1,16777216,p7686
a153,0.03162277660168379,1e-07,0.1,16777216,p7687
a153,0.03162277660168379,1e-07,0.1,16777216,p7688
a153,0.03162277660168379,1e-07,0.1,16777216,p7689
a153,0.03162277660168379,1e-07,0.1,16777216,p7690
a153,0.03162277660168379,1e-07,0.1,16777216,p7691
a153,0.03162277660168379,1e-07,0.1,16777216,p7692
a153,0.03162277660168379,1e-07,0.1,16777216,p7693
a153,0.03162277660168379,1e-07,0.1,16777216,p7694
a153,0.03162277660168379,1e-07,0.1,16777216,p7695
a153,0.03162277660168379,1e-07,0.1,16777216,p7696
a153,0.03162277660168379,1e-07,0.1,16777216,p7697
a153,0.03162277660168379,1e-07,0.1,16777216,p7698
a153,0.03162277660168379,1e-07,0.1,16777216,p7699
a154,0.03162277660168379,3.162277660168379e-07,1e-07,16777216,p7700
a154,0.03162277660168379,3.162277660168379e-07,1e-07,16777216,p7701
a154,0.03162277660168379,3.162277660168379e-07,1e-07,16777216,p7702
a154,0.03162277660168379,3.162277660168379e-07,1e-07,16777216,p7703
a154,0.03162277660168379,3.162277660168379e-07,1e-07,16777216,p7704
a154,0.03162277660168379,3.162277660168379e-07,1e-07,16777216,p7705
a154,0.03162277660168379,3.162277660168379e-07,1e-07,16777216,p7706
a154,0.03162277660168379,3.162277660168379e-07,1e-07,16777216,p7707
a154,0.03162277660168379,3.162277660168379e-07,1e-07,16777216,p7708
a154,0.03162277660168379,3.162277660168379e-07,1e-07,16777216,p7709
a154,0.03162277660168379,3.162277660168379e-07,1e-07,16777216,p7710
a154,0.03162277660168379,3.162277660168379e-07,1e-07,16777216,p7711
a154,0.03162277660168379,3.162277660168379e-07,1e-07,16777216,p7712
a154,0.03162277660168379,3.162277660168379e-07,1e-07,16777216,p7713
a154,0.03162277660168379,3.162277660168379e-07,1e-07,16777216,p7714
a154,0.03162277660168379,3.162277660168379e-07,1e-07,16777216,p7715
a154,0.03162277660168379,3.162277660168379e-07,1e-07,16777216,p7716
a154,0.03162277660168379,3.162277660168379e-07,1e-07,16777216,p7717
a154,0.03162277660168379,3.162277660168379e-07,1e-07,16777216,p7718
a154,0.03162277660168379,3.162277660168379e-07,1e-07,16777216,p7719
a154,0.03162277660168379,3.162277660168379e-07,1e-07,16777216,p7720
a154,0.03162277660168379,3.162277660168379e-07,1e-07,16777216,p7721
a154,0.03162277660168379,3.162277660168379e-07,1e-07,16777216,p7722
a154,0.03162277660168379,3.162277660168379e-07,1e-07,16777216,p7723
a154,0.03162277660168379,3.162277660168379e-07,1e-07,16777216,p7724
a154,0.03162277660168379,3.162277660168379e-07,1e-07,16777216,p7725
a154,0.03162277660168379,3.162277660168379e-07,1e-07,16777216,p7726
a154,0.03162277660168379,3.162277660168379e-07,1e-07,16777216,p7727
a154,0.03162277660168379,3.162277660168379e-07,1e-07,16777216,p7728
a154,0.03162277660168379,3.162277660168379e-07,1e-07,16777216,p7729
a154,0.03162277660168379,3.162277660168379e-07,1e-07,16777216,p7730
a154,0.03162277660168379,3.162277660168379e-07,1e-07,16777216,p7731
a154,0.03162277660168379,3.162277660168379e-07,1e-07,16777216,p7732
a154,0.03162277660168379,3.162277660168379e-07,1e-07,16777216,p7733
a154,0.03162277660168379,3.162277660168379e-07,1e-07,16777216,p7734
a154,0.03162277660168379,3.162277660168379e-07,1e-07,16777216,p7735
a154,0.03162277660168379,3.162277660168379e-07,1e-07,16777216,p7736
a154,0.03162277660168379,3.162277660168379e-07,1e-07,16777216,p7737
a154,0.03162277660168379,3.162277660168379e-07,1e-07,16777216,p7738
a154,0.03162277660168379,3.162277660168379e-07,1e-07,16777216,p7739
a154,0.03162277660168379,3.162277660168379e-07,1e-07,16777216,p7740
a154,0.03162277660168379,3.162277660168379e-07,1e-07,16777216,p7741
a154,0.03162277660168379,3.162277660168379e-07,1e-07,16777216,p7742
a154,0.03162277660168379,3.162277660168379e-07,1e-07,16777216,p7743
a154,0.03162277660168379,3.162277660168379e-07,1e-07,16777216,p7744
a154,0.03162277660168379,3.162277660168379e-07,1e-07,16777216,p7745
a154,0.03162277660168379,3.162277660168379e-07,1e-07,16777216,p7746
a154,0.03162277660168379,3.162277660168379e-07,1e-07,16777216,p7747
a154,0.03162277660168379,3.162277660168379e-07,1e-07,16777216,p7748
a154,0.03162277660168379,3.162277660168379e-07,1e-07,16777216,p7749
a155,0.03162277660168379,3.162277660168379e-07,1e-06,16777216,p7750
a155,0.03162277660168379,3.162277660168379e-07,1e-06,16777216,p7751
a155,0.03162277660168379,3.162277660168379e-07,1e-06,16777216,p7752
a155,0.03162277660168379,3.162277660168379e-07,1e-06,16777216,p7753
a155,0.03162277660168379,3.162277660168379e-07,1e-06,16777216,p7754
a155,0.03162277660168379,3.162277660168379e-07,1e-06,16777216,p7755
a155,0.03162277660168379,3.162277660168379e-07,1e-06,16777216,p7756
a155,0.03162277660168379,3.162277660168379e-07,1e-06,16777216,p7757
a155,0.03162277660168379,3.162277660168379e-07,1e-06,16777216,p7758
a155,0.03162277660168379,3.162277660168379e-07,1e-06,16777216,p7759
a155,0.03162277660168379,3.162277660168379e-07,1e-06,16777216,p7760
a155,0.03162277660168379,3.162277660168379e-07,1e-06,16777216,p7761
a155,0.03162277660168379,3.162277660168379e-07,1e-06,16777216,p7762
a155,0.03162277660168379,3.162277660168379e-07,1e-06,16777216,p7763
a155,0.03162277660168379,3.162277660168379e-07,1e-06,16777216,p7764
a155,0.03162277660168379,3.162277660168379e-07,1e-06,16777216,p7765
a155,0.03162277660168379,3.162277660168379e-07,1e-06,16777216,p7766
a155,0.03162277660168379,3.162277660168379e-07,1e-06,16777216,p7767
a155,0.03162277660168379,3.162277660168379e-07,1e-06,16777216,p7768
a155,0.03162277660168379,3.162277660168379e-07,1e-06,16777216,p7769
a155,0.03162277660168379,3.162277660168379e-07,1e-06,16777216,p7770
a155,0.03162277660168379,3.162277660168379e-07,1e-06,16777216,p7771
a155,0.03162277660168379,3.162277660168379e-07,1e-06,16777216,p7772
a155,0.03162277660168379,3.162277660168379e-07,1e-06,16777216,p7773
a155,0.03162277660168379,3.162277660168379e-07,1e-06,16777216,p7774
a155,0.03162277660168379,3.162277660168379e-07,1e-06,16777216,p7775
a155,0.03162277660168379,3.162277660168379e-07,1e-06,16777216,p7776
a155,0.03162277660168379,3.162277660168379e-07,1e-06,16777216,p7777
a155,0.03162277660168379,3.162277660168379e-07,1e-06,16777216,p7778
a155,0.03162277660168379,3.162277660168379e-07,1e-06,16777216,p7779
a155,0.03162277660168379,3.162277660168379e-07,1e-06,16777216,p7780
a155,0.03162277660168379,3.162277660168379e-07,1e-06,16777216,p7781
a155,0.03162277660168379,3.162277660168379e-07,1e-06,16777216,p7782
a155,0.03162277660168379,3.162277660168379e-07,1e-06,16777216,p7783
a155,0.03162277660168379,3.162277660168379e-07,1e-06,16777216,p7784
a155,0.03162277660168379,3.162277660168379e-07,1e-06,16777216,p7785
a155,0.03162277660168379,3.162277660168379e-07,1e-06,16777216,p7786
a155,0.03162277660168379,3.162277660168379e-07,1e-06,16777216,p7787
a155,0.03162277660168379,3.162277660168379e-07,1e-06,16777216,p7788
a155,0.03162277660168379,3.162277660168379e-07,1e-06,16777216,p7789
a155,0.03162277660168379,3.162277660168379e-07,1e-06,16777216,p7790
a155,0.03162277660168379,3.162277660168379e-07,1e-06,16777216,p7791
a155,0.03162277660168379,3.162277660168379e-07,1e-06,16777216,p7792
a155,0.03162277660168379,3.162277660168379e-07,1e-06,16777216,p7793
a155,0.03162277660168379,3.162277660168379e-07,1e-06,16777216,p7794
a155,0.03162277660168379,3.162277660168379e-07,1e-06,16777216,p7795
a155,0.03162277660168379,3.162277660168379e-07,1e-06,16777216,p7796
a155,0.03162277660168379,3.162277660168379e-07,1e-06,16777216,p7797
a155,0.03162277660168379,3.162277660168379e-07,1e-06,16777216,p7798
a155,0.03162277660168379,3.162277660168379e-07,1e-06,16777216,p7799
a156,0.03162277660168379,3.162277660168379e-07,9.999999999999999e-06,16777216,p7800
a156,0.03162277660168379,3.162277660168379e-07,9.999999999999999e-06,16777216,p7801
a156,0.03162277660168379,3.162277660168379e-07,9.999999999999999e-06,16777216,p7802
a156,0.03162277660168379,3.162277660168379e-07,9.999999999999999e-06,16777216,p7803
a156,0.03162277660168379,3.162277660168379e-07,9.999999999999999e-06,16777216,p7804
a156,0.03162277660168379,3.162277660168379e-07,9.999999999999999e-06,16777216,p7805
a156,0.03162277660168379,3.162277660168379e-07,9.999999999999999e-06,16777216,p7806
a156,0.03162277660168379,3.162277660168379e-07,9.999999999999999e-06,16777216,p7807
a156,0.03162277660168379,3.162277660168379e-07,9.999999999999999e-06,16777216,p7808
a156,0.03162277660168379,3.162277660168379e-07,9.999999999999999e-06,16777216,p7809
a156,0.03162277660168379,3.162277660168379e-07,9.999999999999999e-06,16777216,p7810
a156,0.03162277660168379,3.162277660168379e-07,9.999999999999999e-06,16777216,p7811
a156,0.03162277660168379,3.162277660168379e-07,9.999999999999999e-06,16777216,p7812
a156,0.03162277660168379,3.162277660168379e-07,9.999999999999999e-06,16777216,p7813
a156,0.03162277660168379,3.162277660168379e-07,9.999999999999999e-06,16777216,p7814
a156,0.03162277660168379,3.162277660168379e-07,9.999999999999999e-06,16777216,p7815
a156,0.03162277660168379,3.162277660168379e-07,9.999999999999999e-06,16777216,p7816
a156,0.03162277660168379,3.162277660168379e-07,9.999999999999999e-06,16777216,p7817
a156,0.03162277660168379,3.162277660168379e-07,9.999999999999999e-06,16777216,p7818
a156,0.03162277660168379,3.162277660168379e-07,9.999999999999999e-06,16777216,p7819
a156,0.03162277660168379,3.162277660168379e-07,9.999999999999999e-06,16777216,p7820
a156,0.03162277660168379,3.162277660168379e-07,9.999999999999999e-06,16777216,p7821
a156,0.03162277660168379,3.162277660168379e-07,9.999999999999999e-06,16777216,p7822
a156,0.03162277660168379,3.162277660168379e-07,9.999999999999999e-06,16777216,p7823
a156,0.03162277660168379,3.162277660168379e-07,9.999999999999999e-06,16777216,p7824
a156,0.03162277660168379,3.162277660168379e-07,9.999999999999999e-06,16777216,p7825
a156,0.03162277660168379,3.162277660168379e-07,9.999999999999999e-06,16777216,p7826
a156,0.03162277660168379,3.162277660168379e-07,9.999999999999999e-06,16777216,p7827
a156,0.03162277660168379,3.162277660168379e-07,9.999999999999999e-06,16777216,p7828
a156,0.03162277660168379,3.162277660168379e-07,9.999999999999999e-06,16777216,p7829
a156,0.03162277660168379,3.162277660168379e-07,9.999999999999999e-06,16777216,p7830
a156,0.03162277660168379,3.162277660168379e-07,9.999999999999999e-06,16777216,p7831
a156,0.03162277660168379,3.162277660168379e-07,9.999999999999999e-06,16777216,p7832
a156,0.03162277660168379,3.162277660168379e-07,9.999999999999999e-06,16777216,p7833
a156,0.03162277660168379,3.162277660168379e-07,9.999999999999999e-06,16777216,p7834
a156,0.03162277660168379,3.162277660168379e-07,9.999999999999999e-06,16777216,p7835
a156,0.03162277660168379,3.162277660168379e-07,9.999999999999999e-06,16777216,p7836
a156,0.03162277660168379,3.162277660168379e-07,9.999999999999999e-06,16777216,p7837
a156,0.03162277660168379,3.162277660168379e-07,9.999999999999999e-06,16777216,p7838
a156,0.03162277660168379,3.162277660168379e-07,9.999999999999999e-06,16777216,p7839
a156,0.03162277660168379,3.162277660168379e-07,9.999999999999999e-06,16777216,p7840
a156,0.03162277660168379,3.162277660168379e-07,9.999999999999999e-06,16777216,p7841
a156,0.03162277660168379,3.162277660168379e-07,9.999999999999999e-06,16777216,p7842
a156,0.03162277660168379,3.162277660168379e-07,9.999999999999999e-06,16777216,p7843
a156,0.03162277660168379,3.162277660168379e-07,9.999999999999999e-06,16777216,p7844
a156,0.03162277660168379,3.162277660168379e-07,9.999999999999999e-06,16777216,p7845
a156,0.03162277660168379,3.162277660168379e-07,9.999999999999999e-06,16777216,p7846
a156,0.03162277660168379,3.162277660168379e-07,9.999999999999999e-06,16777216,p7847
a156,0.03162277660168379,3.162277660168379e-07,9.999999999999999e-06,16777216,p7848
a156,0.03162277660168379,3.162277660168379e-07,9.999999999999999e-06,16777216,p7849
a157,0.03162277660168379,3.162277660168379e-07,0.0001,16777216,p7850
a157,0.03162277660168379,3.162277660168379e-07,0.0001,16777216,p7851
a157,0.03162277660168379,3.162277660168379e-07,0.0001,16777216,p7852
a157,0.03162277660168379,3.162277660168379e-07,0.0001,16777216,p7853
a157,0.03162277660168379,3.162277660168379e-07,0.0001,16777216,p7854
a157,0.03162277660168379,3.162277660168379e-07,0.0001,16777216,p7855
a157,0.03162277660168379,3.162277660168379e-07,0.0001,16777216,p7856
a157,0.03162277660168379,3.162277660168379e-07,0.0001,16777216,p7857
a157,0.03162277660168379,3.162277660168379e-07,0.0001,16777216,p7858
a157,0.03162277660168379,3.162277660168379e-07,0.0001,16777216,p7859
a157,0.03162277660168379,3.162277660168379e-07,0.0001,16777216,p7860
a157,0.03162277660168379,3.162277660168379e-07,0.0001,16777216,p7861
a157,0.03162277660168379,3.162277660168379e-07,0.0001,16777216,p7862
a157,0.03162277660168379,3.162277660168379e-07,0.0001,16777216,p7863
a157,0.03162277660168379,3.162277660168379e-07,0.0001,16777216,p7864
a157,0.03162277660168379,3.162277660168379e-07,0.0001,16777216,p7865
a157,0.03162277660168379,3.162277660168379e-07,0.0001,16777216,p7866
a157,0.03162277660168379,3.162277660168379e-07,0.0001,16777216,p7867
a157,0.03162277660168379,3.162277660168379e-07,0.0001,16777216,p7868
a157,0.03162277660168379,3.162277660168379e-07,0.0001,16777216,p7869
a157,0.03162277660168379,3.162277660168379e-07,0.0001,16777216,p7870
a157,0.03162277660168379,3.162277660168379e-07,0.0001,16777216,p7871
a157,0.03162277660168379,3.162277660168379e-07,0.0001,16777216,p7872
a157,0.03162277660168379,3.162277660168379e-07,0.0001,16777216,p7873
a157,0.03162277660168379,3.162277660168379e-07,0.0001,16777216,p7874
a157,0.03162277660168379,3.162277660168379e-07,0.0001,16777216,p7875
a157,0.03162277660168379,3.162277660168379e-07,0.0001,16777216,p7876
a157,0.03162277660168379,3.162277660168379e-07,0.0001,16777216,p7877
a157,0.03162277660168379,3.162277660168379e-07,0.0001,16777216,p7878
a157,0.03162277660168379,3.162277660168379e-07,0.0001,16777216,p7879
a157,0.03162277660168379,3.162277660168379e-07,0.0001,16777216,p7880
a157,0.03162277660168379,3.162277660168379e-07,0.0001,16777216,p7881
a157,0.03162277660168379,3.162277660168379e-07,0.0001,16777216,p7882
a157,0.03162277660168379,3.162277660168379e-07,0.0001,16777216,p7883
a157,0.03162277660168379,3.162277660168379e-07,0.0001,16777216,p7884
a157,0.03162277660168379,3.162277660168379e-07,0.0001,16777216,p7885
a157,0.03162277660168379,3.162277660168379e-07,0.0001,16777216,p7886
a157,0.03162277660168379,3.162277660168379e-07,0.0001,16777216,p7887
a157,0.03162277660168379,3.162277660168379e-07,0.0001,16777216,p7888
a157,0.03162277660168379,3.162277660168379e-07,0.0001,16777216,p7889
a157,0.03162277660168379,3.162277660168379e-07,0.0001,16777216,p7890
a157,0.03162277660168379,3.162277660168379e-07,0.0001,16777216,p7891
a157,0.03162277660168379,3.162277660168379e-07,0.0001,16777216,p7892
a157,0.03162277660168379,3.162277660168379e-07,0.0001,16777216,p7893
a157,0.03162277660168379,3.162277660168379e-07,0.0001,16777216,p7894
a157,0.03162277660168379,3.162277660168379e-07,0.0001,16777216,p7895
a157,0.03162277660168379,3.162277660168379e-07,0.0001,16777216,p7896
a157,0.03162277660168379,3.162277660168379e-07,0.0001,16777216,p7897
a157,0.03162277660168379,3.162277660168379e-07,0.0001,16777216,p7898
a157,0.03162277660168379,3.162277660168379e-07,0.0001,16777216,p7899
a158,0.03162277660168379,3.162277660168379e-07,0.001,16777216,p7900
a158,0.03162277660168379,3.162277660168379e-07,0.001,16777216,p7901
a158,0.03162277660168379,3.162277660168379e-07,0.001,16777216,p7902
a158,0.03162277660168379,3.162277660168379e-07,0.001,16777216,p7903
a158,0.03162277660168379,3.162277660168379e-07,0.001,16777216,p7904
a158,0.03162277660168379,3.162277660168379e-07,0.001,16777216,p7905
a158,0.03162277660168379,3.162277660168379e-07,0.001,16777216,p7906
a158,0.03162277660168379,3.162277660168379e-07,0.001,16777216,p7907
a158,0.03162277660168379,3.162277660168379e-07,0.001,16777216,p7908
a158,0.03162277660168379,3.162277660168379e-07,0.001,16777216,p7909
a158,0.03162277660168379,3.162277660168379e-07,0.001,16777216,p7910
a158,0.03162277660168379,3.162277660168379e-07,0.001,16777216,p7911
a158,0.03162277660168379,3.162277660168379e-07,0.001,16777216,p7912
a158,0.03162277660168379,3.162277660168379e-07,0.001,16777216,p7913
a158,0.03162277660168379,3.162277660168379e-07,0.001,16777216,p7914
a158,0.03162277660168379,3.162277660168379e-07,0.001,16777216,p7915
a158,0.03162277660168379,3.162277660168379e-07,0.001,16777216,p7916
a158,0.03162277660168379,3.162277660168379e-07,0.001,16777216,p7917
a158,0.03162277660168379,3.162277660168379e-07,0.001,16777216,p7918
a158,0.03162277660168379,3.162277660168379e-07,0.001,16777216,p7919
a158,0.03162277660168379,3.162277660168379e-07,0.001,16777216,p7920
a158,0.03162277660168379,3.162277660168379e-07,0.001,16777216,p7921
a158,0.03162277660168379,3.162277660168379e-07,0.001,16777216,p7922
a158,0.03162277660168379,3.162277660168379e-07,0.001,16777216,p7923
a158,0.03162277660168379,3.162277660168379e-07,0.001,16777216,p7924
a158,0.03162277660168379,3.162277660168379e-07,0.001,16777216,p7925
a158,0.03162277660168379,3.162277660168379e-07,0.001,16777216,p7926
a158,0.03162277660168379,3.162277660168379e-07,0.001,16777216,p7927
a158,0.03162277660168379,3.162277660168379e-07,0.001,16777216,p7928
a158,0.03162277660168379,3.162277660168379e-07,0.001,16777216,p7929
a158,0.03162277660168379,3.162277660168379e-07,0.001,16777216,p7930
a158,0.03162277660168379,3.162277660168379e-07,0.001,16777216,p7931
a158,0.03162277660168379,3.162277660168379e-07,0.001,16777216,p7932
a158,0.03162277660168379,3.162277660168379e-07,0.001,16777216,p7933
a158,0.03162277660168379,3.162277660168379e-07,0.001,16777216,p7934
a158,0.03162277660168379,3.162277660168379e-07,0.001,16777216,p7935
a158,0.03162277660168379,3.162277660168379e-07,0.001,16777216,p7936
a158,0.03162277660168379,3.162277660168379e-07,0.001,16777216,p7937
a158,0.03162277660168379,3.162277660168379e-07,0.001,16777216,p7938
a158,0.03162277660168379,3.162277660168379e-07,0.001,16777216,p7939
a158,0.03162277660168379,3.162277660168379e-07,0.001,16777216,p7940
a158,0.03162277660168379,3.162277660168379e-07,0.001,16777216,p7941
a158,0.03162277660168379,3.162277660168379e-07,0.001,16777216,p7942
a158,0.03162277660168379,3.162277660168379e-07,0.001,16777216,p7943
a158,0.03162277660168379,3.162277660168379e-07,0.001,16777216,p7944
a158,0.03162277660168379,3.162277660168379e-07,0.001,16777216,p7945
a158,0.03162277660168379,3.162277660168379e-07,0.001,16777216,p7946
a158,0.03162277660168379,3.162277660168379e-07,0.001,16777216,p7947
a158,0.03162277660168379,3.162277660168379e-07,0.001,16777216,p7948
a158,0.03162277660168379,3.162277660168379e-07,0.001,16777216,p7949
a159,0.03162277660168379,3.162277660168379e-07,0.01,16777216,p7950
a159,0.03162277660168379,3.162277660168379e-07,0.01,16777216,p7951
a159,0.03162277660168379,3.162277660168379e-07,0.01,16777216,p7952
a159,0.03162277660168379,3.162277660168379e-07,0.01,16777216,p7953
a159,0.03162277660168379,3.162277660168379e-07,0.01,16777216,p7954
a159,0.03162277660168379,3.162277660168379e-07,0.01,16777216,p7955
a159,0.03162277660168379,3.162277660168379e-07,0.01,16777216,p7956
a159,0.03162277660168379,3.162277660168379e-07,0.01,16777216,p7957
a159,0.03162277660168379,3.162277660168379e-07,0.01,16777216,p7958
a159,0.03162277660168379,3.162277660168379e-07,0.01,16777216,p7959
a159,0.03162277660168379,3.162277660168379e-07,0.01,16777216,p7960
a159,0.03162277660168379,3.162277660168379e-07,0.01,16777216,p7961
a159,0.03162277660168379,3.162277660168379e-07,0.01,16777216,p7962
a159,0.03162277660168379,3.162277660168379e-07,0.01,16777216,p7963
a159,0.03162277660168379,3.162277660168379e-07,0.01,16777216,p7964
a159,0.03162277660168379,3.162277660168379e-07,0.01,16777216,p7965
a159,0.03162277660168379,3.162277660168379e-07,0.01,16777216,p7966
a159,0.03162277660168379,3.162277660168379e-07,0.01,16777216,p7967
a159,0.03162277660168379,3.162277660168379e-07,0.01,16777216,p7968
a159,0.03162277660168379,3.162277660168379e-07,0.01,16777216,p7969
a159,0.03162277660168379,3.162277660168379e-07,0.01,16777216,p7970
a159,0.03162277660168379,3.162277660168379e-07,0.01,16777216,p7971
a159,0.03162277660168379,3.162277660168379e-07,0.01,16777216,p7972
a159,0.03162277660168379,3.162277660168379e-07,0.01,16777216,p7973
a159,0.03162277660168379,3.162277660168379e-07,0.01,16777216,p7974
a159,0.03162277660168379,3.162277660168379e-07,0.01,16777216,p7975
a159,0.03162277660168379,3.162277660168379e-07,0.01,16777216,p7976
a159,0.03162277660168379,3.162277660168379e-07,0.01,16777216,p7977
a159,0.03162277660168379,3.162277660168379e-07,0.01,16777216,p7978
a159,0.03162277660168379,3.162277660168379e-07,0.01,16777216,p7979
a159,0.03162277660168379,3.162277660168379e-07,0.01,16777216,p7980
a159,0.03162277660168379,3.162277660168379e-07,0.01,16777216,p7981
a159,0.03162277660168379,3.162277660168379e-07,0.01,16777216,p7982
a159,0.03162277660168379,3.162277660168379e-07,0.01,16777216,p7983
a159,0.03162277660168379,3.162277660168379e-07,0.01,16777216,p7984
a159,0.03162277660168379,3.162277660168379e-07,0.01,16777216,p7985
a159,0.03162277660168379,3.162277660168379e-07,0.01,16777216,p7986
a159,0.03162277660168379,3.162277660168379e-07,0.01,16777216,p7987
a159,0.03162277660168379,3.162277660168379e-07,0.01,16777216,p7988
a159,0.03162277660168379,3.162277660168379e-07,0.01,16777216,p7989
a159,0.03162277660168379,3.162277660168379e-07,0.01,16777216,p7990
a159,0.03162277660168379,3.162277660168379e-07,0.01,16777216,p7991
a159,0.03162277660168379,3.162277660168379e-07,0.01,16777216,p7992
a159,0.03162277660168379,3.162277660168379e-07,0.01,16777216,p7993
a159,0.03162277660168379,3.162277660168379e-07,0.01,16777216,p7994
a159,0.03162277660168379,3.162277660168379e-07,0.01,16777216,p7995
a159,0.03162277660168379,3.162277660168379e-07,0.01,16777216,p7996
a159,0.03162277660168379,3.162277660168379e-07,0.01,16777216,p7997
a159,0.03162277660168379,3.162277660168379e-07,0.01,16777216,p7998
a159,0.03162277660168379,3.162277660168379e-07,0.01,16777216,p7999
a160,0.03162277660168379,3.162277660168379e-07,0.1,16777216,p8000
a160,0.03162277660168379,3.162277660168379e-07,0.1,16777216,p8001
a160,0.03162277660168379,3.162277660168379e-07,0.1,16777216,p8002
a160,0.03162277660168379,3.162277660168379e-07,0.1,16777216,p8003
a160,0.03162277660168379,3.162277660168379e-07,0.1,16777216,p8004
a160,0.03162277660168379,3.162277660168379e-07,0.1,16777216,p8005
a160,0.03162277660168379,3.162277660168379e-07,0.1,16777216,p8006
a160,0.03162277660168379,3.162277660168379e-07,0.1,16777216,p8007
a160,0.03162277660168379,3.162277660168379e-07,0.1,16777216,p8008
a160,0.03162277660168379,3.162277660168379e-07,0.1,16777216,p8009
a160,0.03162277660168379,3.162277660168379e-07,0.1,16777216,p8010
a160,0.03162277660168379,3.162277660168379e-07,0.1,16777216,p8011
a160,0.03162277660168379,3.162277660168379e-07,0.1,16777216,p8012
a160,0.03162277660168379,3.162277660168379e-07,0.1,16777216,p8013
a160,0.03162277660168379,3.162277660168379e-07,0.1,16777216,p8014
a160,0.03162277660168379,3.162277660168379e-07,0.1,16777216,p8015
a160,0.03162277660168379,3.162277660168379e-07,0.1,16777216,p8016
a160,0.03162277660168379,3.162277660168379e-07,0.1,16777216,p8017
a160,0.03162277660168379,3.162277660168379e-07,0.1,16777216,p8018
a160,0.03162277660168379,3.162277660168379e-07,0.1,16777216,p8019
a160,0.03162277660168379,3.162277660168379e-07,0.1,16777216,p8020
a160,0.03162277660168379,3.162277660168379e-07,0.1,16777216,p8021
a160,0.03162277660168379,3.162277660168379e-07,0.1,16777216,p8022
a160,0.03162277660168379,3.162277660168379e-07,0.1,16777216,p8023
a160,0.03162277660168379,3.162277660168379e-07,0.1,16777216,p8024
a160,0.03162277660168379,3.162277660168379e-07,0.1,16777216,p8025
a160,0.03162277660168379,3.162277660168379e-07,0.1,16777216,p8026
a160,0.03162277660168379,3.162277660168379e-07,0.1,16777216,p8027
a160,0.03162277660168379,3.162277660168379e-07,0.1,16777216,p8028
a160,0.03162277660168379,3.162277660168379e-07,0.1,16777216,p8029
a160,0.03162277660168379,3.162277660168379e-07,0.1,16777216,p8030
a160,0.03162277660168379,3.162277660168379e-07,0.1,16777216,p8031
a160,0.03162277660168379,3.162277660168379e-07,0.1,16777216,p8032
a160,0.03162277660168379,3.162277660168379e-07,0.1,16777216,p8033
a160,0.03162277660168379,3.162277660168379e-07,0.1,16777216,p8034
a160,0.03162277660168379,3.162277660168379e-07,0.1,16777216,p8035
a160,0.03162277660168379,3.162277660168379e-07,0.1,16777216,p8036
a160,0.03162277660168379,3.162277660168379e-07,0.1,16777216,p8037
a160,0.03162277660168379,3.162277660168379e-07,0.1,16777216,p8038
a160,0.03162277660168379,3.162277660168379e-07,0.1,16777216,p8039
a160,0.03162277660168379,3.162277660168379e-07,0.1,16777216,p8040
a160,0.03162277660168379,3.162277660168379e-07,0.1,16777216,p8041
a160,0.03162277660168379,3.162277660168379e-07,0.1,16777216,p8042
a160,0.03162277660168379,3.162277660168379e-07,0.1,16777216,p8043
a160,0.03162277660168379,3.162277660168379e-07,0.1,16777216,p8044
a160,0.03162277660168379,3.162277660168379e-07,0.1,16777216,p8045
a160,0.03162277660168379,3.162277660168379e-07,0.1,16777216,p8046
a160,0.03162277660168379,3.162277660168379e-07,0.1,16777216,p8047
a160,0.03162277660168379,3.162277660168379e-07,0.1,16777216,p8048
a160,0.03162277660168379,3.162277660168379e-07,0.1,16777216,p8049
a161,0.03162277660168379,1e-06,1e-07,16777216,p8050
a161,0.03162277660168379,1e-06,1e-07,16777216,p8051
a161,0.03162277660168379,1e-06,1e-07,16777216,p8052
a161,0.03162277660168379,1e-06,1e-07,16777216,p8053
a161,0.03162277660168379,1e-06,1e-07,16777216,p8054
a161,0.03162277660168379,1e-06,1e-07,16777216,p8055
a161,0.03162277660168379,1e-06,1e-07,16777216,p8056
a161,0.03162277660168379,1e-06,1e-07,16777216,p8057
a161,0.03162277660168379,1e-06,1e-07,16777216,p8058
a161,0.03162277660168379,1e-06,1e-07,16777216,p8059
a161,0.03162277660168379,1e-06,1e-07,16777216,p8060
a161,0.03162277660168379,1e-06,1e-07,16777216,p8061
a161,0.03162277660168379,1e-06,1e-07,16777216,p8062
a161,0.03162277660168379,1e-06,1e-07,16777216,p8063
a161,0.03162277660168379,1e-06,1e-07,16777216,p8064
a161,0.03162277660168379,1e-06,1e-07,16777216,p8065
a161,0.03162277660168379,1e-06,1e-07,16777216,p8066
a161,0.03162277660168379,1e-06,1e-07,16777216,p8067
a161,0.03162277660168379,1e-06,1e-07,16777216,p8068
a161,0.03162277660168379,1e-06,1e-07,16777216,p8069
a161,0.03162277660168379,1e-06,1e-07,16777216,p8070
a161,0.03162277660168379,1e-06,1e-07,16777216,p8071
a161,0.03162277660168379,1e-06,1e-07,16777216,p8072
a161,0.03162277660168379,1e-06,1e-07,16777216,p8073
a161,0.03162277660168379,1e-06,1e-07,16777216,p8074
a161,0.03162277660168379,1e-06,1e-07,16777216,p8075
a161,0.03162277660168379,1e-06,1e-07,16777216,p8076
a161,0.03162277660168379,1e-06,1e-07,16777216,p8077
a161,0.03162277660168379,1e-06,1e-07,16777216,p8078
a161,0.03162277660168379,1e-06,1e-07,16777216,p8079
a161,0.03162277660168379,1e-06,1e-07,16777216,p8080
a161,0.03162277660168379,1e-06,1e-07,16777216,p8081
a161,0.03162277660168379,1e-06,1e-07,16777216,p8082
a161,0.03162277660168379,1e-06,1e-07,16777216,p8083
a161,0.03162277660168379,1e-06,1e-07,16777216,p8084
a161,0.03162277660168379,1e-06,1e-07,16777216,p8085
a161,0.03162277660168379,1e-06,1e-07,16777216,p8086
a161,0.03162277660168379,1e-06,1e-07,16777216,p8087
a161,0.03162277660168379,1e-06,1e-07,16777216,p8088
a161,0.03162277660168379,1e-06,1e-07,16777216,p8089
a161,0.03162277660168379,1e-06,1e-07,16777216,p8090
a161,0.03162277660168379,1e-06,1e-07,16777216,p8091
a161,0.03162277660168379,1e-06,1e-07,16777216,p8092
a161,0.03162277660168379,1e-06,1e-07,16777216,p8093
a161,0.03162277660168379,1e-06,1e-07,16777216,p8094
a161,0.03162277660168379,1e-06,1e-07,16777216,p8095
a161,0.03162277660168379,1e-06,1e-07,16777216,p8096
a161,0.03162277660168379,1e-06,1e-07,16777216,p8097
a161,0.03162277660168379,1e-06,1e-07,16777216,p8098
a161,0.03162277660168379,1e-06,1e-07,16777216,p8099
a162,0.03162277660168379,1e-06,1e-06,16777216,p8100
a162,0.03162277660168379,1e-06,1e-06,16777216,p8101
a162,0.03162277660168379,1e-06,1e-06,16777216,p8102
a162,0.03162277660168379,1e-06,1e-06,16777216,p8103
a162,0.03162277660168379,1e-06,1e-06,16777216,p8104
a162,0.03162277660168379,1e-06,1e-06,16777216,p8105
a162,0.03162277660168379,1e-06,1e-06,16777216,p8106
a162,0.03162277660168379,1e-06,1e-06,16777216,p8107
a162,0.03162277660168379,1e-06,1e-06,16777216,p8108
a162,0.03162277660168379,1e-06,1e-06,16777216,p8109
a162,0.03162277660168379,1e-06,1e-06,16777216,p8110
a162,0.03162277660168379,1e-06,1e-06,16777216,p8111
a162,0.03162277660168379,1e-06,1e-06,16777216,p8112
a162,0.03162277660168379,1e-06,1e-06,16777216,p8113
a162,0.03162277660168379,1e-06,1e-06,16777216,p8114
a162,0.03162277660168379,1e-06,1e-06,16777216,p8115
a162,0.03162277660168379,1e-06,1e-06,16777216,p8116
a162,0.03162277660168379,1e-06,1e-06,16777216,p8117
a162,0.03162277660168379,1e-06,1e-06,16777216,p8118
a162,0.03162277660168379,1e-06,1e-06,16777216,p8119
a162,0.03162277660168379,1e-06,1e-06,16777216,p8120
a162,0.03162277660168379,1e-06,1e-06,16777216,p8121
a162,0.03162277660168379,1e-06,1e-06,16777216,p8122
a162,0.03162277660168379,1e-06,1e-06,16777216,p8123
a162,0.03162277660168379,1e-06,1e-06,16777216,p8124
a162,0.03162277660168379,1e-06,1e-06,16777216,p8125
a162,0.03162277660168379,1e-06,1e-06,16777216,p8126
a162,0.03162277660168379,1e-06,1e-06,16777216,p8127
a162,0.03162277660168379,1e-06,1e-06,16777216,p8128
a162,0.03162277660168379,1e-06,1e-06,16777216,p8129
a162,0.03162277660168379,1e-06,1e-06,16777216,p8130
a162,0.03162277660168379,1e-06,1e-06,16777216,p8131
a162,0.03162277660168379,1e-06,1e-06,16777216,p8132
a162,0.03162277660168379,1e-06,1e-06,16777216,p8133
a162,0.03162277660168379,1e-06,1e-06,16777216,p8134
a162,0.03162277660168379,1e-06,1e-06,16777216,p8135
a162,0.03162277660168379,1e-06,1e-06,16777216,p8136
a162,0.03162277660168379,1e-06,1e-06,16777216,p8137
a162,0.03162277660168379,1e-06,1e-06,16777216,p8138
a162,0.03162277660168379,1e-06,1e-06,16777216,p8139
a162,0.03162277660168379,1e-06,1e-06,16777216,p8140
a162,0.03162277660168379,1e-06,1e-06,16777216,p8141
a162,0.03162277660168379,1e-06,1e-06,16777216,p8142
a162,0.03162277660168379,1e-06,1e-06,16777216,p8143
a162,0.03162277660168379,1e-06,1e-06,16777216,p8144
a162,0.03162277660168379,1e-06,1e-06,16777216,p8145
a162,0.03162277660168379,1e-06,1e-06,16777216,p8146
a162,0.03162277660168379,1e-06,1e-06,16777216,p8147
a162,0.03162277660168379,1e-06,1e-06,16777216,p8148
a162,0.03162277660168379,1e-06,1e-06,16777216,p8149
a163,0.03162277660168379,1e-06,9.999999999999999e-06,16777216,p8150
a163,0.03162277660168379,1e-06,9.999999999999999e-06,16777216,p8151
a163,0.03162277660168379,1e-06,9.999999999999999e-06,16777216,p8152
a163,0.03162277660168379,1e-06,9.999999999999999e-06,16777216,p8153
a163,0.03162277660168379,1e-06,9.999999999999999e-06,16777216,p8154
a163,0.03162277660168379,1e-06,9.999999999999999e-06,16777216,p8155
a163,0.03162277660168379,1e-06,9.999999999999999e-06,16777216,p8156
a163,0.03162277660168379,1e-06,9.999999999999999e-06,16777216,p8157
a163,0.03162277660168379,1e-06,9.999999999999999e-06,16777216,p8158
a163,0.03162277660168379,1e-06,9.999999999999999e-06,16777216,p8159
a163,0.03162277660168379,1e-06,9.999999999999999e-06,16777216,p8160
a163,0.03162277660168379,1e-06,9.999999999999999e-06,16777216,p8161
a163,0.03162277660168379,1e-06,9.999999999999999e-06,16777216,p8162
a163,0.03162277660168379,1e-06,9.999999999999999e-06,16777216,p8163
a163,0.03162277660168379,1e-06,9.999999999999999e-06,16777216,p8164
a163,0.03162277660168379,1e-06,9.999999999999999e-06,16777216,p8165
a163,0.03162277660168379,1e-06,9.999999999999999e-06,16777216,p8166
a163,0.03162277660168379,1e-06,9.999999999999999e-06,16777216,p8167
a163,0.03162277660168379,1e-06,9.999999999999999e-06,16777216,p8168
a163,0.03162277660168379,1e-06,9.999999999999999e-06,16777216,p8169
a163,0.03162277660168379,1e-06,9.999999999999999e-06,16777216,p8170
a163,0.03162277660168379,1e-06,9.999999999999999e-06,16777216,p8171
a163,0.03162277660168379,1e-06,9.999999999999999e-06,16777216,p8172
a163,0.03162277660168379,1e-06,9.999999999999999e-06,16777216,p8173
a163,0.03162277660168379,1e-06,9.999999999999999e-06,16777216,p8174
a163,0.03162277660168379,1e-06,9.999999999999999e-06,16777216,p8175
a163,0.03162277660168379,1e-06,9.999999999999999e-06,16777216,p8176
a163,0.03162277660168379,1e-06,9.999999999999999e-06,16777216,p8177
a163,0.03162277660168379,1e-06,9.999999999999999e-06,16777216,p8178
a163,0.03162277660168379,1e-06,9.999999999999999e-06,16777216,p8179
a163,0.03162277660168379,1e-06,9.999999999999999e-06,16777216,p8180
a163,0.03162277660168379,1e-06,9.999999999999999e-06,16777216,p8181
a163,0.03162277660168379,1e-06,9.999999999999999e-06,16777216,p8182
a163,0.03162277660168379,1e-06,9.999999999999999e-06,16777216,p8183
a163,0.03162277660168379,1e-06,9.999999999999999e-06,16777216,p8184
a163,0.03162277660168379,1e-06,9.999999999999999e-06,16777216,p8185
a163,0.03162277660168379,1e-06,9.999999999999999e-06,16777216,p8186
a163,0.03162277660168379,1e-06,9.999999999999999e-06,16777216,p8187
a163,0.03162277660168379,1e-06,9.999999999999999e-06,16777216,p8188
a163,0.03162277660168379,1e-06,9.999999999999999e-06,16777216,p8189
a163,0.03162277660168379,1e-06,9.999999999999999e-06,16777216,p8190
a163,0.03162277660168379,1e-06,9.999999999999999e-06,16777216,p8191
a163,0.03162277660168379,1e-06,9.999999999999999e-06,16777216,p8192
a163,0.03162277660168379,1e-06,9.999999999999999e-06,16777216,p8193
a163,0.03162277660168379,1e-06,9.999999999999999e-06,16777216,p8194
a163,0.03162277660168379,1e-06,9.999999999999999e-06,16777216,p8195
a163,0.03162277660168379,1e-06,9.999999999999999e-06,16777216,p8196
a163,0.03162277660168379,1e-06,9.999999999999999e-06,16777216,p8197
a163,0.03162277660168379,1e-06,9.999999999999999e-06,16777216,p8198
a163,0.03162277660168379,1e-06,9.999999999999999e-06,16777216,p8199
a164,0.03162277660168379,1e-06,0.0001,16777216,p8200
a164,0.03162277660168379,1e-06,0.0001,16777216,p8201
a164,0.03162277660168379,1e-06,0.0001,16777216,p8202
a164,0.03162277660168379,1e-06,0.0001,16777216,p8203
a164,0.03162277660168379,1e-06,0.0001,16777216,p8204
a164,0.03162277660168379,1e-06,0.0001,16777216,p8205
a164,0.03162277660168379,1e-06,0.0001,16777216,p8206
a164,0.03162277660168379,1e-06,0.0001,16777216,p8207
a164,0.03162277660168379,1e-06,0.0001,16777216,p8208
a164,0.03162277660168379,1e-06,0.0001,16777216,p8209
a164,0.03162277660168379,1e-06,0.0001,16777216,p8210
a164,0.03162277660168379,1e-06,0.0001,16777216,p8211
a164,0.03162277660168379,1e-06,0.0001,16777216,p8212
a164,0.03162277660168379,1e-06,0.0001,16777216,p8213
a164,0.03162277660168379,1e-06,0.0001,16777216,p8214
a164,0.03162277660168379,1e-06,0.0001,16777216,p8215
a164,0.03162277660168379,1e-06,0.0001,16777216,p8216
a164,0.03162277660168379,1e-06,0.0001,16777216,p8217
a164,0.03162277660168379,1e-06,0.0001,16777216,p8218
a164,0.03162277660168379,1e-06,0.0001,16777216,p8219
a164,0.03162277660168379,1e-06,0.0001,16777216,p8220
a164,0.03162277660168379,1e-06,0.0001,16777216,p8221
a164,0.03162277660168379,1e-06,0.0001,16777216,p8222
a164,0.03162277660168379,1e-06,0.0001,16777216,p8223
a164,0.03162277660168379,1e-06,0.0001,16777216,p8224
a164,0.03162277660168379,1e-06,0.0001,16777216,p8225
a164,0.03162277660168379,1e-06,0.0001,16777216,p8226
a164,0.03162277660168379,1e-06,0.0001,16777216,p8227
a164,0.03162277660168379,1e-06,0.0001,16777216,p8228
a164,0.03162277660168379,1e-06,0.0001,16777216,p8229
a164,0.03162277660168379,1e-06,0.0001,16777216,p8230
a164,0.03162277660168379,1e-06,0.0001,16777216,p8231
a164,0.03162277660168379,1e-06,0.0001,16777216,p8232
a164,0.03162277660168379,1e-06,0.0001,16777216,p8233
a164,0.03162277660168379,1e-06,0.0001,16777216,p8234
a164,0.03162277660168379,1e-06,0.0001,16777216,p8235
a164,0.03162277660168379,1e-06,0.0001,16777216,p8236
a164,0.03162277660168379,1e-06,0.0001,16777216,p8237
a164,0.03162277660168379,1e-06,0.0001,16777216,p8238
a164,0.03162277660168379,1e-06,0.0001,16777216,p8239
a164,0.03162277660168379,1e-06,0.0001,16777216,p8240
a164,0.03162277660168379,1e-06,0.0001,16777216,p8241
a164,0.03162277660168379,1e-06,0.0001,16777216,p8242
a164,0.03162277660168379,1e-06,0.0001,16777216,p8243
a164,0.03162277660168379,1e-06,0.0001,16777216,p8244
a164,0.03162277660168379,1e-06,0.0001,16777216,p8245
a164,0.03162277660168379,1e-06,0.0001,16777216,p8246
a164,0.03162277660168379,1e-06,0.0001,16777216,p8247
a164,0.03162277660168379,1e-06,0.0001,16777216,p8248
a164,0.03162277660168379,1e-06,0.0001,16777216,p8249
a165,0.03162277660168379,1e-06,0.001,16777216,p8250
a165,0.03162277660168379,1e-06,0.001,16777216,p8251
a165,0.03162277660168379,1e-06,0.001,16777216,p8252
a165,0.03162277660168379,1e-06,0.001,16777216,p8253
a165,0.03162277660168379,1e-06,0.001,16777216,p8254
a165,0.03162277660168379,1e-06,0.001,16777216,p8255
a165,0.03162277660168379,1e-06,0.001,16777216,p8256
a165,0.03162277660168379,1e-06,0.001,16777216,p8257
a165,0.03162277660168379,1e-06,0.001,16777216,p8258
a165,0.03162277660168379,1e-06,0.001,16777216,p8259
a165,0.03162277660168379,1e-06,0.001,16777216,p8260
a165,0.03162277660168379,1e-06,0.001,16777216,p8261
a165,0.03162277660168379,1e-06,0.001,16777216,p8262
a165,0.03162277660168379,1e-06,0.001,16777216,p8263
a165,0.03162277660168379,1e-06,0.001,16777216,p8264
a165,0.03162277660168379,1e-06,0.001,16777216,p8265
a165,0.03162277660168379,1e-06,0.001,16777216,p8266
a165,0.03162277660168379,1e-06,0.001,16777216,p8267
a165,0.03162277660168379,1e-06,0.001,16777216,p8268
a165,0.03162277660168379,1e-06,0.001,16777216,p8269
a165,0.03162277660168379,1e-06,0.001,16777216,p8270
a165,0.03162277660168379,1e-06,0.001,16777216,p8271
a165,0.03162277660168379,1e-06,0.001,16777216,p8272
a165,0.03162277660168379,1e-06,0.001,16777216,p8273
a165,0.03162277660168379,1e-06,0.001,16777216,p8274
a165,0.03162277660168379,1e-06,0.001,16777216,p8275
a165,0.03162277660168379,1e-06,0.001,16777216,p8276
a165,0.03162277660168379,1e-06,0.001,16777216,p8277
a165,0.03162277660168379,1e-06,0.001,16777216,p8278
a165,0.03162277660168379,1e-06,0.001,16777216,p8279
a165,0.03162277660168379,1e-06,0.001,16777216,p8280
a165,0.03162277660168379,1e-06,0.001,16777216,p8281
a165,0.03162277660168379,1e-06,0.001,16777216,p8282
a165,0.03162277660168379,1e-06,0.001,16777216,p8283
a165,0.03162277660168379,1e-06,0.001,16777216,p8284
a165,0.03162277660168379,1e-06,0.001,16777216,p8285
a165,0.03162277660168379,1e-06,0.001,16777216,p8286
a165,0.03162277660168379,1e-06,0.001,16777216,p8287
a165,0.03162277660168379,1e-06,0.001,16777216,p8288
a165,0.03162277660168379,1e-06,0.001,16777216,p8289
a165,0.03162277660168379,1e-06,0.001,16777216,p8290
a165,0.03162277660168379,1e-06,0.001,16777216,p8291
a165,0.03162277660168379,1e-06,0.001,16777216,p8292
a165,0.03162277660168379,1e-06,0.001,16777216,p8293
a165,0.03162277660168379,1e-06,0.001,16777216,p8294
a165,0.03162277660168379,1e-06,0.001,16777216,p8295
a165,0.03162277660168379,1e-06,0.001,16777216,p8296
a165,0.03162277660168379,1e-06,0.001,16777216,p8297
a165,0.03162277660168379,1e-06,0.001,16777216,p8298
a165,0.03162277660168379,1e-06,0.001,16777216,p8299
a166,0.03162277660168379,1e-06,0.01,16777216,p8300
a166,0.03162277660168379,1e-06,0.01,16777216,p8301
a166,0.03162277660168379,1e-06,0.01,16777216,p8302
a166,0.03162277660168379,1e-06,0.01,16777216,p8303
a166,0.03162277660168379,1e-06,0.01,16777216,p8304
a166,0.03162277660168379,1e-06,0.01,16777216,p8305
a166,0.03162277660168379,1e-06,0.01,16777216,p8306
a166,0.03162277660168379,1e-06,0.01,16777216,p8307
a166,0.03162277660168379,1e-06,0.01,16777216,p8308
a166,0.03162277660168379,1e-06,0.01,16777216,p8309
a166,0.03162277660168379,1e-06,0.01,16777216,p8310
a166,0.03162277660168379,1e-06,0.01,16777216,p8311
a166,0.03162277660168379,1e-06,0.01,16777216,p8312
a166,0.03162277660168379,1e-06,0.01,16777216,p8313
a166,0.03162277660168379,1e-06,0.01,16777216,p8314
a166,0.03162277660168379,1e-06,0.01,16777216,p8315
a166,0.03162277660168379,1e-06,0.01,16777216,p8316
a166,0.03162277660168379,1e-06,0.01,16777216,p8317
a166,0.03162277660168379,1e-06,0.01,16777216,p8318
a166,0.03162277660168379,1e-06,0.01,16777216,p8319
a166,0.03162277660168379,1e-06,0.01,16777216,p8320
a166,0.03162277660168379,1e-06,0.01,16777216,p8321
a166,0.03162277660168379,1e-06,0.01,16777216,p8322
a166,0.03162277660168379,1e-06,0.01,16777216,p8323
a166,0.03162277660168379,1e-06,0.01,16777216,p8324
a166,0.03162277660168379,1e-06,0.01,16777216,p8325
a166,0.03162277660168379,1e-06,0.01,16777216,p8326
a166,0.03162277660168379,1e-06,0.01,16777216,p8327
a166,0.03162277660168379,1e-06,0.01,16777216,p8328
a166,0.03162277660168379,1e-06,0.01,16777216,p8329
a166,0.03162277660168379,1e-06,0.01,16777216,p8330
a166,0.03162277660168379,1e-06,0.01,16777216,p8331
a166,0.03162277660168379,1e-06,0.01,16777216,p8332
a166,0.03162277660168379,1e-06,0.01,16777216,p8333
a166,0.03162277660168379,1e-06,0.01,16777216,p8334
a166,0.03162277660168379,1e-06,0.01,16777216,p8335
a166,0.03162277660168379,1e-06,0.01,16777216,p8336
a166,0.03162277660168379,1e-06,0.01,16777216,p8337
a166,0.03162277660168379,1e-06,0.01,16777216,p8338
a166,0.03162277660168379,1e-06,0.01,16777216,p8339
a166,0.03162277660168379,1e-06,0.01,16777216,p8340
a166,0.03162277660168379,1e-06,0.01,16777216,p8341
a166,0.03162277660168379,1e-06,0.01,16777216,p8342
a166,0.03162277660168379,1e-06,0.01,16777216,p8343
a166,0.03162277660168379,1e-06,0.01,16777216,p8344
a166,0.03162277660168379,1e-06,0.01,16777216,p8345
a166,0.03162277660168379,1e-06,0.01,16777216,p8346
a166,0.03162277660168379,1e-06,0.01,16777216,p8347
a166,0.03162277660168379,1e-06,0.01,16777216,p8348
a166,0.03162277660168379,1e-06,0.01,16777216,p8349
a167,0.03162277660168379,1e-06,0.1,16777216,p8350
a167,0.03162277660168379,1e-06,0.1,16777216,p8351
a167,0.03162277660168379,1e-06,0.1,16777216,p8352
a167,0.03162277660168379,1e-06,0.1,16777216,p8353
a167,0.03162277660168379,1e-06,0.1,16777216,p8354
a167,0.03162277660168379,1e-06,0.1,16777216,p8355
a167,0.03162277660168379,1e-06,0.1,16777216,p8356
a167,0.03162277660168379,1e-06,0.1,16777216,p8357
a167,0.03162277660168379,1e-06,0.1,16777216,p8358
a167,0.03162277660168379,1e-06,0.1,16777216,p8359
a167,0.03162277660168379,1e-06,0.1,16777216,p8360
a167,0.03162277660168379,1e-06,0.1,16777216,p8361
a167,0.03162277660168379,1e-06,0.1,16777216,p8362
a167,0.03162277660168379,1e-06,0.1,16777216,p8363
a167,0.03162277660168379,1e-06,0.1,16777216,p8364
a167,0.03162277660168379,1e-06,0.1,16777216,p8365
a167,0.03162277660168379,1e-06,0.1,16777216,p8366
a167,0.03162277660168379,1e-06,0.1,16777216,p8367
a167,0.03162277660168379,1e-06,0.1,16777216,p8368
a167,0.03162277660168379,1e-06,0.1,16777216,p8369
a167,0.03162277660168379,1e-06,0.1,16777216,p8370
a167,0.03162277660168379,1e-06,0.1,16777216,p8371
a167,0.03162277660168379,1e-06,0.1,16777216,p8372
a167,0.03162277660168379,1e-06,0.1,16777216,p8373
a167,0.03162277660168379,1e-06,0.1,16777216,p8374
a167,0.03162277660168379,1e-06,0.1,16777216,p8375
a167,0.03162277660168379,1e-06,0.1,16777216,p8376
a167,0.03162277660168379,1e-06,0.1,16777216,p8377
a167,0.03162277660168379,1e-06,0.1,16777216,p8378
a167,0.03162277660168379,1e-06,0.1,16777216,p8379
a167,0.03162277660168379,1e-06,0.1,16777216,p8380
a167,0.03162277660168379,1e-06,0.1,16777216,p8381
a167,0.03162277660168379,1e-06,0.1,16777216,p8382
a167,0.03162277660168379,1e-06,0.1,16777216,p8383
a167,0.03162277660168379,1e-06,0.1,16777216,p8384
a167,0.03162277660168379,1e-06,0.1,16777216,p8385
a167,0.03162277660168379,1e-06,0.1,16777216,p8386
a167,0.03162277660168379,1e-06,0.1,16777216,p8387
a167,0.03162277660168379,1e-06,0.1,16777216,p8388
a167,0.03162277660168379,1e-06,0.1,16777216,p8389
a167,0.03162277660168379,1e-06,0.1,16777216,p8390
a167,0.03162277660168379,1e-06,0.1,16777216,p8391
a167,0.03162277660168379,1e-06,0.1,16777216,p8392
a167,0.03162277660168379,1e-06,0.1,16777216,p8393
a167,0.03162277660168379,1e-06,0.1,16777216,p8394
a167,0.03162277660168379,1e-06,0.1,16777216,p8395
a167,0.03162277660168379,1e-06,0.1,16777216,p8396
a167,0.03162277660168379,1e-06,0.1,16777216,p8397
a167,0.03162277660168379,1e-06,0.1,16777216,p8398
a167,0.03162277660168379,1e-06,0.1,16777216,p8399
a168,0.03162277660168379,3.162277660168379e-06,1e-07,6324555,p8400
a168,0.03162277660168379,3.162277660168379e-06,1e-07,6324555,p8401
a168,0.03162277660168379,3.162277660168379e-06,1e-07,6324555,p8402
a168,0.03162277660168379,3.162277660168379e-06,1e-07,6324555,p8403
a168,0.03162277660168379,3.162277660168379e-06,1e-07,6324555,p8404
a168,0.03162277660168379,3.162277660168379e-06,1e-07,6324555,p8405
a168,0.03162277660168379,3.162277660168379e-06,1e-07,6324555,p8406
a168,0.03162277660168379,3.162277660168379e-06,1e-07,6324555,p8407
a168,0.03162277660168379,3.162277660168379e-06,1e-07,6324555,p8408
a168,0.03162277660168379,3.162277660168379e-06,1e-07,6324555,p8409
a168,0.03162277660168379,3.162277660168379e-06,1e-07,6324555,p8410
a168,0.03162277660168379,3.162277660168379e-06,1e-07,6324555,p8411
a168,0.03162277660168379,3.162277660168379e-06,1e-07,6324555,p8412
a168,0.03162277660168379,3.162277660168379e-06,1e-07,6324555,p8413
a168,0.03162277660168379,3.162277660168379e-06,1e-07,6324555,p8414
a168,0.03162277660168379,3.162277660168379e-06,1e-07,6324555,p8415
a168,0.03162277660168379,3.162277660168379e-06,1e-07,6324555,p8416
a168,0.03162277660168379,3.162277660168379e-06,1e-07,6324555,p8417
a168,0.03162277660168379,3.162277660168379e-06,1e-07,6324555,p8418
a168,0.03162277660168379,3.162277660168379e-06,1e-07,6324555,p8419
a168,0.03162277660168379,3.162277660168379e-06,1e-07,6324555,p8420
a168,0.03162277660168379,3.162277660168379e-06,1e-07,6324555,p8421
a168,0.03162277660168379,3.162277660168379e-06,1e-07,6324555,p8422
a168,0.03162277660168379,3.162277660168379e-06,1e-07,6324555,p8423
a168,0.03162277660168379,3.162277660168379e-06,1e-07,6324555,p8424
a168,0.03162277660168379,3.162277660168379e-06,1e-07,6324555,p8425
a168,0.03162277660168379,3.162277660168379e-06,1e-07,6324555,p8426
a168,0.03162277660168379,3.162277660168379e-06,1e-07,6324555,p8427
a168,0.03162277660168379,3.162277660168379e-06,1e-07,6324555,p8428
a168,0.03162277660168379,3.162277660168379e-06,1e-07,6324555,p8429
a168,0.03162277660168379,3.162277660168379e-06,1e-07,6324555,p8430
a168,0.03162277660168379,3.162277660168379e-06,1e-07,6324555,p8431
a168,0.03162277660168379,3.162277660168379e-06,1e-07,6324555,p8432
a168,0.03162277660168379,3.162277660168379e-06,1e-07,6324555,p8433
a168,0.03162277660168379,3.162277660168379e-06,1e-07,6324555,p8434
a168,0.03162277660168379,3.162277660168379e-06,1e-07,6324555,p8435
a168,0.03162277660168379,3.162277660168379e-06,1e-07,6324555,p8436
a168,0.03162277660168379,3.162277660168379e-06,1e-07,6324555,p8437
a168,0.03162277660168379,3.162277660168379e-06,1e-07,6324555,p8438
a168,0.03162277660168379,3.162277660168379e-06,1e-07,6324555,p8439
a168,0.03162277660168379,3.162277660168379e-06,1e-07,6324555,p8440
a168,0.03162277660168379,3.162277660168379e-06,1e-07,6324555,p8441
a168,0.03162277660168379,3.162277660168379e-06,1e-07,6324555,p8442
a168,0.03162277660168379,3.162277660168379e-06,1e-07,6324555,p8443
a168,0.03162277660168379,3.162277660168379e-06,1e-07,6324555,p8444
a168,0.03162277660168379,3.162277660168379e-06,1e-07,6324555,p8445
a168,0.03162277660168379,3.162277660168379e-06,1e-07,6324555,p8446
a168,0.03162277660168379,3.162277660168379e-06,1e-07,6324555,p8447
a168,0.03162277660168379,3.162277660168379e-06,1e-07,6324555,p8448
a168,0.03162277660168379,3.162277660168379e-06,1e-07,6324555,p8449
a169,0.03162277660168379,3.162277660168379e-06,1e-06,6324555,p8450
a169,0.03162277660168379,3.162277660168379e-06,1e-06,6324555,p8451
a169,0.03162277660168379,3.162277660168379e-06,1e-06,6324555,p8452
a169,0.03162277660168379,3.162277660168379e-06,1e-06,6324555,p8453
a169,0.03162277660168379,3.162277660168379e-06,1e-06,6324555,p8454
a169,0.03162277660168379,3.162277660168379e-06,1e-06,6324555,p8455
a169,0.03162277660168379,3.162277660168379e-06,1e-06,6324555,p8456
a169,0.03162277660168379,3.162277660168379e-06,1e-06,6324555,p8457
a169,0.03162277660168379,3.162277660168379e-06,1e-06,6324555,p8458
a169,0.03162277660168379,3.162277660168379e-06,1e-06,6324555,p8459
a169,0.03162277660168379,3.162277660168379e-06,1e-06,6324555,p8460
a169,0.03162277660168379,3.162277660168379e-06,1e-06,6324555,p8461
a169,0.03162277660168379,3.162277660168379e-06,1e-06,6324555,p8462
a169,0.03162277660168379,3.162277660168379e-06,1e-06,6324555,p8463
a169,0.03162277660168379,3.162277660168379e-06,1e-06,6324555,p8464
a169,0.03162277660168379,3.162277660168379e-06,1e-06,6324555,p8465
a169,0.03162277660168379,3.162277660168379e-06,1e-06,6324555,p8466
a169,0.03162277660168379,3.162277660168379e-06,1e-06,6324555,p8467
a169,0.03162277660168379,3.162277660168379e-06,1e-06,6324555,p8468
a169,0.03162277660168379,3.162277660168379e-06,1e-06,6324555,p8469
a169,0.03162277660168379,3.162277660168379e-06,1e-06,6324555,p8470
a169,0.03162277660168379,3.162277660168379e-06,1e-06,6324555,p8471
a169,0.03162277660168379,3.162277660168379e-06,1e-06,6324555,p8472
a169,0.03162277660168379,3.162277660168379e-06,1e-06,6324555,p8473
a169,0.03162277660168379,3.162277660168379e-06,1e-06,6324555,p8474
a169,0.03162277660168379,3.162277660168379e-06,1e-06,6324555,p8475
a169,0.03162277660168379,3.162277660168379e-06,1e-06,6324555,p8476
a169,0.03162277660168379,3.162277660168379e-06,1e-06,6324555,p8477
a169,0.03162277660168379,3.162277660168379e-06,1e-06,6324555,p8478
a169,0.03162277660168379,3.162277660168379e-06,1e-06,6324555,p8479
a169,0.03162277660168379,3.162277660168379e-06,1e-06,6324555,p8480
a169,0.03162277660168379,3.162277660168379e-06,1e-06,6324555,p8481
a169,0.03162277660168379,3.162277660168379e-06,1e-06,6324555,p8482
a169,0.03162277660168379,3.162277660168379e-06,1e-06,6324555,p8483
a169,0.03162277660168379,3.162277660168379e-06,1e-06,6324555,p8484
a169,0.03162277660168379,3.162277660168379e-06,1e-06,6324555,p8485
a169,0.03162277660168379,3.162277660168379e-06,1e-06,6324555,p8486
a169,0.03162277660168379,3.162277660168379e-06,1e-06,6324555,p8487
a169,0.03162277660168379,3.162277660168379e-06,1e-06,6324555,p8488
a169,0.03162277660168379,3.162277660168379e-06,1e-06,6324555,p8489
a169,0.03162277660168379,3.162277660168379e-06,1e-06,6324555,p8490
a169,0.03162277660168379,3.162277660168379e-06,1e-06,6324555,p8491
a169,0.03162277660168379,3.162277660168379e-06,1e-06,6324555,p8492
a169,0.03162277660168379,3.162277660168379e-06,1e-06,6324555,p8493
a169,0.03162277660168379,3.162277660168379e-06,1e-06,6324555,p8494
a169,0.03162277660168379,3.162277660168379e-06,1e-06,6324555,p8495
a169,0.03162277660168379,3.162277660168379e-06,1e-06,6324555,p8496
a169,0.03162277660168379,3.162277660168379e-06,1e-06,6324555,p8497
a169,0.03162277660168379,3.162277660168379e-06,1e-06,6324555,p8498
a169,0.03162277660168379,3.162277660168379e-06,1e-06,6324555,p8499
a170,0.03162277660168379,3.162277660168379e-06,9.999999999999999e-06,6324555,p8500
a170,0.03162277660168379,3.162277660168379e-06,9.999999999999999e-06,6324555,p8501
a170,0.03162277660168379,3.162277660168379e-06,9.999999999999999e-06,6324555,p8502
a170,0.03162277660168379,3.162277660168379e-06,9.999999999999999e-06,6324555,p8503
a170,0.03162277660168379,3.162277660168379e-06,9.999999999999999e-06,6324555,p8504
a170,0.03162277660168379,3.162277660168379e-06,9.999999999999999e-06,6324555,p8505
a170,0.03162277660168379,3.162277660168379e-06,9.999999999999999e-06,6324555,p8506
a170,0.03162277660168379,3.162277660168379e-06,9.999999999999999e-06,6324555,p8507
a170,0.03162277660168379,3.162277660168379e-06,9.999999999999999e-06,6324555,p8508
a170,0.03162277660168379,3.162277660168379e-06,9.999999999999999e-06,6324555,p8509
a170,0.03162277660168379,3.162277660168379e-06,9.999999999999999e-06,6324555,p8510
a170,0.03162277660168379,3.162277660168379e-06,9.999999999999999e-06,6324555,p8511
a170,0.03162277660168379,3.162277660168379e-06,9.999999999999999e-06,6324555,p8512
a170,0.03162277660168379,3.162277660168379e-06,9.999999999999999e-06,6324555,p8513
a170,0.03162277660168379,3.162277660168379e-06,9.999999999999999e-06,6324555,p8514
a170,0.03162277660168379,3.162277660168379e-06,9.999999999999999e-06,6324555,p8515
a170,0.03162277660168379,3.162277660168379e-06,9.999999999999999e-06,6324555,p8516
a170,0.03162277660168379,3.162277660168379e-06,9.999999999999999e-06,6324555,p8517
a170,0.03162277660168379,3.162277660168379e-06,9.999999999999999e-06,6324555,p8518
a170,0.03162277660168379,3.162277660168379e-06,9.999999999999999e-06,6324555,p8519
a170,0.03162277660168379,3.162277660168379e-06,9.999999999999999e-06,6324555,p8520
a170,0.03162277660168379,3.162277660168379e-06,9.999999999999999e-06,6324555,p8521
a170,0.03162277660168379,3.162277660168379e-06,9.999999999999999e-06,6324555,p8522
a170,0.03162277660168379,3.162277660168379e-06,9.999999999999999e-06,6324555,p8523
a170,0.03162277660168379,3.162277660168379e-06,9.999999999999999e-06,6324555,p8524
a170,0.03162277660168379,3.162277660168379e-06,9.999999999999999e-06,6324555,p8525
a170,0.03162277660168379,3.162277660168379e-06,9.999999999999999e-06,6324555,p8526
a170,0.03162277660168379,3.162277660168379e-06,9.999999999999999e-06,6324555,p8527
a170,0.03162277660168379,3.162277660168379e-06,9.999999999999999e-06,6324555,p8528
a170,0.03162277660168379,3.162277660168379e-06,9.999999999999999e-06,6324555,p8529
a170,0.03162277660168379,3.162277660168379e-06,9.999999999999999e-06,6324555,p8530
a170,0.03162277660168379,3.162277660168379e-06,9.999999999999999e-06,6324555,p8531
a170,0.03162277660168379,3.162277660168379e-06,9.999999999999999e-06,6324555,p8532
a170,0.03162277660168379,3.162277660168379e-06,9.999999999999999e-06,6324555,p8533
a170,0.03162277660168379,3.162277660168379e-06,9.999999999999999e-06,6324555,p8534
a170,0.03162277660168379,3.162277660168379e-06,9.999999999999999e-06,6324555,p8535
a170,0.03162277660168379,3.162277660168379e-06,9.999999999999999e-06,6324555,p8536
a170,0.03162277660168379,3.162277660168379e-06,9.999999999999999e-06,6324555,p8537
a170,0.03162277660168379,3.162277660168379e-06,9.999999999999999e-06,6324555,p8538
a170,0.03162277660168379,3.162277660168379e-06,9.999999999999999e-06,6324555,p8539
a170,0.03162277660168379,3.162277660168379e-06,9.999999999999999e-06,6324555,p8540
a170,0.03162277660168379,3.162277660168379e-06,9.999999999999999e-06,6324555,p8541
a170,0.03162277660168379,3.162277660168379e-06,9.999999999999999e-06,6324555,p8542
a170,0.03162277660168379,3.162277660168379e-06,9.999999999999999e-06,6324555,p8543
a170,0.03162277660168379,3.162277660168379e-06,9.999999999999999e-06,6324555,p8544
a170,0.03162277660168379,3.162277660168379e-06,9.999999999999999e-06,6324555,p8545
a170,0.03162277660168379,3.162277660168379e-06,9.999999999999999e-06,6324555,p8546
a170,0.03162277660168379,3.162277660168379e-06,9.999999999999999e-06,6324555,p8547
a170,0.03162277660168379,3.162277660168379e-06,9.999999999999999e-06,6324555,p8548
a170,0.03162277660168379,3.162277660168379e-06,9.999999999999999e-06,6324555,p8549
a171,0.03162277660168379,3.162277660168379e-06,0.0001,6324555,p8550
a171,0.03162277660168379,3.162277660168379e-06,0.0001,6324555,p8551
a171,0.03162277660168379,3.162277660168379e-06,0.0001,6324555,p8552
a171,0.03162277660168379,3.162277660168379e-06,0.0001,6324555,p8553
a171,0.03162277660168379,3.162277660168379e-06,0.0001,6324555,p8554
a171,0.03162277660168379,3.162277660168379e-06,0.0001,6324555,p8555
a171,0.03162277660168379,3.162277660168379e-06,0.0001,6324555,p8556
a171,0.03162277660168379,3.162277660168379e-06,0.0001,6324555,p8557
a171,0.03162277660168379,3.162277660168379e-06,0.0001,6324555,p8558
a171,0.03162277660168379,3.162277660168379e-06,0.0001,6324555,p8559
a171,0.03162277660168379,3.162277660168379e-06,0.0001,6324555,p8560
a171,0.03162277660168379,3.162277660168379e-06,0.0001,6324555,p8561
a171,0.03162277660168379,3.162277660168379e-06,0.0001,6324555,p8562
a171,0.03162277660168379,3.162277660168379e-06,0.0001,6324555,p8563
a171,0.03162277660168379,3.162277660168379e-06,0.0001,6324555,p8564
a171,0.03162277660168379,3.162277660168379e-06,0.0001,6324555,p8565
a171,0.03162277660168379,3.162277660168379e-06,0.0001,6324555,p8566
a171,0.03162277660168379,3.162277660168379e-06,0.0001,6324555,p8567
a171,0.03162277660168379,3.162277660168379e-06,0.0001,6324555,p8568
a171,0.03162277660168379,3.162277660168379e-06,0.0001,6324555,p8569
a171,0.03162277660168379,3.162277660168379e-06,0.0001,6324555,p8570
a171,0.03162277660168379,3.162277660168379e-06,0.0001,6324555,p8571
a171,0.03162277660168379,3.162277660168379e-06,0.0001,6324555,p8572
a171,0.03162277660168379,3.162277660168379e-06,0.0001,6324555,p8573
a171,0.03162277660168379,3.162277660168379e-06,0.0001,6324555,p8574
a171,0.03162277660168379,3.162277660168379e-06,0.0001,6324555,p8575
a171,0.03162277660168379,3.162277660168379e-06,0.0001,6324555,p8576
a171,0.03162277660168379,3.162277660168379e-06,0.0001,6324555,p8577
a171,0.03162277660168379,3.162277660168379e-06,0.0001,6324555,p8578
a171,0.03162277660168379,3.162277660168379e-06,0.0001,6324555,p8579
a171,0.03162277660168379,3.162277660168379e-06,0.0001,6324555,p8580
a171,0.03162277660168379,3.162277660168379e-06,0.0001,6324555,p8581
a171,0.03162277660168379,3.162277660168379e-06,0.0001,6324555,p8582
a171,0.03162277660168379,3.162277660168379e-06,0.0001,6324555,p8583
a171,0.03162277660168379,3.162277660168379e-06,0.0001,6324555,p8584
a171,0.03162277660168379,3.162277660168379e-06,0.0001,6324555,p8585
a171,0.03162277660168379,3.162277660168379e-06,0.0001,6324555,p8586
a171,0.03162277660168379,3.162277660168379e-06,0.0001,6324555,p8587
a171,0.03162277660168379,3.162277660168379e-06,0.0001,6324555,p8588
a171,0.03162277660168379,3.162277660168379e-06,0.0001,6324555,p8589
a171,0.03162277660168379,3.162277660168379e-06,0.0001,6324555,p8590
a171,0.03162277660168379,3.162277660168379e-06,0.0001,6324555,p8591
a171,0.03162277660168379,3.162277660168379e-06,0.0001,6324555,p8592
a171,0.03162277660168379,3.162277660168379e-06,0.0001,6324555,p8593
a171,0.03162277660168379,3.162277660168379e-06,0.0001,6324555,p8594
a171,0.03162277660168379,3.162277660168379e-06,0.0001,6324555,p8595
a171,0.03162277660168379,3.162277660168379e-06,0.0001,6324555,p8596
a171,0.03162277660168379,3.162277660168379e-06,0.0001,6324555,p8597
a171,0.03162277660168379,3.162277660168379e-06,0.0001,6324555,p8598
a171,0.03162277660168379,3.162277660168379e-06,0.0001,6324555,p8599
a172,0.03162277660168379,3.162277660168379e-06,0.001,6324555,p8600
a172,0.03162277660168379,3.162277660168379e-06,0.001,6324555,p8601
a172,0.03162277660168379,3.162277660168379e-06,0.001,6324555,p8602
a172,0.03162277660168379,3.162277660168379e-06,0.001,6324555,p8603
a172,0.03162277660168379,3.162277660168379e-06,0.001,6324555,p8604
a172,0.03162277660168379,3.162277660168379e-06,0.001,6324555,p8605
a172,0.03162277660168379,3.162277660168379e-06,0.001,6324555,p8606
a172,0.03162277660168379,3.162277660168379e-06,0.001,6324555,p8607
a172,0.03162277660168379,3.162277660168379e-06,0.001,6324555,p8608
a172,0.03162277660168379,3.162277660168379e-06,0.001,6324555,p8609
a172,0.03162277660168379,3.162277660168379e-06,0.001,6324555,p8610
a172,0.03162277660168379,3.162277660168379e-06,0.001,6324555,p8611
a172,0.03162277660168379,3.162277660168379e-06,0.001,6324555,p8612
a172,0.03162277660168379,3.162277660168379e-06,0.001,6324555,p8613
a172,0.03162277660168379,3.162277660168379e-06,0.001,6324555,p8614
a172,0.03162277660168379,3.162277660168379e-06,0.001,6324555,p8615
a172,0.03162277660168379,3.162277660168379e-06,0.001,6324555,p8616
a172,0.03162277660168379,3.162277660168379e-06,0.001,6324555,p8617
a172,0.03162277660168379,3.162277660168379e-06,0.001,6324555,p8618
a172,0.03162277660168379,3.162277660168379e-06,0.001,6324555,p8619
a172,0.03162277660168379,3.162277660168379e-06,0.001,6324555,p8620
a172,0.03162277660168379,3.162277660168379e-06,0.001,6324555,p8621
a172,0.03162277660168379,3.162277660168379e-06,0.001,6324555,p8622
a172,0.03162277660168379,3.162277660168379e-06,0.001,6324555,p8623
a172,0.03162277660168379,3.162277660168379e-06,0.001,6324555,p8624
a172,0.03162277660168379,3.162277660168379e-06,0.001,6324555,p8625
a172,0.03162277660168379,3.162277660168379e-06,0.001,6324555,p8626
a172,0.03162277660168379,3.162277660168379e-06,0.001,6324555,p8627
a172,0.03162277660168379,3.162277660168379e-06,0.001,6324555,p8628
a172,0.03162277660168379,3.162277660168379e-06,0.001,6324555,p8629
a172,0.03162277660168379,3.162277660168379e-06,0.001,6324555,p8630
a172,0.03162277660168379,3.162277660168379e-06,0.001,6324555,p8631
a172,0.03162277660168379,3.162277660168379e-06,0.001,6324555,p8632
a172,0.03162277660168379,3.162277660168379e-06,0.001,6324555,p8633
a172,0.03162277660168379,3.162277660168379e-06,0.001,6324555,p8634
a172,0.03162277660168379,3.162277660168379e-06,0.001,6324555,p8635
a172,0.03162277660168379,3.162277660168379e-06,0.001,6324555,p8636
a172,0.03162277660168379,3.162277660168379e-06,0.001,6324555,p8637
a172,0.03162277660168379,3.162277660168379e-06,0.001,6324555,p8638
a172,0.03162277660168379,3.162277660168379e-06,0.001,6324555,p8639
a172,0.03162277660168379,3.162277660168379e-06,0.001,6324555,p8640
a172,0.03162277660168379,3.162277660168379e-06,0.001,6324555,p8641
a172,0.03162277660168379,3.162277660168379e-06,0.001,6324555,p8642
a172,0.03162277660168379,3.162277660168379e-06,0.001,6324555,p8643
a172,0.03162277660168379,3.162277660168379e-06,0.001,6324555,p8644
a172,0.03162277660168379,3.162277660168379e-06,0.001,6324555,p8645
a172,0.03162277660168379,3.162277660168379e-06,0.001,6324555,p8646
a172,0.03162277660168379,3.162277660168379e-06,0.001,6324555,p8647
a172,0.03162277660168379,3.162277660168379e-06,0.001,6324555,p8648
a172,0.03162277660168379,3.162277660168379e-06,0.001,6324555,p8649
a173,0.03162277660168379,3.162277660168379e-06,0.01,6324555,p8650
a173,0.03162277660168379,3.162277660168379e-06,0.01,6324555,p8651
a173,0.03162277660168379,3.162277660168379e-06,0.01,6324555,p8652
a173,0.03162277660168379,3.162277660168379e-06,0.01,6324555,p8653
a173,0.03162277660168379,3.162277660168379e-06,0.01,6324555,p8654
a173,0.03162277660168379,3.162277660168379e-06,0.01,6324555,p8655
a173,0.03162277660168379,3.162277660168379e-06,0.01,6324555,p8656
a173,0.03162277660168379,3.162277660168379e-06,0.01,6324555,p8657
a173,0.03162277660168379,3.162277660168379e-06,0.01,6324555,p8658
a173,0.03162277660168379,3.162277660168379e-06,0.01,6324555,p8659
a173,0.03162277660168379,3.162277660168379e-06,0.01,6324555,p8660
a173,0.03162277660168379,3.162277660168379e-06,0.01,6324555,p8661
a173,0.03162277660168379,3.162277660168379e-06,0.01,6324555,p8662
a173,0.03162277660168379,3.162277660168379e-06,0.01,6324555,p8663
a173,0.03162277660168379,3.162277660168379e-06,0.01,6324555,p8664
a173,0.03162277660168379,3.162277660168379e-06,0.01,6324555,p8665
a173,0.03162277660168379,3.162277660168379e-06,0.01,6324555,p8666
a173,0.03162277660168379,3.162277660168379e-06,0.01,6324555,p8667
a173,0.03162277660168379,3.162277660168379e-06,0.01,6324555,p8668
a173,0.03162277660168379,3.162277660168379e-06,0.01,6324555,p8669
a173,0.03162277660168379,3.162277660168379e-06,0.01,6324555,p8670
a173,0.03162277660168379,3.162277660168379e-06,0.01,6324555,p8671
a173,0.03162277660168379,3.162277660168379e-06,0.01,6324555,p8672
a173,0.03162277660168379,3.162277660168379e-06,0.01,6324555,p8673
a173,0.03162277660168379,3.162277660168379e-06,0.01,6324555,p8674
a173,0.03162277660168379,3.162277660168379e-06,0.01,6324555,p8675
a173,0.03162277660168379,3.162277660168379e-06,0.01,6324555,p8676
a173,0.03162277660168379,3.162277660168379e-06,0.01,6324555,p8677
a173,0.03162277660168379,3.162277660168379e-06,0.01,6324555,p8678
a173,0.03162277660168379,3.162277660168379e-06,0.01,6324555,p8679
a173,0.03162277660168379,3.162277660168379e-06,0.01,6324555,p8680
a173,0.03162277660168379,3.162277660168379e-06,0.01,6324555,p8681
a173,0.03162277660168379,3.162277660168379e-06,0.01,6324555,p8682
a173,0.03162277660168379,3.162277660168379e-06,0.01,6324555,p8683
a173,0.03162277660168379,3.162277660168379e-06,0.01,6324555,p8684
a173,0.03162277660168379,3.162277660168379e-06,0.01,6324555,p8685
a173,0.03162277660168379,3.162277660168379e-06,0.01,6324555,p8686
a173,0.03162277660168379,3.162277660168379e-06,0.01,6324555,p8687
a173,0.03162277660168379,3.162277660168379e-06,0.01,6324555,p8688
a173,0.03162277660168379,3.162277660168379e-06,0.01,6324555,p8689
a173,0.03162277660168379,3.162277660168379e-06,0.01,6324555,p8690
a173,0.03162277660168379,3.162277660168379e-06,0.01,6324555,p8691
a173,0.03162277660168379,3.162277660168379e-06,0.01,6324555,p8692
a173,0.03162277660168379,3.162277660168379e-06,0.01,6324555,p8693
a173,0.03162277660168379,3.162277660168379e-06,0.01,6324555,p8694
a173,0.03162277660168379,3.162277660168379e-06,0.01,6324555,p8695
a173,0.03162277660168379,3.162277660168379e-06,0.01,6324555,p8696
a173,0.03162277660168379,3.162277660168379e-06,0.01,6324555,p8697
a173,0.03162277660168379,3.162277660168379e-06,0.01,6324555,p8698
a173,0.03162277660168379,3.162277660168379e-06,0.01,6324555,p8699
a174,0.03162277660168379,3.162277660168379e-06,0.1,6324555,p8700
a174,0.03162277660168379,3.162277660168379e-06,0.1,6324555,p8701
a174,0.03162277660168379,3.162277660168379e-06,0.1,6324555,p8702
a174,0.03162277660168379,3.162277660168379e-06,0.1,6324555,p8703
a174,0.03162277660168379,3.162277660168379e-06,0.1,6324555,p8704
a174,0.03162277660168379,3.162277660168379e-06,0.1,6324555,p8705
a174,0.03162277660168379,3.162277660168379e-06,0.1,6324555,p8706
a174,0.03162277660168379,3.162277660168379e-06,0.1,6324555,p8707
a174,0.03162277660168379,3.162277660168379e-06,0.1,6324555,p8708
a174,0.03162277660168379,3.162277660168379e-06,0.1,6324555,p8709
a174,0.03162277660168379,3.162277660168379e-06,0.1,6324555,p8710
a174,0.03162277660168379,3.162277660168379e-06,0.1,6324555,p8711
a174,0.03162277660168379,3.162277660168379e-06,0.1,6324555,p8712
a174,0.03162277660168379,3.162277660168379e-06,0.1,6324555,p8713
a174,0.03162277660168379,3.162277660168379e-06,0.1,6324555,p8714
a174,0.03162277660168379,3.162277660168379e-06,0.1,6324555,p8715
a174,0.03162277660168379,3.162277660168379e-06,0.1,6324555,p8716
a174,0.03162277660168379,3.162277660168379e-06,0.1,6324555,p8717
a174,0.03162277660168379,3.162277660168379e-06,0.1,6324555,p8718
a174,0.03162277660168379,3.162277660168379e-06,0.1,6324555,p8719
a174,0.03162277660168379,3.162277660168379e-06,0.1,6324555,p8720
a174,0.03162277660168379,3.162277660168379e-06,0.1,6324555,p8721
a174,0.03162277660168379,3.162277660168379e-06,0.1,6324555,p8722
a174,0.03162277660168379,3.162277660168379e-06,0.1,6324555,p8723
a174,0.03162277660168379,3.162277660168379e-06,0.1,6324555,p8724
a174,0.03162277660168379,3.162277660168379e-06,0.1,6324555,p8725
a174,0.03162277660168379,3.162277660168379e-06,0.1,6324555,p8726
a174,0.03162277660168379,3.162277660168379e-06,0.1,6324555,p8727
a174,0.03162277660168379,3.162277660168379e-06,0.1,6324555,p8728
a174,0.03162277660168379,3.162277660168379e-06,0.1,6324555,p8729
a174,0.03162277660168379,3.162277660168379e-06,0.1,6324555,p8730
a174,0.03162277660168379,3.162277660168379e-06,0.1,6324555,p8731
a174,0.03162277660168379,3.162277660168379e-06,0.1,6324555,p8732
a174,0.03162277660168379,3.162277660168379e-06,0.1,6324555,p8733
a174,0.03162277660168379,3.162277660168379e-06,0.1,6324555,p8734
a174,0.03162277660168379,3.162277660168379e-06,0.1,6324555,p8735
a174,0.03162277660168379,3.162277660168379e-06,0.1,6324555,p8736
a174,0.03162277660168379,3.162277660168379e-06,0.1,6324555,p8737
a174,0.03162277660168379,3.162277660168379e-06,0.1,6324555,p8738
a174,0.03162277660168379,3.162277660168379e-06,0.1,6324555,p8739
a174,0.03162277660168379,3.162277660168379e-06,0.1,6324555,p8740
a174,0.03162277660168379,3.162277660168379e-06,0.1,6324555,p8741
a174,0.03162277660168379,3.162277660168379e-06,0.1,6324555,p8742
a174,0.03162277660168379,3.162277660168379e-06,0.1,6324555,p8743
a174,0.03162277660168379,3.162277660168379e-06,0.1,6324555,p8744
a174,0.03162277660168379,3.162277660168379e-06,0.1,6324555,p8745
a174,0.03162277660168379,3.162277660168379e-06,0.1,6324555,p8746
a174,0.03162277660168379,3.162277660168379e-06,0.1,6324555,p8747
a174,0.03162277660168379,3.162277660168379e-06,0.1,6324555,p8748
a174,0.03162277660168379,3.162277660168379e-06,0.1,6324555,p8749
a175,0.03162277660168379,9.999999999999999e-06,1e-07,2000000,p8750
a175,0.03162277660168379,9.999999999999999e-06,1e-07,2000000,p8751
a175,0.03162277660168379,9.999999999999999e-06,1e-07,2000000,p8752
a175,0.03162277660168379,9.999999999999999e-06,1e-07,2000000,p8753
a175,0.03162277660168379,9.999999999999999e-06,1e-07,2000000,p8754
a175,0.03162277660168379,9.999999999999999e-06,1e-07,2000000,p8755
a175,0.03162277660168379,9.999999999999999e-06,1e-07,2000000,p8756
a175,0.03162277660168379,9.999999999999999e-06,1e-07,2000000,p8757
a175,0.03162277660168379,9.999999999999999e-06,1e-07,2000000,p8758
a175,0.03162277660168379,9.999999999999999e-06,1e-07,2000000,p8759
a175,0.03162277660168379,9.999999999999999e-06,1e-07,2000000,p8760
a175,0.03162277660168379,9.999999999999999e-06,1e-07,2000000,p8761
a175,0.03162277660168379,9.999999999999999e-06,1e-07,2000000,p8762
a175,0.03162277660168379,9.999999999999999e-06,1e-07,2000000,p8763
a175,0.03162277660168379,9.999999999999999e-06,1e-07,2000000,p8764
a175,0.03162277660168379,9.999999999999999e-06,1e-07,2000000,p8765
a175,0.03162277660168379,9.999999999999999e-06,1e-07,2000000,p8766
a175,0.03162277660168379,9.999999999999999e-06,1e-07,2000000,p8767
a175,0.03162277660168379,9.999999999999999e-06,1e-07,2000000,p8768
a175,0.03162277660168379,9.999999999999999e-06,1e-07,2000000,p8769
a175,0.03162277660168379,9.999999999999999e-06,1e-07,2000000,p8770
a175,0.03162277660168379,9.999999999999999e-06,1e-07,2000000,p8771
a175,0.03162277660168379,9.999999999999999e-06,1e-07,2000000,p8772
a175,0.03162277660168379,9.999999999999999e-06,1e-07,2000000,p8773
a175,0.03162277660168379,9.999999999999999e-06,1e-07,2000000,p8774
a175,0.03162277660168379,9.999999999999999e-06,1e-07,2000000,p8775
a175,0.03162277660168379,9.999999999999999e-06,1e-07,2000000,p8776
a175,0.03162277660168379,9.999999999999999e-06,1e-07,2000000,p8777
a175,0.03162277660168379,9.999999999999999e-06,1e-07,2000000,p8778
a175,0.03162277660168379,9.999999999999999e-06,1e-07,2000000,p8779
a175,0.03162277660168379,9.999999999999999e-06,1e-07,2000000,p8780
a175,0.03162277660168379,9.999999999999999e-06,1e-07,2000000,p8781
a175,0.03162277660168379,9.999999999999999e-06,1e-07,2000000,p8782
a175,0.03162277660168379,9.999999999999999e-06,1e-07,2000000,p8783
a175,0.03162277660168379,9.999999999999999e-06,1e-07,2000000,p8784
a175,0.03162277660168379,9.999999999999999e-06,1e-07,2000000,p8785
a175,0.03162277660168379,9.999999999999999e-06,1e-07,2000000,p8786
a175,0.03162277660168379,9.999999999999999e-06,1e-07,2000000,p8787
a175,0.03162277660168379,9.999999999999999e-06,1e-07,2000000,p8788
a175,0.03162277660168379,9.999999999999999e-06,1e-07,2000000,p8789
a175,0.03162277660168379,9.999999999999999e-06,1e-07,2000000,p8790
a175,0.03162277660168379,9.999999999999999e-06,1e-07,2000000,p8791
a175,0.03162277660168379,9.999999999999999e-06,1e-07,2000000,p8792
a175,0.03162277660168379,9.999999999999999e-06,1e-07,2000000,p8793
a175,0.03162277660168379,9.999999999999999e-06,1e-07,2000000,p8794
a175,0.03162277660168379,9.999999999999999e-06,1e-07,2000000,p8795
a175,0.03162277660168379,9.999999999999999e-06,1e-07,2000000,p8796
a175,0.03162277660168379,9.999999999999999e-06,1e-07,2000000,p8797
a175,0.03162277660168379,9.999999999999999e-06,1e-07,2000000,p8798
a175,0.03162277660168379,9.999999999999999e-06,1e-07,2000000,p8799
a176,0.03162277660168379,9.999999999999999e-06,1e-06,2000000,p8800
a176,0.03162277660168379,9.999999999999999e-06,1e-06,2000000,p8801
a176,0.03162277660168379,9.999999999999999e-06,1e-06,2000000,p8802
a176,0.03162277660168379,9.999999999999999e-06,1e-06,2000000,p8803
a176,0.03162277660168379,9.999999999999999e-06,1e-06,2000000,p8804
a176,0.03162277660168379,9.999999999999999e-06,1e-06,2000000,p8805
a176,0.03162277660168379,9.999999999999999e-06,1e-06,2000000,p8806
a176,0.03162277660168379,9.999999999999999e-06,1e-06,2000000,p8807
a176,0.03162277660168379,9.999999999999999e-06,1e-06,2000000,p8808
a176,0.03162277660168379,9.999999999999999e-06,1e-06,2000000,p8809
a176,0.03162277660168379,9.999999999999999e-06,1e-06,2000000,p8810
a176,0.03162277660168379,9.999999999999999e-06,1e-06,2000000,p8811
a176,0.03162277660168379,9.999999999999999e-06,1e-06,2000000,p8812
a176,0.03162277660168379,9.999999999999999e-06,1e-06,2000000,p8813
a176,0.03162277660168379,9.999999999999999e-06,1e-06,2000000,p8814
a176,0.03162277660168379,9.999999999999999e-06,1e-06,2000000,p8815
a176,0.03162277660168379,9.999999999999999e-06,1e-06,2000000,p8816
a176,0.03162277660168379,9.999999999999999e-06,1e-06,2000000,p8817
a176,0.03162277660168379,9.999999999999999e-06,1e-06,2000000,p8818
a176,0.03162277660168379,9.999999999999999e-06,1e-06,2000000,p8819
a176,0.03162277660168379,9.999999999999999e-06,1e-06,2000000,p8820
a176,0.03162277660168379,9.999999999999999e-06,1e-06,2000000,p8821
a176,0.03162277660168379,9.999999999999999e-06,1e-06,2000000,p8822
a176,0.03162277660168379,9.999999999999999e-06,1e-06,2000000,p8823
a176,0.03162277660168379,9.999999999999999e-06,1e-06,2000000,p8824
a176,0.03162277660168379,9.999999999999999e-06,1e-06,2000000,p8825
a176,0.03162277660168379,9.999999999999999e-06,1e-06,2000000,p8826
a176,0.03162277660168379,9.999999999999999e-06,1e-06,2000000,p8827
a176,0.03162277660168379,9.999999999999999e-06,1e-06,2000000,p8828
a176,0.03162277660168379,9.999999999999999e-06,1e-06,2000000,p8829
a176,0.03162277660168379,9.999999999999999e-06,1e-06,2000000,p8830
a176,0.03162277660168379,9.999999999999999e-06,1e-06,2000000,p8831
a176,0.03162277660168379,9.999999999999999e-06,1e-06,2000000,p8832
a176,0.03162277660168379,9.999999999999999e-06,1e-06,2000000,p8833
a176,0.03162277660168379,9.999999999999999e-06,1e-06,2000000,p8834
a176,0.03162277660168379,9.999999999999999e-06,1e-06,2000000,p8835
a176,0.03162277660168379,9.999999999999999e-06,1e-06,2000000,p8836
a176,0.03162277660168379,9.999999999999999e-06,1e-06,2000000,p8837
a176,0.03162277660168379,9.999999999999999e-06,1e-06,2000000,p8838
a176,0.03162277660168379,9.999999999999999e-06,1e-06,2000000,p8839
a176,0.03162277660168379,9.999999999999999e-06,1e-06,2000000,p8840
a176,0.03162277660168379,9.999999999999999e-06,1e-06,2000000,p8841
a176,0.03162277660168379,9.999999999999999e-06,1e-06,2000000,p8842
a176,0.03162277660168379,9.999999999999999e-06,1e-06,2000000,p8843
a176,0.03162277660168379,9.999999999999999e-06,1e-06,2000000,p8844
a176,0.03162277660168379,9.999999999999999e-06,1e-06,2000000,p8845
a176,0.03162277660168379,9.999999999999999e-06,1e-06,2000000,p8846
a176,0.03162277660168379,9.999999999999999e-06,1e-06,2000000,p8847
a176,0.03162277660168379,9.999999999999999e-06,1e-06,2000000,p8848
a176,0.03162277660168379,9.999999999999999e-06,1e-06,2000000,p8849
a177,0.03162277660168379,9.999999999999999e-06,9.999999999999999e-06,2000000,p8850
a177,0.03162277660168379,9.999999999999999e-06,9.999999999999999e-06,2000000,p8851
a177,0.03162277660168379,9.999999999999999e-06,9.999999999999999e-06,2000000,p8852
a177,0.03162277660168379,9.999999999999999e-06,9.999999999999999e-06,2000000,p8853
a177,0.03162277660168379,9.999999999999999e-06,9.999999999999999e-06,2000000,p8854
a177,0.03162277660168379,9.999999999999999e-06,9.999999999999999e-06,2000000,p8855
a177,0.03162277660168379,9.999999999999999e-06,9.999999999999999e-06,2000000,p8856
a177,0.03162277660168379,9.999999999999999e-06,9.999999999999999e-06,2000000,p8857
a177,0.03162277660168379,9.999999999999999e-06,9.999999999999999e-06,2000000,p8858
a177,0.03162277660168379,9.999999999999999e-06,9.999999999999999e-06,2000000,p8859
a177,0.03162277660168379,9.999999999999999e-06,9.999999999999999e-06,2000000,p8860
a177,0.03162277660168379,9.999999999999999e-06,9.999999999999999e-06,2000000,p8861
a177,0.03162277660168379,9.999999999999999e-06,9.999999999999999e-06,2000000,p8862
a177,0.03162277660168379,9.999999999999999e-06,9.999999999999999e-06,2000000,p8863
a177,0.03162277660168379,9.999999999999999e-06,9.999999999999999e-06,2000000,p8864
a177,0.03162277660168379,9.999999999999999e-06,9.999999999999999e-06,2000000,p8865
a177,0.03162277660168379,9.999999999999999e-06,9.999999999999999e-06,2000000,p8866
a177,0.03162277660168379,9.999999999999999e-06,9.999999999999999e-06,2000000,p8867
a177,0.03162277660168379,9.999999999999999e-06,9.999999999999999e-06,2000000,p8868
a177,0.03162277660168379,9.999999999999999e-06,9.999999999999999e-06,2000000,p8869
a177,0.03162277660168379,9.999999999999999e-06,9.999999999999999e-06,2000000,p8870
a177,0.03162277660168379,9.999999999999999e-06,9.999999999999999e-06,2000000,p8871
a177,0.03162277660168379,9.999999999999999e-06,9.999999999999999e-06,2000000,p8872
a177,0.03162277660168379,9.999999999999999e-06,9.999999999999999e-06,2000000,p8873
a177,0.03162277660168379,9.999999999999999e-06,9.999999999999999e-06,2000000,p8874
a177,0.03162277660168379,9.999999999999999e-06,9.999999999999999e-06,2000000,p8875
a177,0.03162277660168379,9.999999999999999e-06,9.999999999999999e-06,2000000,p8876
a177,0.03162277660168379,9.999999999999999e-06,9.999999999999999e-06,2000000,p8877
a177,0.03162277660168379,9.999999999999999e-06,9.999999999999999e-06,2000000,p8878
a177,0.03162277660168379,9.999999999999999e-06,9.999999999999999e-06,2000000,p8879
a177,0.03162277660168379,9.999999999999999e-06,9.999999999999999e-06,2000000,p8880
a177,0.03162277660168379,9.999999999999999e-06,9.999999999999999e-06,2000000,p8881
a177,0.03162277660168379,9.999999999999999e-06,9.999999999999999e-06,2000000,p8882
a177,0.03162277660168379,9.999999999999999e-06,9.999999999999999e-06,2000000,p8883
a177,0.03162277660168379,9.999999999999999e-06,9.999999999999999e-06,2000000,p8884
a177,0.03162277660168379,9.999999999999999e-06,9.999999999999999e-06,2000000,p8885
a177,0.03162277660168379,9.999999999999999e-06,9.999999999999999e-06,2000000,p8886
a177,0.03162277660168379,9.999999999999999e-06,9.999999999999999e-06,2000000,p8887
a177,0.03162277660168379,9.999999999999999e-06,9.999999999999999e-06,2000000,p8888
a177,0.03162277660168379,9.999999999999999e-06,9.999999999999999e-06,2000000,p8889
a177,0.03162277660168379,9.999999999999999e-06,9.999999999999999e-06,2000000,p8890
a177,0.03162277660168379,9.999999999999999e-06,9.999999999999999e-06,2000000,p8891
a177,0.03162277660168379,9.999999999999999e-06,9.999999999999999e-06,2000000,p8892
a177,0.03162277660168379,9.999999999999999e-06,9.999999999999999e-06,2000000,p8893
a177,0.03162277660168379,9.999999999999999e-06,9.999999999999999e-06,2000000,p8894
a177,0.03162277660168379,9.999999999999999e-06,9.999999999999999e-06,2000000,p8895
a177,0.03162277660168379,9.999999999999999e-06,9.999999999999999e-06,2000000,p8896
a177,0.03162277660168379,9.999999999999999e-06,9.999999999999999e-06,2000000,p8897
a177,0.03162277660168379,9.999999999999999e-06,9.999999999999999e-06,2000000,p8898
a177,0.03162277660168379,9.999999999999999e-06,9.999999999999999e-06,2000000,p8899
a178,0.03162277660168379,9.999999999999999e-06,0.0001,2000000,p8900
a178,0.03162277660168379,9.999999999999999e-06,0.0001,2000000,p8901
a178,0.03162277660168379,9.999999999999999e-06,0.0001,2000000,p8902
a178,0.03162277660168379,9.999999999999999e-06,0.0001,2000000,p8903
a178,0.03162277660168379,9.999999999999999e-06,0.0001,2000000,p8904
a178,0.03162277660168379,9.999999999999999e-06,0.0001,2000000,p8905
a178,0.03162277660168379,9.999999999999999e-06,0.0001,2000000,p8906
a178,0.03162277660168379,9.999999999999999e-06,0.0001,2000000,p8907
a178,0.03162277660168379,9.999999999999999e-06,0.0001,2000000,p8908
a178,0.03162277660168379,9.999999999999999e-06,0.0001,2000000,p8909
a178,0.03162277660168379,9.999999999999999e-06,0.0001,2000000,p8910
a178,0.03162277660168379,9.999999999999999e-06,0.0001,2000000,p8911
a178,0.03162277660168379,9.999999999999999e-06,0.0001,2000000,p8912
a178,0.03162277660168379,9.999999999999999e-06,0.0001,2000000,p8913
a178,0.03162277660168379,9.999999999999999e-06,0.0001,2000000,p8914
a178,0.03162277660168379,9.999999999999999e-06,0.0001,2000000,p8915
a178,0.03162277660168379,9.999999999999999e-06,0.0001,2000000,p8916
a178,0.03162277660168379,9.999999999999999e-06,0.0001,2000000,p8917
a178,0.03162277660168379,9.999999999999999e-06,0.0001,2000000,p8918
a178,0.03162277660168379,9.999999999999999e-06,0.0001,2000000,p8919
a178,0.03162277660168379,9.999999999999999e-06,0.0001,2000000,p8920
a178,0.03162277660168379,9.999999999999999e-06,0.0001,2000000,p8921
a178,0.03162277660168379,9.999999999999999e-06,0.0001,2000000,p8922
a178,0.03162277660168379,9.999999999999999e-06,0.0001,2000000,p8923
a178,0.03162277660168379,9.999999999999999e-06,0.0001,2000000,p8924
a178,0.03162277660168379,9.999999999999999e-06,0.0001,2000000,p8925
a178,0.03162277660168379,9.999999999999999e-06,0.0001,2000000,p8926
a178,0.03162277660168379,9.999999999999999e-06,0.0001,2000000,p8927
a178,0.03162277660168379,9.999999999999999e-06,0.0001,2000000,p8928
a178,0.03162277660168379,9.999999999999999e-06,0.0001,2000000,p8929
a178,0.03162277660168379,9.999999999999999e-06,0.0001,2000000,p8930
a178,0.03162277660168379,9.999999999999999e-06,0.0001,2000000,p8931
a178,0.03162277660168379,9.999999999999999e-06,0.0001,2000000,p8932
a178,0.03162277660168379,9.999999999999999e-06,0.0001,2000000,p8933
a178,0.03162277660168379,9.999999999999999e-06,0.0001,2000000,p8934
a178,0.03162277660168379,9.999999999999999e-06,0.0001,2000000,p8935
a178,0.03162277660168379,9.999999999999999e-06,0.0001,2000000,p8936
a178,0.03162277660168379,9.999999999999999e-06,0.0001,2000000,p8937
a178,0.03162277660168379,9.999999999999999e-06,0.0001,2000000,p8938
a178,0.03162277660168379,9.999999999999999e-06,0.0001,2000000,p8939
a178,0.03162277660168379,9.999999999999999e-06,0.0001,2000000,p8940
a178,0.03162277660168379,9.999999999999999e-06,0.0001,2000000,p8941
a178,0.03162277660168379,9.999999999999999e-06,0.0001,2000000,p8942
a178,0.03162277660168379,9.999999999999999e-06,0.0001,2000000,p8943
a178,0.03162277660168379,9.999999999999999e-06,0.0001,2000000,p8944
a178,0.03162277660168379,9.999999999999999e-06,0.0001,2000000,p8945
a178,0.03162277660168379,9.999999999999999e-06,0.0001,2000000,p8946
a178,0.03162277660168379,9.999999999999999e-06,0.0001,2000000,p8947
a178,0.03162277660168379,9.999999999999999e-06,0.0001,2000000,p8948
a178,0.03162277660168379,9.999999999999999e-06,0.0001,2000000,p8949
a179,0.03162277660168379,9.999999999999999e-06,0.001,2000000,p8950
a179,0.03162277660168379,9.999999999999999e-06,0.001,2000000,p8951
a179,0.03162277660168379,9.999999999999999e-06,0.001,2000000,p8952
a179,0.03162277660168379,9.999999999999999e-06,0.001,2000000,p8953
a179,0.03162277660168379,9.999999999999999e-06,0.001,2000000,p8954
a179,0.03162277660168379,9.999999999999999e-06,0.001,2000000,p8955
a179,0.03162277660168379,9.999999999999999e-06,0.001,2000000,p8956
a179,0.03162277660168379,9.999999999999999e-06,0.001,2000000,p8957
a179,0.03162277660168379,9.999999999999999e-06,0.001,2000000,p8958
a179,0.03162277660168379,9.999999999999999e-06,0.001,2000000,p8959
a179,0.03162277660168379,9.999999999999999e-06,0.001,2000000,p8960
a179,0.03162277660168379,9.999999999999999e-06,0.001,2000000,p8961
a179,0.03162277660168379,9.999999999999999e-06,0.001,2000000,p8962
a179,0.03162277660168379,9.999999999999999e-06,0.001,2000000,p8963
a179,0.03162277660168379,9.999999999999999e-06,0.001,2000000,p8964
a179,0.03162277660168379,9.999999999999999e-06,0.001,2000000,p8965
a179,0.03162277660168379,9.999999999999999e-06,0.001,2000000,p8966
a179,0.03162277660168379,9.999999999999999e-06,0.001,2000000,p8967
a179,0.03162277660168379,9.999999999999999e-06,0.001,2000000,p8968
a179,0.03162277660168379,9.999999999999999e-06,0.001,2000000,p8969
a179,0.03162277660168379,9.999999999999999e-06,0.001,2000000,p8970
a179,0.03162277660168379,9.999999999999999e-06,0.001,2000000,p8971
a179,0.03162277660168379,9.999999999999999e-06,0.001,2000000,p8972
a179,0.03162277660168379,9.999999999999999e-06,0.001,2000000,p8973
a179,0.03162277660168379,9.999999999999999e-06,0.001,2000000,p8974
a179,0.03162277660168379,9.999999999999999e-06,0.001,2000000,p8975
a179,0.03162277660168379,9.999999999999999e-06,0.001,2000000,p8976
a179,0.03162277660168379,9.999999999999999e-06,0.001,2000000,p8977
a179,0.03162277660168379,9.999999999999999e-06,0.001,2000000,p8978
a179,0.03162277660168379,9.999999999999999e-06,0.001,2000000,p8979
a179,0.03162277660168379,9.999999999999999e-06,0.001,2000000,p8980
a179,0.03162277660168379,9.999999999999999e-06,0.001,2000000,p8981
a179,0.03162277660168379,9.999999999999999e-06,0.001,2000000,p8982
a179,0.03162277660168379,9.999999999999999e-06,0.001,2000000,p8983
a179,0.03162277660168379,9.999999999999999e-06,0.001,2000000,p8984
a179,0.03162277660168379,9.999999999999999e-06,0.001,2000000,p8985
a179,0.03162277660168379,9.999999999999999e-06,0.001,2000000,p8986
a179,0.03162277660168379,9.999999999999999e-06,0.001,2000000,p8987
a179,0.03162277660168379,9.999999999999999e-06,0.001,2000000,p8988
a179,0.03162277660168379,9.999999999999999e-06,0.001,2000000,p8989
a179,0.03162277660168379,9.999999999999999e-06,0.001,2000000,p8990
a179,0.03162277660168379,9.999999999999999e-06,0.001,2000000,p8991
a179,0.03162277660168379,9.999999999999999e-06,0.001,2000000,p8992
a179,0.03162277660168379,9.999999999999999e-06,0.001,2000000,p8993
a179,0.03162277660168379,9.999999999999999e-06,0.001,2000000,p8994
a179,0.03162277660168379,9.999999999999999e-06,0.001,2000000,p8995
a179,0.03162277660168379,9.999999999999999e-06,0.001,2000000,p8996
a179,0.03162277660168379,9.999999999999999e-06,0.001,2000000,p8997
a179,0.03162277660168379,9.999999999999999e-06,0.001,2000000,p8998
a179,0.03162277660168379,9.999999999999999e-06,0.001,2000000,p8999
a180,0.03162277660168379,9.999999999999999e-06,0.01,2000000,p9000
a180,0.03162277660168379,9.999999999999999e-06,0.01,2000000,p9001
a180,0.03162277660168379,9.999999999999999e-06,0.01,2000000,p9002
a180,0.03162277660168379,9.999999999999999e-06,0.01,2000000,p9003
a180,0.03162277660168379,9.999999999999999e-06,0.01,2000000,p9004
a180,0.03162277660168379,9.999999999999999e-06,0.01,2000000,p9005
a180,0.03162277660168379,9.999999999999999e-06,0.01,2000000,p9006
a180,0.03162277660168379,9.999999999999999e-06,0.01,2000000,p9007
a180,0.03162277660168379,9.999999999999999e-06,0.01,2000000,p9008
a180,0.03162277660168379,9.999999999999999e-06,0.01,2000000,p9009
a180,0.03162277660168379,9.999999999999999e-06,0.01,2000000,p9010
a180,0.03162277660168379,9.999999999999999e-06,0.01,2000000,p9011
a180,0.03162277660168379,9.999999999999999e-06,0.01,2000000,p9012
a180,0.03162277660168379,9.999999999999999e-06,0.01,2000000,p9013
a180,0.03162277660168379,9.999999999999999e-06,0.01,2000000,p9014
a180,0.03162277660168379,9.999999999999999e-06,0.01,2000000,p9015
a180,0.03162277660168379,9.999999999999999e-06,0.01,2000000,p9016
a180,0.03162277660168379,9.999999999999999e-06,0.01,2000000,p9017
a180,0.03162277660168379,9.999999999999999e-06,0.01,2000000,p9018
a180,0.03162277660168379,9.999999999999999e-06,0.01,2000000,p9019
a180,0.03162277660168379,9.999999999999999e-06,0.01,2000000,p9020
a180,0.03162277660168379,9.999999999999999e-06,0.01,2000000,p9021
a180,0.03162277660168379,9.999999999999999e-06,0.01,2000000,p9022
a180,0.03162277660168379,9.999999999999999e-06,0.01,2000000,p9023
a180,0.03162277660168379,9.999999999999999e-06,0.01,2000000,p9024
a180,0.03162277660168379,9.999999999999999e-06,0.01,2000000,p9025
a180,0.03162277660168379,9.999999999999999e-06,0.01,2000000,p9026
a180,0.03162277660168379,9.999999999999999e-06,0.01,2000000,p9027
a180,0.03162277660168379,9.999999999999999e-06,0.01,2000000,p9028
a180,0.03162277660168379,9.999999999999999e-06,0.01,2000000,p9029
a180,0.03162277660168379,9.999999999999999e-06,0.01,2000000,p9030
a180,0.03162277660168379,9.999999999999999e-06,0.01,2000000,p9031
a180,0.03162277660168379,9.999999999999999e-06,0.01,2000000,p9032
a180,0.03162277660168379,9.999999999999999e-06,0.01,2000000,p9033
a180,0.03162277660168379,9.999999999999999e-06,0.01,2000000,p9034
a180,0.03162277660168379,9.999999999999999e-06,0.01,2000000,p9035
a180,0.03162277660168379,9.999999999999999e-06,0.01,2000000,p9036
a180,0.03162277660168379,9.999999999999999e-06,0.01,2000000,p9037
a180,0.03162277660168379,9.999999999999999e-06,0.01,2000000,p9038
a180,0.03162277660168379,9.999999999999999e-06,0.01,2000000,p9039
a180,0.03162277660168379,9.999999999999999e-06,0.01,2000000,p9040
a180,0.03162277660168379,9.999999999999999e-06,0.01,2000000,p9041
a180,0.03162277660168379,9.999999999999999e-06,0.01,2000000,p9042
a180,0.03162277660168379,9.999999999999999e-06,0.01,2000000,p9043
a180,0.03162277660168379,9.999999999999999e-06,0.01,2000000,p9044
a180,0.03162277660168379,9.999999999999999e-06,0.01,2000000,p9045
a180,0.03162277660168379,9.999999999999999e-06,0.01,2000000,p9046
a180,0.03162277660168379,9.999999999999999e-06,0.01,2000000,p9047
a180,0.03162277660168379,9.999999999999999e-06,0.01,2000000,p9048
a180,0.03162277660168379,9.999999999999999e-06,0.01,2000000,p9049
a181,0.03162277660168379,9.999999999999999e-06,0.1,2000000,p9050
a181,0.03162277660168379,9.999999999999999e-06,0.1,2000000,p9051
a181,0.03162277660168379,9.999999999999999e-06,0.1,2000000,p9052
a181,0.03162277660168379,9.999999999999999e-06,0.1,2000000,p9053
a181,0.03162277660168379,9.999999999999999e-06,0.1,2000000,p9054
a181,0.03162277660168379,9.999999999999999e-06,0.1,2000000,p9055
a181,0.03162277660168379,9.999999999999999e-06,0.1,2000000,p9056
a181,0.03162277660168379,9.999999999999999e-06,0.1,2000000,p9057
a181,0.03162277660168379,9.999999999999999e-06,0.1,2000000,p9058
a181,0.03162277660168379,9.999999999999999e-06,0.1,2000000,p9059
a181,0.03162277660168379,9.999999999999999e-06,0.1,2000000,p9060
a181,0.03162277660168379,9.999999999999999e-06,0.1,2000000,p9061
a181,0.03162277660168379,9.999999999999999e-06,0.1,2000000,p9062
a181,0.03162277660168379,9.999999999999999e-06,0.1,2000000,p9063
a181,0.03162277660168379,9.999999999999999e-06,0.1,2000000,p9064
a181,0.03162277660168379,9.999999999999999e-06,0.1,2000000,p9065
a181,0.03162277660168379,9.999999999999999e-06,0.1,2000000,p9066
a181,0.03162277660168379,9.999999999999999e-06,0.1,2000000,p9067
a181,0.03162277660168379,9.999999999999999e-06,0.1,2000000,p9068
a181,0.03162277660168379,9.999999999999999e-06,0.1,2000000,p9069
a181,0.03162277660168379,9.999999999999999e-06,0.1,2000000,p9070
a181,0.03162277660168379,9.999999999999999e-06,0.1,2000000,p9071
a181,0.03162277660168379,9.999999999999999e-06,0.1,2000000,p9072
a181,0.03162277660168379,9.999999999999999e-06,0.1,2000000,p9073
a181,0.03162277660168379,9.999999999999999e-06,0.1,2000000,p9074
a181,0.03162277660168379,9.999999999999999e-06,0.1,2000000,p9075
a181,0.03162277660168379,9.999999999999999e-06,0.1,2000000,p9076
a181,0.03162277660168379,9.999999999999999e-06,0.1,2000000,p9077
a181,0.03162277660168379,9.999999999999999e-06,0.1,2000000,p9078
a181,0.03162277660168379,9.999999999999999e-06,0.1,2000000,p9079
a181,0.03162277660168379,9.999999999999999e-06,0.1,2000000,p9080
a181,0.03162277660168379,9.999999999999999e-06,0.1,2000000,p9081
a181,0.03162277660168379,9.999999999999999e-06,0.1,2000000,p9082
a181,0.03162277660168379,9.999999999999999e-06,0.1,2000000,p9083
a181,0.03162277660168379,9.999999999999999e-06,0.1,2000000,p9084
a181,0.03162277660168379,9.999999999999999e-06,0.1,2000000,p9085
a181,0.03162277660168379,9.999999999999999e-06,0.1,2000000,p9086
a181,0.03162277660168379,9.999999999999999e-06,0.1,2000000,p9087
a181,0.03162277660168379,9.999999999999999e-06,0.1,2000000,p9088
a181,0.03162277660168379,9.999999999999999e-06,0.1,2000000,p9089
a181,0.03162277660168379,9.999999999999999e-06,0.1,2000000,p9090
a181,0.03162277660168379,9.999999999999999e-06,0.1,2000000,p9091
a181,0.03162277660168379,9.999999999999999e-06,0.1,2000000,p9092
a181,0.03162277660168379,9.999999999999999e-06,0.1,2000000,p9093
a181,0.03162277660168379,9.999999999999999e-06,0.1,2000000,p9094
a181,0.03162277660168379,9.999999999999999e-06,0.1,2000000,p9095
a181,0.03162277660168379,9.999999999999999e-06,0.1,2000000,p9096
a181,0.03162277660168379,9.999999999999999e-06,0.1,2000000,p9097
a181,0.03162277660168379,9.999999999999999e-06,0.1,2000000,p9098
a181,0.03162277660168379,9.999999999999999e-06,0.1,2000000,p9099
a182,0.03162277660168379,3.1622776601683795e-05,1e-07,632455,p9100
a182,0.03162277660168379,3.1622776601683795e-05,1e-07,632455,p9101
a182,0.03162277660168379,3.1622776601683795e-05,1e-07,632455,p9102
a182,0.03162277660168379,3.1622776601683795e-05,1e-07,632455,p9103
a182,0.03162277660168379,3.1622776601683795e-05,1e-07,632455,p9104
a182,0.03162277660168379,3.1622776601683795e-05,1e-07,632455,p9105
a182,0.03162277660168379,3.1622776601683795e-05,1e-07,632455,p9106
a182,0.03162277660168379,3.1622776601683795e-05,1e-07,632455,p9107
a182,0.03162277660168379,3.1622776601683795e-05,1e-07,632455,p9108
a182,0.03162277660168379,3.1622776601683795e-05,1e-07,632455,p9109
a182,0.03162277660168379,3.1622776601683795e-05,1e-07,632455,p9110
a182,0.03162277660168379,3.1622776601683795e-05,1e-07,632455,p9111
a182,0.03162277660168379,3.1622776601683795e-05,1e-07,632455,p9112
a182,0.03162277660168379,3.1622776601683795e-05,1e-07,632455,p9113
a182,0.03162277660168379,3.1622776601683795e-05,1e-07,632455,p9114
a182,0.03162277660168379,3.1622776601683795e-05,1e-07,632455,p9115
a182,0.03162277660168379,3.1622776601683795e-05,1e-07,632455,p9116
a182,0.03162277660168379,3.1622776601683795e-05,1e-07,632455,p9117
a182,0.03162277660168379,3.1622776601683795e-05,1e-07,632455,p9118
a182,0.03162277660168379,3.1622776601683795e-05,1e-07,632455,p9119
a182,0.03162277660168379,3.1622776601683795e-05,1e-07,632455,p9120
a182,0.03162277660168379,3.1622776601683795e-05,1e-07,632455,p9121
a182,0.03162277660168379,3.1622776601683795e-05,1e-07,632455,p9122
a182,0.03162277660168379,3.1622776601683795e-05,1e-07,632455,p9123
a182,0.03162277660168379,3.1622776601683795e-05,1e-07,632455,p9124
a182,0.03162277660168379,3.1622776601683795e-05,1e-07,632455,p9125
a182,0.03162277660168379,3.1622776601683795e-05,1e-07,632455,p9126
a182,0.03162277660168379,3.1622776601683795e-05,1e-07,632455,p9127
a182,0.03162277660168379,3.1622776601683795e-05,1e-07,632455,p9128
a182,0.03162277660168379,3.1622776601683795e-05,1e-07,632455,p9129
a182,0.03162277660168379,3.1622776601683795e-05,1e-07,632455,p9130
a182,0.03162277660168379,3.1622776601683795e-05,1e-07,632455,p9131
a182,0.03162277660168379,3.1622776601683795e-05,1e-07,632455,p9132
a182,0.03162277660168379,3.1622776601683795e-05,1e-07,632455,p9133
a182,0.03162277660168379,3.1622776601683795e-05,1e-07,632455,p9134
a182,0.03162277660168379,3.1622776601683795e-05,1e-07,632455,p9135
a182,0.03162277660168379,3.1622776601683795e-05,1e-07,632455,p9136
a182,0.03162277660168379,3.1622776601683795e-05,1e-07,632455,p9137
a182,0.03162277660168379,3.1622776601683795e-05,1e-07,632455,p9138
a182,0.03162277660168379,3.1622776601683795e-05,1e-07,632455,p9139
a182,0.03162277660168379,3.1622776601683795e-05,1e-07,632455,p9140
a182,0.03162277660168379,3.1622776601683795e-05,1e-07,632455,p9141
a182,0.03162277660168379,3.1622776601683795e-05,1e-07,632455,p9142
a182,0.03162277660168379,3.1622776601683795e-05,1e-07,632455,p9143
a182,0.03162277660168379,3.1622776601683795e-05,1e-07,632455,p9144
a182,0.03162277660168379,3.1622776601683795e-05,1e-07,632455,p9145
a182,0.03162277660168379,3.1622776601683795e-05,1e-07,632455,p9146
a182,0.03162277660168379,3.1622776601683795e-05,1e-07,632455,p9147
a182,0.03162277660168379,3.1622776601683795e-05,1e-07,632455,p9148
a182,0.03162277660168379,3.1622776601683795e-05,1e-07,632455,p9149
a183,0.03162277660168379,3.1622776601683795e-05,1e-06,632455,p9150
a183,0.03162277660168379,3.1622776601683795e-05,1e-06,632455,p9151
a183,0.03162277660168379,3.1622776601683795e-05,1e-06,632455,p9152
a183,0.03162277660168379,3.1622776601683795e-05,1e-06,632455,p9153
a183,0.03162277660168379,3.1622776601683795e-05,1e-06,632455,p9154
a183,0.03162277660168379,3.1622776601683795e-05,1e-06,632455,p9155
a183,0.03162277660168379,3.1622776601683795e-05,1e-06,632455,p9156
a183,0.03162277660168379,3.1622776601683795e-05,1e-06,632455,p9157
a183,0.03162277660168379,3.1622776601683795e-05,1e-06,632455,p9158
a183,0.03162277660168379,3.1622776601683795e-05,1e-06,632455,p9159
a183,0.03162277660168379,3.1622776601683795e-05,1e-06,632455,p9160
a183,0.03162277660168379,3.1622776601683795e-05,1e-06,632455,p9161
a183,0.03162277660168379,3.1622776601683795e-05,1e-06,632455,p9162
a183,0.03162277660168379,3.1622776601683795e-05,1e-06,632455,p9163
a183,0.03162277660168379,3.1622776601683795e-05,1e-06,632455,p9164
a183,0.03162277660168379,3.1622776601683795e-05,1e-06,632455,p9165
a183,0.03162277660168379,3.1622776601683795e-05,1e-06,632455,p9166
a183,0.03162277660168379,3.1622776601683795e-05,1e-06,632455,p9167
a183,0.03162277660168379,3.1622776601683795e-05,1e-06,632455,p9168
a183,0.03162277660168379,3.1622776601683795e-05,1e-06,632455,p9169
a183,0.03162277660168379,3.1622776601683795e-05,1e-06,632455,p9170
a183,0.03162277660168379,3.1622776601683795e-05,1e-06,632455,p9171
a183,0.03162277660168379,3.1622776601683795e-05,1e-06,632455,p9172
a183,0.03162277660168379,3.1622776601683795e-05,1e-06,632455,p9173
a183,0.03162277660168379,3.1622776601683795e-05,1e-06,632455,p9174
a183,0.03162277660168379,3.1622776601683795e-05,1e-06,632455,p9175
a183,0.03162277660168379,3.1622776601683795e-05,1e-06,632455,p9176
a183,0.03162277660168379,3.1622776601683795e-05,1e-06,632455,p9177
a183,0.03162277660168379,3.1622776601683795e-05,1e-06,632455,p9178
a183,0.03162277660168379,3.1622776601683795e-05,1e-06,632455,p9179
a183,0.03162277660168379,3.1622776601683795e-05,1e-06,632455,p9180
a183,0.03162277660168379,3.1622776601683795e-05,1e-06,632455,p9181
a183,0.03162277660168379,3.1622776601683795e-05,1e-06,632455,p9182
a183,0.03162277660168379,3.1622776601683795e-05,1e-06,632455,p9183
a183,0.03162277660168379,3.1622776601683795e-05,1e-06,632455,p9184
a183,0.03162277660168379,3.1622776601683795e-05,1e-06,632455,p9185
a183,0.03162277660168379,3.1622776601683795e-05,1e-06,632455,p9186
a183,0.03162277660168379,3.1622776601683795e-05,1e-06,632455,p9187
a183,0.03162277660168379,3.1622776601683795e-05,1e-06,632455,p9188
a183,0.03162277660168379,3.1622776601683795e-05,1e-06,632455,p9189
a183,0.03162277660168379,3.1622776601683795e-05,1e-06,632455,p9190
a183,0.03162277660168379,3.1622776601683795e-05,1e-06,632455,p9191
a183,0.03162277660168379,3.1622776601683795e-05,1e-06,632455,p9192
a183,0.03162277660168379,3.1622776601683795e-05,1e-06,632455,p9193
a183,0.03162277660168379,3.1622776601683795e-05,1e-06,632455,p9194
a183,0.03162277660168379,3.1622776601683795e-05,1e-06,632455,p9195
a183,0.03162277660168379,3.1622776601683795e-05,1e-06,632455,p9196
a183,0.03162277660168379,3.1622776601683795e-05,1e-06,632455,p9197
a183,0.03162277660168379,3.1622776601683795e-05,1e-06,632455,p9198
a183,0.03162277660168379,3.1622776601683795e-05,1e-06,632455,p9199
a184,0.03162277660168379,3.1622776601683795e-05,9.999999999999999e-06,632455,p9200
a184,0.03162277660168379,3.1622776601683795e-05,9.999999999999999e-06,632455,p9201
a184,0.03162277660168379,3.1622776601683795e-05,9.999999999999999e-06,632455,p9202
a184,0.03162277660168379,3.1622776601683795e-05,9.999999999999999e-06,632455,p9203
a184,0.03162277660168379,3.1622776601683795e-05,9.999999999999999e-06,632455,p9204
a184,0.03162277660168379,3.1622776601683795e-05,9.999999999999999e-06,632455,p9205
a184,0.03162277660168379,3.1622776601683795e-05,9.999999999999999e-06,632455,p9206
a184,0.03162277660168379,3.1622776601683795e-05,9.999999999999999e-06,632455,p9207
a184,0.03162277660168379,3.1622776601683795e-05,9.999999999999999e-06,632455,p9208
a184,0.03162277660168379,3.1622776601683795e-05,9.999999999999999e-06,632455,p9209
a184,0.03162277660168379,3.1622776601683795e-05,9.999999999999999e-06,632455,p9210
a184,0.03162277660168379,3.1622776601683795e-05,9.999999999999999e-06,632455,p9211
a184,0.03162277660168379,3.1622776601683795e-05,9.999999999999999e-06,632455,p9212
a184,0.03162277660168379,3.1622776601683795e-05,9.999999999999999e-06,632455,p9213
a184,0.03162277660168379,3.1622776601683795e-05,9.999999999999999e-06,632455,p9214
a184,0.03162277660168379,3.1622776601683795e-05,9.999999999999999e-06,632455,p9215
a184,0.03162277660168379,3.1622776601683795e-05,9.999999999999999e-06,632455,p9216
a184,0.03162277660168379,3.1622776601683795e-05,9.999999999999999e-06,632455,p9217
a184,0.03162277660168379,3.1622776601683795e-05,9.999999999999999e-06,632455,p9218
a184,0.03162277660168379,3.1622776601683795e-05,9.999999999999999e-06,632455,p9219
a184,0.03162277660168379,3.1622776601683795e-05,9.999999999999999e-06,632455,p9220
a184,0.03162277660168379,3.1622776601683795e-05,9.999999999999999e-06,632455,p9221
a184,0.03162277660168379,3.1622776601683795e-05,9.999999999999999e-06,632455,p9222
a184,0.03162277660168379,3.1622776601683795e-05,9.999999999999999e-06,632455,p9223
a184,0.03162277660168379,3.1622776601683795e-05,9.999999999999999e-06,632455,p9224
a184,0.03162277660168379,3.1622776601683795e-05,9.999999999999999e-06,632455,p9225
a184,0.03162277660168379,3.1622776601683795e-05,9.999999999999999e-06,632455,p9226
a184,0.03162277660168379,3.1622776601683795e-05,9.999999999999999e-06,632455,p9227
a184,0.03162277660168379,3.1622776601683795e-05,9.999999999999999e-06,632455,p9228
a184,0.03162277660168379,3.1622776601683795e-05,9.999999999999999e-06,632455,p9229
a184,0.03162277660168379,3.1622776601683795e-05,9.999999999999999e-06,632455,p9230
a184,0.03162277660168379,3.1622776601683795e-05,9.999999999999999e-06,632455,p9231
a184,0.03162277660168379,3.1622776601683795e-05,9.999999999999999e-06,632455,p9232
a184,0.03162277660168379,3.1622776601683795e-05,9.999999999999999e-06,632455,p9233
a184,0.03162277660168379,3.1622776601683795e-05,9.999999999999999e-06,632455,p9234
a184,0.03162277660168379,3.1622776601683795e-05,9.999999999999999e-06,632455,p9235
a184,0.03162277660168379,3.1622776601683795e-05,9.999999999999999e-06,632455,p9236
a184,0.03162277660168379,3.1622776601683795e-05,9.999999999999999e-06,632455,p9237
a184,0.03162277660168379,3.1622776601683795e-05,9.999999999999999e-06,632455,p9238
a184,0.03162277660168379,3.1622776601683795e-05,9.999999999999999e-06,632455,p9239
a184,0.03162277660168379,3.1622776601683795e-05,9.999999999999999e-06,632455,p9240
a184,0.03162277660168379,3.1622776601683795e-05,9.999999999999999e-06,632455,p9241
a184,0.03162277660168379,3.1622776601683795e-05,9.999999999999999e-06,632455,p9242
a184,0.03162277660168379,3.1622776601683795e-05,9.999999999999999e-06,632455,p9243
a184,0.03162277660168379,3.1622776601683795e-05,9.999999999999999e-06,632455,p9244
a184,0.03162277660168379,3.1622776601683795e-05,9.999999999999999e-06,632455,p9245
a184,0.03162277660168379,3.1622776601683795e-05,9.999999999999999e-06,632455,p9246
a184,0.03162277660168379,3.1622776601683795e-05,9.999999999999999e-06,632455,p9247
a184,0.03162277660168379,3.1622776601683795e-05,9.999999999999999e-06,632455,p9248
a184,0.03162277660168379,3.1622776601683795e-05,9.999999999999999e-06,632455,p9249
a185,0.03162277660168379,3.1622776601683795e-05,0.0001,632455,p9250
a185,0.03162277660168379,3.1622776601683795e-05,0.0001,632455,p9251
a185,0.03162277660168379,3.1622776601683795e-05,0.0001,632455,p9252
a185,0.03162277660168379,3.1622776601683795e-05,0.0001,632455,p9253
a185,0.03162277660168379,3.1622776601683795e-05,0.0001,632455,p9254
a185,0.03162277660168379,3.1622776601683795e-05,0.0001,632455,p9255
a185,0.03162277660168379,3.1622776601683795e-05,0.0001,632455,p9256
a185,0.03162277660168379,3.1622776601683795e-05,0.0001,632455,p9257
a185,0.03162277660168379,3.1622776601683795e-05,0.0001,632455,p9258
a185,0.03162277660168379,3.1622776601683795e-05,0.0001,632455,p9259
a185,0.03162277660168379,3.1622776601683795e-05,0.0001,632455,p9260
a185,0.03162277660168379,3.1622776601683795e-05,0.0001,632455,p9261
a185,0.03162277660168379,3.1622776601683795e-05,0.0001,632455,p9262
a185,0.03162277660168379,3.1622776601683795e-05,0.0001,632455,p9263
a185,0.03162277660168379,3.1622776601683795e-05,0.0001,632455,p9264
a185,0.03162277660168379,3.1622776601683795e-05,0.0001,632455,p9265
a185,0.03162277660168379,3.1622776601683795e-05,0.0001,632455,p9266
a185,0.03162277660168379,3.1622776601683795e-05,0.0001,632455,p9267
a185,0.03162277660168379,3.1622776601683795e-05,0.0001,632455,p9268
a185,0.03162277660168379,3.1622776601683795e-05,0.0001,632455,p9269
a185,0.03162277660168379,3.1622776601683795e-05,0.0001,632455,p9270
a185,0.03162277660168379,3.1622776601683795e-05,0.0001,632455,p9271
a185,0.03162277660168379,3.1622776601683795e-05,0.0001,632455,p9272
a185,0.03162277660168379,3.1622776601683795e-05,0.0001,632455,p9273
a185,0.03162277660168379,3.1622776601683795e-05,0.0001,632455,p9274
a185,0.03162277660168379,3.1622776601683795e-05,0.0001,632455,p9275
a185,0.03162277660168379,3.1622776601683795e-05,0.0001,632455,p9276
a185,0.03162277660168379,3.1622776601683795e-05,0.0001,632455,p9277
a185,0.03162277660168379,3.1622776601683795e-05,0.0001,632455,p9278
a185,0.03162277660168379,3.1622776601683795e-05,0.0001,632455,p9279
a185,0.03162277660168379,3.1622776601683795e-05,0.0001,632455,p9280
a185,0.03162277660168379,3.1622776601683795e-05,0.0001,632455,p9281
a185,0.03162277660168379,3.1622776601683795e-05,0.0001,632455,p9282
a185,0.03162277660168379,3.1622776601683795e-05,0.0001,632455,p9283
a185,0.03162277660168379,3.1622776601683795e-05,0.0001,632455,p9284
a185,0.03162277660168379,3.1622776601683795e-05,0.0001,632455,p9285
a185,0.03162277660168379,3.1622776601683795e-05,0.0001,632455,p9286
a185,0.03162277660168379,3.1622776601683795e-05,0.0001,632455,p9287
a185,0.03162277660168379,3.1622776601683795e-05,0.0001,632455,p9288
a185,0.03162277660168379,3.1622776601683795e-05,0.0001,632455,p9289
a185,0.03162277660168379,3.1622776601683795e-05,0.0001,632455,p9290
a185,0.03162277660168379,3.1622776601683795e-05,0.0001,632455,p9291
a185,0.03162277660168379,3.1622776601683795e-05,0.0001,632455,p9292
a185,0.03162277660168379,3.1622776601683795e-05,0.0001,632455,p9293
a185,0.03162277660168379,3.1622776601683795e-05,0.0001,632455,p9294
a185,0.03162277660168379,3.1622776601683795e-05,0.0001,632455,p9295
a185,0.03162277660168379,3.1622776601683795e-05,0.0001,632455,p9296
a185,0.03162277660168379,3.1622776601683795e-05,0.0001,632455,p9297
a185,0.03162277660168379,3.1622776601683795e-05,0.0001,632455,p9298
a185,0.03162277660168379,3.1622776601683795e-05,0.0001,632455,p9299
a186,0.03162277660168379,3.1622776601683795e-05,0.001,632455,p9300
a186,0.03162277660168379,3.1622776601683795e-05,0.001,632455,p9301
a186,0.03162277660168379,3.1622776601683795e-05,0.001,632455,p9302
a186,0.03162277660168379,3.1622776601683795e-05,0.001,632455,p9303
a186,0.03162277660168379,3.1622776601683795e-05,0.001,632455,p9304
a186,0.03162277660168379,3.1622776601683795e-05,0.001,632455,p9305
a186,0.03162277660168379,3.1622776601683795e-05,0.001,632455,p9306
a186,0.03162277660168379,3.1622776601683795e-05,0.001,632455,p9307
a186,0.03162277660168379,3.1622776601683795e-05,0.001,632455,p9308
a186,0.03162277660168379,3.1622776601683795e-05,0.001,632455,p9309
a186,0.03162277660168379,3.1622776601683795e-05,0.001,632455,p9310
a186,0.03162277660168379,3.1622776601683795e-05,0.001,632455,p9311
a186,0.03162277660168379,3.1622776601683795e-05,0.001,632455,p9312
a186,0.03162277660168379,3.1622776601683795e-05,0.001,632455,p9313
a186,0.03162277660168379,3.1622776601683795e-05,0.001,632455,p9314
a186,0.03162277660168379,3.1622776601683795e-05,0.001,632455,p9315
a186,0.03162277660168379,3.1622776601683795e-05,0.001,632455,p9316
a186,0.03162277660168379,3.1622776601683795e-05,0.001,632455,p9317
a186,0.03162277660168379,3.1622776601683795e-05,0.001,632455,p9318
a186,0.03162277660168379,3.1622776601683795e-05,0.001,632455,p9319
a186,0.03162277660168379,3.1622776601683795e-05,0.001,632455,p9320
a186,0.03162277660168379,3.1622776601683795e-05,0.001,632455,p9321
a186,0.03162277660168379,3.1622776601683795e-05,0.001,632455,p9322
a186,0.03162277660168379,3.1622776601683795e-05,0.001,632455,p9323
a186,0.03162277660168379,3.1622776601683795e-05,0.001,632455,p9324
a186,0.03162277660168379,3.1622776601683795e-05,0.001,632455,p9325
a186,0.03162277660168379,3.1622776601683795e-05,0.001,632455,p9326
a186,0.03162277660168379,3.1622776601683795e-05,0.001,632455,p9327
a186,0.03162277660168379,3.1622776601683795e-05,0.001,632455,p9328
a186,0.03162277660168379,3.1622776601683795e-05,0.001,632455,p9329
a186,0.03162277660168379,3.1622776601683795e-05,0.001,632455,p9330
a186,0.03162277660168379,3.1622776601683795e-05,0.001,632455,p9331
a186,0.03162277660168379,3.1622776601683795e-05,0.001,632455,p9332
a186,0.03162277660168379,3.1622776601683795e-05,0.001,632455,p9333
a186,0.03162277660168379,3.1622776601683795e-05,0.001,632455,p9334
a186,0.03162277660168379,3.1622776601683795e-05,0.001,632455,p9335
a186,0.03162277660168379,3.1622776601683795e-05,0.001,632455,p9336
a186,0.03162277660168379,3.1622776601683795e-05,0.001,632455,p9337
a186,0.03162277660168379,3.1622776601683795e-05,0.001,632455,p9338
a186,0.03162277660168379,3.1622776601683795e-05,0.001,632455,p9339
a186,0.03162277660168379,3.1622776601683795e-05,0.001,632455,p9340
a186,0.03162277660168379,3.1622776601683795e-05,0.001,632455,p9341
a186,0.03162277660168379,3.1622776601683795e-05,0.001,632455,p9342
a186,0.03162277660168379,3.1622776601683795e-05,0.001,632455,p9343
a186,0.03162277660168379,3.1622776601683795e-05,0.001,632455,p9344
a186,0.03162277660168379,3.1622776601683795e-05,0.001,632455,p9345
a186,0.03162277660168379,3.1622776601683795e-05,0.001,632455,p9346
a186,0.03162277660168379,3.1622776601683795e-05,0.001,632455,p9347
a186,0.03162277660168379,3.1622776601683795e-05,0.001,632455,p9348
a186,0.03162277660168379,3.1622776601683795e-05,0.001,632455,p9349
a187,0.03162277660168379,3.1622776601683795e-05,0.01,632455,p9350
a187,0.03162277660168379,3.1622776601683795e-05,0.01,632455,p9351
a187,0.03162277660168379,3.1622776601683795e-05,0.01,632455,p9352
a187,0.03162277660168379,3.1622776601683795e-05,0.01,632455,p9353
a187,0.03162277660168379,3.1622776601683795e-05,0.01,632455,p9354
a187,0.03162277660168379,3.1622776601683795e-05,0.01,632455,p9355
a187,0.03162277660168379,3.1622776601683795e-05,0.01,632455,p9356
a187,0.03162277660168379,3.1622776601683795e-05,0.01,632455,p9357
a187,0.03162277660168379,3.1622776601683795e-05,0.01,632455,p9358
a187,0.03162277660168379,3.1622776601683795e-05,0.01,632455,p9359
a187,0.03162277660168379,3.1622776601683795e-05,0.01,632455,p9360
a187,0.03162277660168379,3.1622776601683795e-05,0.01,632455,p9361
a187,0.03162277660168379,3.1622776601683795e-05,0.01,632455,p9362
a187,0.03162277660168379,3.1622776601683795e-05,0.01,632455,p9363
a187,0.03162277660168379,3.1622776601683795e-05,0.01,632455,p9364
a187,0.03162277660168379,3.1622776601683795e-05,0.01,632455,p9365
a187,0.03162277660168379,3.1622776601683795e-05,0.01,632455,p9366
a187,0.03162277660168379,3.1622776601683795e-05,0.01,632455,p9367
a187,0.03162277660168379,3.1622776601683795e-05,0.01,632455,p9368
a187,0.03162277660168379,3.1622776601683795e-05,0.01,632455,p9369
a187,0.03162277660168379,3.1622776601683795e-05,0.01,632455,p9370
a187,0.03162277660168379,3.1622776601683795e-05,0.01,632455,p9371
a187,0.03162277660168379,3.1622776601683795e-05,0.01,632455,p9372
a187,0.03162277660168379,3.1622776601683795e-05,0.01,632455,p9373
a187,0.03162277660168379,3.1622776601683795e-05,0.01,632455,p9374
a187,0.03162277660168379,3.1622776601683795e-05,0.01,632455,p9375
a187,0.03162277660168379,3.1622776601683795e-05,0.01,632455,p9376
a187,0.03162277660168379,3.1622776601683795e-05,0.01,632455,p9377
a187,0.03162277660168379,3.1622776601683795e-05,0.01,632455,p9378
a187,0.03162277660168379,3.1622776601683795e-05,0.01,632455,p9379
a187,0.03162277660168379,3.1622776601683795e-05,0.01,632455,p9380
a187,0.03162277660168379,3.1622776601683795e-05,0.01,632455,p9381
a187,0.03162277660168379,3.1622776601683795e-05,0.01,632455,p9382
a187,0.03162277660168379,3.1622776601683795e-05,0.01,632455,p9383
a187,0.03162277660168379,3.1622776601683795e-05,0.01,632455,p9384
a187,0.03162277660168379,3.1622776601683795e-05,0.01,632455,p9385
a187,0.03162277660168379,3.1622776601683795e-05,0.01,632455,p9386
a187,0.03162277660168379,3.1622776601683795e-05,0.01,632455,p9387
a187,0.03162277660168379,3.1622776601683795e-05,0.01,632455,p9388
a187,0.03162277660168379,3.1622776601683795e-05,0.01,632455,p9389
a187,0.03162277660168379,3.1622776601683795e-05,0.01,632455,p9390
a187,0.03162277660168379,3.1622776601683795e-05,0.01,632455,p9391
a187,0.03162277660168379,3.1622776601683795e-05,0.01,632455,p9392
a187,0.03162277660168379,3.1622776601683795e-05,0.01,632455,p9393
a187,0.03162277660168379,3.1622776601683795e-05,0.01,632455,p9394
a187,0.03162277660168379,3.1622776601683795e-05,0.01,632455,p9395
a187,0.03162277660168379,3.1622776601683795e-05,0.01,632455,p9396
a187,0.03162277660168379,3.1622776601683795e-05,0.01,632455,p9397
a187,0.03162277660168379,3.1622776601683795e-05,0.01,632455,p9398
a187,0.03162277660168379,3.1622776601683795e-05,0.01,632455,p9399
a188,0.03162277660168379,3.1622776601683795e-05,0.1,632455,p9400
a188,0.03162277660168379,3.1622776601683795e-05,0.1,632455,p9401
a188,0.03162277660168379,3.1622776601683795e-05,0.1,632455,p9402
a188,0.03162277660168379,3.1622776601683795e-05,0.1,632455,p9403
a188,0.03162277660168379,3.1622776601683795e-05,0.1,632455,p9404
a188,0.03162277660168379,3.1622776601683795e-05,0.1,632455,p9405
a188,0.03162277660168379,3.1622776601683795e-05,0.1,632455,p9406
a188,0.03162277660168379,3.1622776601683795e-05,0.1,632455,p9407
a188,0.03162277660168379,3.1622776601683795e-05,0.1,632455,p9408
a188,0.03162277660168379,3.1622776601683795e-05,0.1,632455,p9409
a188,0.03162277660168379,3.1622776601683795e-05,0.1,632455,p9410
a188,0.03162277660168379,3.1622776601683795e-05,0.1,632455,p9411
a188,0.03162277660168379,3.1622776601683795e-05,0.1,632455,p9412
a188,0.03162277660168379,3.1622776601683795e-05,0.1,632455,p9413
a188,0.03162277660168379,3.1622776601683795e-05,0.1,632455,p9414
a188,0.03162277660168379,3.1622776601683795e-05,0.1,632455,p9415
a188,0.03162277660168379,3.1622776601683795e-05,0.1,632455,p9416
a188,0.03162277660168379,3.1622776601683795e-05,0.1,632455,p9417
a188,0.03162277660168379,3.1622776601683795e-05,0.1,632455,p9418
a188,0.03162277660168379,3.1622776601683795e-05,0.1,632455,p9419
a188,0.03162277660168379,3.1622776601683795e-05,0.1,632455,p9420
a188,0.03162277660168379,3.1622776601683795e-05,0.1,632455,p9421
a188,0.03162277660168379,3.1622776601683795e-05,0.1,632455,p9422
a188,0.03162277660168379,3.1622776601683795e-05,0.1,632455,p9423
a188,0.03162277660168379,3.1622776601683795e-05,0.1,632455,p9424
a188,0.03162277660168379,3.1622776601683795e-05,0.1,632455,p9425
a188,0.03162277660168379,3.1622776601683795e-05,0.1,632455,p9426
a188,0.03162277660168379,3.1622776601683795e-05,0.1,632455,p9427
a188,0.03162277660168379,3.1622776601683795e-05,0.1,632455,p9428
a188,0.03162277660168379,3.1622776601683795e-05,0.1,632455,p9429
a188,0.03162277660168379,3.1622776601683795e-05,0.1,632455,p9430
a188,0.03162277660168379,3.1622776601683795e-05,0.1,632455,p9431
a188,0.03162277660168379,3.1622776601683795e-05,0.1,632455,p9432
a188,0.03162277660168379,3.1622776601683795e-05,0.1,632455,p9433
a188,0.03162277660168379,3.1622776601683795e-05,0.1,632455,p9434
a188,0.03162277660168379,3.1622776601683795e-05,0.1,632455,p9435
a188,0.03162277660168379,3.1622776601683795e-05,0.1,632455,p9436
a188,0.03162277660168379,3.1622776601683795e-05,0.1,632455,p9437
a188,0.03162277660168379,3.1622776601683795e-05,0.1,632455,p9438
a188,0.03162277660168379,3.1622776601683795e-05,0.1,632455,p9439
a188,0.03162277660168379,3.1622776601683795e-05,0.1,632455,p9440
a188,0.03162277660168379,3.1622776601683795e-05,0.1,632455,p9441
a188,0.03162277660168379,3.1622776601683795e-05,0.1,632455,p9442
a188,0.03162277660168379,3.1622776601683795e-05,0.1,632455,p9443
a188,0.03162277660168379,3.1622776601683795e-05,0.1,632455,p9444
a188,0.03162277660168379,3.1622776601683795e-05,0.1,632455,p9445
a188,0.03162277660168379,3.1622776601683795e-05,0.1,632455,p9446
a188,0.03162277660168379,3.1622776601683795e-05,0.1,632455,p9447
a188,0.03162277660168379,3.1622776601683795e-05,0.1,632455,p9448
a188,0.03162277660168379,3.1622776601683795e-05,0.1,632455,p9449
a189,0.03162277660168379,0.0001,1e-07,200000,p9450
a189,0.03162277660168379,0.0001,1e-07,200000,p9451
a189,0.03162277660168379,0.0001,1e-07,200000,p9452
a189,0.03162277660168379,0.0001,1e-07,200000,p9453
a189,0.03162277660168379,0.0001,1e-07,200000,p9454
a189,0.03162277660168379,0.0001,1e-07,200000,p9455
a189,0.03162277660168379,0.0001,1e-07,200000,p9456
a189,0.03162277660168379,0.0001,1e-07,200000,p9457
a189,0.03162277660168379,0.0001,1e-07,200000,p9458
a189,0.03162277660168379,0.0001,1e-07,200000,p9459
a189,0.03162277660168379,0.0001,1e-07,200000,p9460
a189,0.03162277660168379,0.0001,1e-07,200000,p9461
a189,0.03162277660168379,0.0001,1e-07,200000,p9462
a189,0.03162277660168379,0.0001,1e-07,200000,p9463
a189,0.03162277660168379,0.0001,1e-07,200000,p9464
a189,0.03162277660168379,0.0001,1e-07,200000,p9465
a189,0.03162277660168379,0.0001,1e-07,200000,p9466
a189,0.03162277660168379,0.0001,1e-07,200000,p9467
a189,0.03162277660168379,0.0001,1e-07,200000,p9468
a189,0.03162277660168379,0.0001,1e-07,200000,p9469
a189,0.03162277660168379,0.0001,1e-07,200000,p9470
a189,0.03162277660168379,0.0001,1e-07,200000,p9471
a189,0.03162277660168379,0.0001,1e-07,200000,p9472
a189,0.03162277660168379,0.0001,1e-07,200000,p9473
a189,0.03162277660168379,0.0001,1e-07,200000,p9474
a189,0.03162277660168379,0.0001,1e-07,200000,p9475
a189,0.03162277660168379,0.0001,1e-07,200000,p9476
a189,0.03162277660168379,0.0001,1e-07,200000,p9477
a189,0.03162277660168379,0.0001,1e-07,200000,p9478
a189,0.03162277660168379,0.0001,1e-07,200000,p9479
a189,0.03162277660168379,0.0001,1e-07,200000,p9480
a189,0.03162277660168379,0.0001,1e-07,200000,p9481
a189,0.03162277660168379,0.0001,1e-07,200000,p9482
a189,0.03162277660168379,0.0001,1e-07,200000,p9483
a189,0.03162277660168379,0.0001,1e-07,200000,p9484
a189,0.03162277660168379,0.0001,1e-07,200000,p9485
a189,0.03162277660168379,0.0001,1e-07,200000,p9486
a189,0.03162277660168379,0.0001,1e-07,200000,p9487
a189,0.03162277660168379,0.0001,1e-07,200000,p9488
a189,0.03162277660168379,0.0001,1e-07,200000,p9489
a189,0.03162277660168379,0.0001,1e-07,200000,p9490
a189,0.03162277660168379,0.0001,1e-07,200000,p9491
a189,0.03162277660168379,0.0001,1e-07,200000,p9492
a189,0.03162277660168379,0.0001,1e-07,200000,p9493
a189,0.03162277660168379,0.0001,1e-07,200000,p9494
a189,0.03162277660168379,0.0001,1e-07,200000,p9495
a189,0.03162277660168379,0.0001,1e-07,200000,p9496
a189,0.03162277660168379,0.0001,1e-07,200000,p9497
a189,0.03162277660168379,0.0001,1e-07,200000,p9498
a189,0.03162277660168379,0.0001,1e-07,200000,p9499
a190,0.03162277660168379,0.0001,1e-06,200000,p9500
a190,0.03162277660168379,0.0001,1e-06,200000,p9501
a190,0.03162277660168379,0.0001,1e-06,200000,p9502
a190,0.03162277660168379,0.0001,1e-06,200000,p9503
a190,0.03162277660168379,0.0001,1e-06,200000,p9504
a190,0.03162277660168379,0.0001,1e-06,200000,p9505
a190,0.03162277660168379,0.0001,1e-06,200000,p9506
a190,0.03162277660168379,0.0001,1e-06,200000,p9507
a190,0.03162277660168379,0.0001,1e-06,200000,p9508
a190,0.03162277660168379,0.0001,1e-06,200000,p9509
a190,0.03162277660168379,0.0001,1e-06,200000,p9510
a190,0.03162277660168379,0.0001,1e-06,200000,p9511
a190,0.03162277660168379,0.0001,1e-06,200000,p9512
a190,0.03162277660168379,0.0001,1e-06,200000,p9513
a190,0.03162277660168379,0.0001,1e-06,200000,p9514
a190,0.03162277660168379,0.0001,1e-06,200000,p9515
a190,0.03162277660168379,0.0001,1e-06,200000,p9516
a190,0.03162277660168379,0.0001,1e-06,200000,p9517
a190,0.03162277660168379,0.0001,1e-06,200000,p9518
a190,0.03162277660168379,0.0001,1e-06,200000,p9519
a190,0.03162277660168379,0.0001,1e-06,200000,p9520
a190,0.03162277660168379,0.0001,1e-06,200000,p9521
a190,0.03162277660168379,0.0001,1e-06,200000,p9522
a190,0.03162277660168379,0.0001,1e-06,200000,p9523
a190,0.03162277660168379,0.0001,1e-06,200000,p9524
a190,0.03162277660168379,0.0001,1e-06,200000,p9525
a190,0.03162277660168379,0.0001,1e-06,200000,p9526
a190,0.03162277660168379,0.0001,1e-06,200000,p9527
a190,0.03162277660168379,0.0001,1e-06,200000,p9528
a190,0.03162277660168379,0.0001,1e-06,200000,p9529
a190,0.03162277660168379,0.0001,1e-06,200000,p9530
a190,0.03162277660168379,0.0001,1e-06,200000,p9531
a190,0.03162277660168379,0.0001,1e-06,200000,p9532
a190,0.03162277660168379,0.0001,1e-06,200000,p9533
a190,0.03162277660168379,0.0001,1e-06,200000,p9534
a190,0.03162277660168379,0.0001,1e-06,200000,p9535
a190,0.03162277660168379,0.0001,1e-06,200000,p9536
a190,0.03162277660168379,0.0001,1e-06,200000,p9537
a190,0.03162277660168379,0.0001,1e-06,200000,p9538
a190,0.03162277660168379,0.0001,1e-06,200000,p9539
a190,0.03162277660168379,0.0001,1e-06,200000,p9540
a190,0.03162277660168379,0.0001,1e-06,200000,p9541
a190,0.03162277660168379,0.0001,1e-06,200000,p9542
a190,0.03162277660168379,0.0001,1e-06,200000,p9543
a190,0.03162277660168379,0.0001,1e-06,200000,p9544
a190,0.03162277660168379,0.0001,1e-06,200000,p9545
a190,0.03162277660168379,0.0001,1e-06,200000,p9546
a190,0.03162277660168379,0.0001,1e-06,200000,p9547
a190,0.03162277660168379,0.0001,1e-06,200000,p9548
a190,0.03162277660168379,0.0001,1e-06,200000,p9549
a191,0.03162277660168379,0.0001,9.999999999999999e-06,200000,p9550
a191,0.03162277660168379,0.0001,9.999999999999999e-06,200000,p9551
a191,0.03162277660168379,0.0001,9.999999999999999e-06,200000,p9552
a191,0.03162277660168379,0.0001,9.999999999999999e-06,200000,p9553
a191,0.03162277660168379,0.0001,9.999999999999999e-06,200000,p9554
a191,0.03162277660168379,0.0001,9.999999999999999e-06,200000,p9555
a191,0.03162277660168379,0.0001,9.999999999999999e-06,200000,p9556
a191,0.03162277660168379,0.0001,9.999999999999999e-06,200000,p9557
a191,0.03162277660168379,0.0001,9.999999999999999e-06,200000,p9558
a191,0.03162277660168379,0.0001,9.999999999999999e-06,200000,p9559
a191,0.03162277660168379,0.0001,9.999999999999999e-06,200000,p9560
a191,0.03162277660168379,0.0001,9.999999999999999e-06,200000,p9561
a191,0.03162277660168379,0.0001,9.999999999999999e-06,200000,p9562
a191,0.03162277660168379,0.0001,9.999999999999999e-06,200000,p9563
a191,0.03162277660168379,0.0001,9.999999999999999e-06,200000,p9564
a191,0.03162277660168379,0.0001,9.999999999999999e-06,200000,p9565
a191,0.03162277660168379,0.0001,9.999999999999999e-06,200000,p9566
a191,0.03162277660168379,0.0001,9.999999999999999e-06,200000,p9567
a191,0.03162277660168379,0.0001,9.999999999999999e-06,200000,p9568
a191,0.03162277660168379,0.0001,9.999999999999999e-06,200000,p9569
a191,0.03162277660168379,0.0001,9.999999999999999e-06,200000,p9570
a191,0.03162277660168379,0.0001,9.999999999999999e-06,200000,p9571
a191,0.03162277660168379,0.0001,9.999999999999999e-06,200000,p9572
a191,0.03162277660168379,0.0001,9.999999999999999e-06,200000,p9573
a191,0.03162277660168379,0.0001,9.999999999999999e-06,200000,p9574
a191,0.03162277660168379,0.0001,9.999999999999999e-06,200000,p9575
a191,0.03162277660168379,0.0001,9.999999999999999e-06,200000,p9576
a191,0.03162277660168379,0.0001,9.999999999999999e-06,200000,p9577
a191,0.03162277660168379,0.0001,9.999999999999999e-06,200000,p9578
a191,0.03162277660168379,0.0001,9.999999999999999e-06,200000,p9579
a191,0.03162277660168379,0.0001,9.999999999999999e-06,200000,p9580
a191,0.03162277660168379,0.0001,9.999999999999999e-06,200000,p9581
a191,0.03162277660168379,0.0001,9.999999999999999e-06,200000,p9582
a191,0.03162277660168379,0.0001,9.999999999999999e-06,200000,p9583
a191,0.03162277660168379,0.0001,9.999999999999999e-06,200000,p9584
a191,0.03162277660168379,0.0001,9.999999999999999e-06,200000,p9585
a191,0.03162277660168379,0.0001,9.999999999999999e-06,200000,p9586
a191,0.03162277660168379,0.0001,9.999999999999999e-06,200000,p9587
a191,0.03162277660168379,0.0001,9.999999999999999e-06,200000,p9588
a191,0.03162277660168379,0.0001,9.999999999999999e-06,200000,p9589
a191,0.03162277660168379,0.0001,9.999999999999999e-06,200000,p9590
a191,0.03162277660168379,0.0001,9.999999999999999e-06,200000,p9591
a191,0.03162277660168379,0.0001,9.999999999999999e-06,200000,p9592
a191,0.03162277660168379,0.0001,9.999999999999999e-06,200000,p9593
a191,0.03162277660168379,0.0001,9.999999999999999e-06,200000,p9594
a191,0.03162277660168379,0.0001,9.999999999999999e-06,200000,p9595
a191,0.03162277660168379,0.0001,9.999999999999999e-06,200000,p9596
a191,0.03162277660168379,0.0001,9.999999999999999e-06,200000,p9597
a191,0.03162277660168379,0.0001,9.999999999999999e-06,200000,p9598
a191,0.03162277660168379,0.0001,9.999999999999999e-06,200000,p9599
a192,0.03162277660168379,0.0001,0.0001,200000,p9600
a192,0.03162277660168379,0.0001,0.0001,200000,p9601
a192,0.03162277660168379,0.0001,0.0001,200000,p9602
a192,0.03162277660168379,0.0001,0.0001,200000,p9603
a192,0.03162277660168379,0.0001,0.0001,200000,p9604
a192,0.03162277660168379,0.0001,0.0001,200000,p9605
a192,0.03162277660168379,0.0001,0.0001,200000,p9606
a192,0.03162277660168379,0.0001,0.0001,200000,p9607
a192,0.03162277660168379,0.0001,0.0001,200000,p9608
a192,0.03162277660168379,0.0001,0.0001,200000,p9609
a192,0.03162277660168379,0.0001,0.0001,200000,p9610
a192,0.03162277660168379,0.0001,0.0001,200000,p9611
a192,0.03162277660168379,0.0001,0.0001,200000,p9612
a192,0.03162277660168379,0.0001,0.0001,200000,p9613
a192,0.03162277660168379,0.0001,0.0001,200000,p9614
a192,0.03162277660168379,0.0001,0.0001,200000,p9615
a192,0.03162277660168379,0.0001,0.0001,200000,p9616
a192,0.03162277660168379,0.0001,0.0001,200000,p9617
a192,0.03162277660168379,0.0001,0.0001,200000,p9618
a192,0.03162277660168379,0.0001,0.0001,200000,p9619
a192,0.03162277660168379,0.0001,0.0001,200000,p9620
a192,0.03162277660168379,0.0001,0.0001,200000,p9621
a192,0.03162277660168379,0.0001,0.0001,200000,p9622
a192,0.03162277660168379,0.0001,0.0001,200000,p9623
a192,0.03162277660168379,0.0001,0.0001,200000,p9624
a192,0.03162277660168379,0.0001,0.0001,200000,p9625
a192,0.03162277660168379,0.0001,0.0001,200000,p9626
a192,0.03162277660168379,0.0001,0.0001,200000,p9627
a192,0.03162277660168379,0.0001,0.0001,200000,p9628
a192,0.03162277660168379,0.0001,0.0001,200000,p9629
a192,0.03162277660168379,0.0001,0.0001,200000,p9630
a192,0.03162277660168379,0.0001,0.0001,200000,p9631
a192,0.03162277660168379,0.0001,0.0001,200000,p9632
a192,0.03162277660168379,0.0001,0.0001,200000,p9633
a192,0.03162277660168379,0.0001,0.0001,200000,p9634
a192,0.03162277660168379,0.0001,0.0001,200000,p9635
a192,0.03162277660168379,0.0001,0.0001,200000,p9636
a192,0.03162277660168379,0.0001,0.0001,200000,p9637
a192,0.03162277660168379,0.0001,0.0001,200000,p9638
a192,0.03162277660168379,0.0001,0.0001,200000,p9639
a192,0.03162277660168379,0.0001,0.0001,200000,p9640
a192,0.03162277660168379,0.0001,0.0001,200000,p9641
a192,0.03162277660168379,0.0001,0.0001,200000,p9642
a192,0.03162277660168379,0.0001,0.0001,200000,p9643
a192,0.03162277660168379,0.0001,0.0001,200000,p9644
a192,0.03162277660168379,0.0001,0.0001,200000,p9645
a192,0.03162277660168379,0.0001,0.0001,200000,p9646
a192,0.03162277660168379,0.0001,0.0001,200000,p9647
a192,0.03162277660168379,0.0001,0.0001,200000,p9648
a192,0.03162277660168379,0.0001,0.0001,200000,p9649
a193,0.03162277660168379,0.0001,0.001,200000,p9650
a193,0.03162277660168379,0.0001,0.001,200000,p9651
a193,0.03162277660168379,0.0001,0.001,200000,p9652
a193,0.03162277660168379,0.0001,0.001,200000,p9653
a193,0.03162277660168379,0.0001,0.001,200000,p9654
a193,0.03162277660168379,0.0001,0.001,200000,p9655
a193,0.03162277660168379,0.0001,0.001,200000,p9656
a193,0.03162277660168379,0.0001,0.001,200000,p9657
a193,0.03162277660168379,0.0001,0.001,200000,p9658
a193,0.03162277660168379,0.0001,0.001,200000,p9659
a193,0.03162277660168379,0.0001,0.001,200000,p9660
a193,0.03162277660168379,0.0001,0.001,200000,p9661
a193,0.03162277660168379,0.0001,0.001,200000,p9662
a193,0.03162277660168379,0.0001,0.001,200000,p9663
a193,0.03162277660168379,0.0001,0.001,200000,p9664
a193,0.03162277660168379,0.0001,0.001,200000,p9665
a193,0.03162277660168379,0.0001,0.001,200000,p9666
a193,0.03162277660168379,0.0001,0.001,200000,p9667
a193,0.03162277660168379,0.0001,0.001,200000,p9668
a193,0.03162277660168379,0.0001,0.001,200000,p9669
a193,0.03162277660168379,0.0001,0.001,200000,p9670
a193,0.03162277660168379,0.0001,0.001,200000,p9671
a193,0.03162277660168379,0.0001,0.001,200000,p9672
a193,0.03162277660168379,0.0001,0.001,200000,p9673
a193,0.03162277660168379,0.0001,0.001,200000,p9674
a193,0.03162277660168379,0.0001,0.001,200000,p9675
a193,0.03162277660168379,0.0001,0.001,200000,p9676
a193,0.03162277660168379,0.0001,0.001,200000,p9677
a193,0.03162277660168379,0.0001,0.001,200000,p9678
a193,0.03162277660168379,0.0001,0.001,200000,p9679
a193,0.03162277660168379,0.0001,0.001,200000,p9680
a193,0.03162277660168379,0.0001,0.001,200000,p9681
a193,0.03162277660168379,0.0001,0.001,200000,p9682
a193,0.03162277660168379,0.0001,0.001,200000,p9683
a193,0.03162277660168379,0.0001,0.001,200000,p9684
a193,0.03162277660168379,0.0001,0.001,200000,p9685
a193,0.03162277660168379,0.0001,0.001,200000,p9686
a193,0.03162277660168379,0.0001,0.001,200000,p9687
a193,0.03162277660168379,0.0001,0.001,200000,p9688
a193,0.03162277660168379,0.0001,0.001,200000,p9689
a193,0.03162277660168379,0.0001,0.001,200000,p9690
a193,0.03162277660168379,0.0001,0.001,200000,p9691
a193,0.03162277660168379,0.0001,0.001,200000,p9692
a193,0.03162277660168379,0.0001,0.001,200000,p9693
a193,0.03162277660168379,0.0001,0.001,200000,p9694
a193,0.03162277660168379,0.0001,0.001,200000,p9695
a193,0.03162277660168379,0.0001,0.001,200000,p9696
a193,0.03162277660168379,0.0001,0.001,200000,p9697
a193,0.03162277660168379,0.0001,0.001,200000,p9698
a193,0.03162277660168379,0.0001,0.001,200000,p9699
a194,0.03162277660168379,0.0001,0.01,200000,p9700
a194,0.03162277660168379,0.0001,0.01,200000,p9701
a194,0.03162277660168379,0.0001,0.01,200000,p9702
a194,0.03162277660168379,0.0001,0.01,200000,p9703
a194,0.03162277660168379,0.0001,0.01,200000,p9704
a194,0.03162277660168379,0.0001,0.01,200000,p9705
a194,0.03162277660168379,0.0001,0.01,200000,p9706
a194,0.03162277660168379,0.0001,0.01,200000,p9707
a194,0.03162277660168379,0.0001,0.01,200000,p9708
a194,0.03162277660168379,0.0001,0.01,200000,p9709
a194,0.03162277660168379,0.0001,0.01,200000,p9710
a194,0.03162277660168379,0.0001,0.01,200000,p9711
a194,0.03162277660168379,0.0001,0.01,200000,p9712
a194,0.03162277660168379,0.0001,0.01,200000,p9713
a194,0.03162277660168379,0.0001,0.01,200000,p9714
a194,0.03162277660168379,0.0001,0.01,200000,p9715
a194,0.03162277660168379,0.0001,0.01,200000,p9716
a194,0.03162277660168379,0.0001,0.01,200000,p9717
a194,0.03162277660168379,0.0001,0.01,200000,p9718
a194,0.03162277660168379,0.0001,0.01,200000,p9719
a194,0.03162277660168379,0.0001,0.01,200000,p9720
a194,0.03162277660168379,0.0001,0.01,200000,p9721
a194,0.03162277660168379,0.0001,0.01,200000,p9722
a194,0.03162277660168379,0.0001,0.01,200000,p9723
a194,0.03162277660168379,0.0001,0.01,200000,p9724
a194,0.03162277660168379,0.0001,0.01,200000,p9725
a194,0.03162277660168379,0.0001,0.01,200000,p9726
a194,0.03162277660168379,0.0001,0.01,200000,p9727
a194,0.03162277660168379,0.0001,0.01,200000,p9728
a194,0.03162277660168379,0.0001,0.01,200000,p9729
a194,0.03162277660168379,0.0001,0.01,200000,p9730
a194,0.03162277660168379,0.0001,0.01,200000,p9731
a194,0.03162277660168379,0.0001,0.01,200000,p9732
a194,0.03162277660168379,0.0001,0.01,200000,p9733
a194,0.03162277660168379,0.0001,0.01,200000,p9734
a194,0.03162277660168379,0.0001,0.01,200000,p9735
a194,0.03162277660168379,0.0001,0.01,200000,p9736
a194,0.03162277660168379,0.0001,0.01,200000,p9737
a194,0.03162277660168379,0.0001,0.01,200000,p9738
a194,0.03162277660168379,0.0001,0.01,200000,p9739
a194,0.03162277660168379,0.0001,0.01,200000,p9740
a194,0.03162277660168379,0.0001,0.01,200000,p9741
a194,0.03162277660168379,0.0001,0.01,200000,p9742
a194,0.03162277660168379,0.0001,0.01,200000,p9743
a194,0.03162277660168379,0.0001,0.01,200000,p9744
a194,0.03162277660168379,0.0001,0.01,200000,p9745
a194,0.03162277660168379,0.0001,0.01,200000,p9746
a194,0.03162277660168379,0.0001,0.01,200000,p9747
a194,0.03162277660168379,0.0001,0.01,200000,p9748
a194,0.03162277660168379,0.0001,0.01,200000,p9749
a195,0.03162277660168379,0.0001,0.1,200000,p9750
a195,0.03162277660168379,0.0001,0.1,200000,p9751
a195,0.03162277660168379,0.0001,0.1,200000,p9752
a195,0.03162277660168379,0.0001,0.1,200000,p9753
a195,0.03162277660168379,0.0001,0.1,200000,p9754
a195,0.03162277660168379,0.0001,0.1,200000,p9755
a195,0.03162277660168379,0.0001,0.1,200000,p9756
a195,0.03162277660168379,0.0001,0.1,200000,p9757
a195,0.03162277660168379,0.0001,0.1,200000,p9758
a195,0.03162277660168379,0.0001,0.1,200000,p9759
a195,0.03162277660168379,0.0001,0.1,200000,p9760
a195,0.03162277660168379,0.0001,0.1,200000,p9761
a195,0.03162277660168379,0.0001,0.1,200000,p9762
a195,0.03162277660168379,0.0001,0.1,200000,p9763
a195,0.03162277660168379,0.0001,0.1,200000,p9764
a195,0.03162277660168379,0.0001,0.1,200000,p9765
a195,0.03162277660168379,0.0001,0.1,200000,p9766
a195,0.03162277660168379,0.0001,0.1,200000,p9767
a195,0.03162277660168379,0.0001,0.1,200000,p9768
a195,0.03162277660168379,0.0001,0.1,200000,p9769
a195,0.03162277660168379,0.0001,0.1,200000,p9770
a195,0.03162277660168379,0.0001,0.1,200000,p9771
a195,0.03162277660168379,0.0001,0.1,200000,p9772
a195,0.03162277660168379,0.0001,0.1,200000,p9773
a195,0.03162277660168379,0.0001,0.1,200000,p9774
a195,0.03162277660168379,0.0001,0.1,200000,p9775
a195,0.03162277660168379,0.0001,0.1,200000,p9776
a195,0.03162277660168379,0.0001,0.1,200000,p9777
a195,0.03162277660168379,0.0001,0.1,200000,p9778
a195,0.03162277660168379,0.0001,0.1,200000,p9779
a195,0.03162277660168379,0.0001,0.1,200000,p9780
a195,0.03162277660168379,0.0001,0.1,200000,p9781
a195,0.03162277660168379,0.0001,0.1,200000,p9782
a195,0.03162277660168379,0.0001,0.1,200000,p9783
a195,0.03162277660168379,0.0001,0.1,200000,p9784
a195,0.03162277660168379,0.0001,0.1,200000,p9785
a195,0.03162277660168379,0.0001,0.1,200000,p9786
a195,0.03162277660168379,0.0001,0.1,200000,p9787
a195,0.03162277660168379,0.0001,0.1,200000,p9788
a195,0.03162277660168379,0.0001,0.1,200000,p9789
a195,0.03162277660168379,0.0001,0.1,200000,p9790
a195,0.03162277660168379,0.0001,0.1,200000,p9791
a195,0.03162277660168379,0.0001,0.1,200000,p9792
a195,0.03162277660168379,0.0001,0.1,200000,p9793
a195,0.03162277660168379,0.0001,0.1,200000,p9794
a195,0.03162277660168379,0.0001,0.1,200000,p9795
a195,0.03162277660168379,0.0001,0.1,200000,p9796
a195,0.03162277660168379,0.0001,0.1,200000,p9797
a195,0.03162277660168379,0.0001,0.1,200000,p9798
a195,0.03162277660168379,0.0001,0.1,200000,p9799
a196,0.01,1e-07,1e-07,16777216,p9800
a196,0.01,1e-07,1e-07,16777216,p9801
a196,0.01,1e-07,1e-07,16777216,p9802
a196,0.01,1e-07,1e-07,16777216,p9803
a196,0.01,1e-07,1e-07,16777216,p9804
a196,0.01,1e-07,1e-07,16777216,p9805
a196,0.01,1e-07,1e-07,16777216,p9806
a196,0.01,1e-07,1e-07,16777216,p9807
a196,0.01,1e-07,1e-07,16777216,p9808
a196,0.01,1e-07,1e-07,16777216,p9809
a196,0.01,1e-07,1e-07,16777216,p9810
a196,0.01,1e-07,1e-07,16777216,p9811
a196,0.01,1e-07,1e-07,16777216,p9812
a196,0.01,1e-07,1e-07,16777216,p9813
a196,0.01,1e-07,1e-07,16777216,p9814
a196,0.01,1e-07,1e-07,16777216,p9815
a196,0.01,1e-07,1e-07,16777216,p9816
a196,0.01,1e-07,1e-07,16777216,p9817
a196,0.01,1e-07,1e-07,16777216,p9818
a196,0.01,1e-07,1e-07,16777216,p9819
a196,0.01,1e-07,1e-07,16777216,p9820
a196,0.01,1e-07,1e-07,16777216,p9821
a196,0.01,1e-07,1e-07,16777216,p9822
a196,0.01,1e-07,1e-07,16777216,p9823
a196,0.01,1e-07,1e-07,16777216,p9824
a196,0.01,1e-07,1e-07,16777216,p9825
a196,0.01,1e-07,1e-07,16777216,p9826
a196,0.01,1e-07,1e-07,16777216,p9827
a196,0.01,1e-07,1e-07,16777216,p9828
a196,0.01,1e-07,1e-07,16777216,p9829
a196,0.01,1e-07,1e-07,16777216,p9830
a196,0.01,1e-07,1e-07,16777216,p9831
a196,0.01,1e-07,1e-07,16777216,p9832
a196,0.01,1e-07,1e-07,16777216,p9833
a196,0.01,1e-07,1e-07,16777216,p9834
a196,0.01,1e-07,1e-07,16777216,p9835
a196,0.01,1e-07,1e-07,16777216,p9836
a196,0.01,1e-07,1e-07,16777216,p9837
a196,0.01,1e-07,1e-07,16777216,p9838
a196,0.01,1e-07,1e-07,16777216,p9839
a196,0.01,1e-07,1e-07,16777216,p9840
a196,0.01,1e-07,1e-07,16777216,p9841
a196,0.01,1e-07,1e-07,16777216,p9842
a196,0.01,1e-07,1e-07,16777216,p9843
a196,0.01,1e-07,1e-07,16777216,p9844
a196,0.01,1e-07,1e-07,16777216,p9845
a196,0.01,1e-07,1e-07,16777216,p9846
a196,0.01,1e-07,1e-07,16777216,p9847
a196,0.01,1e-07,1e-07,16777216,p9848
a196,0.01,1e-07,1e-07,16777216,p9849
a197,0.01,1e-07,1e-06,16777216,p9850
a197,0.01,1e-07,1e-06,16777216,p9851
a197,0.01,1e-07,1e-06,16777216,p9852
a197,0.01,1e-07,1e-06,16777216,p9853
a197,0.01,1e-07,1e-06,16777216,p9854
a197,0.01,1e-07,1e-06,16777216,p9855
a197,0.01,1e-07,1e-06,16777216,p9856
a197,0.01,1e-07,1e-06,16777216,p9857
a197,0.01,1e-07,1e-06,16777216,p9858
a197,0.01,1e-07,1e-06,16777216,p9859
a197,0.01,1e-07,1e-06,16777216,p9860
a197,0.01,1e-07,1e-06,16777216,p9861
a197,0.01,1e-07,1e-06,16777216,p9862
a197,0.01,1e-07,1e-06,16777216,p9863
a197,0.01,1e-07,1e-06,16777216,p9864
a197,0.01,1e-07,1e-06,16777216,p9865
a197,0.01,1e-07,1e-06,16777216,p9866
a197,0.01,1e-07,1e-06,16777216,p9867
a197,0.01,1e-07,1e-06,16777216,p9868
a197,0.01,1e-07,1e-06,16777216,p9869
a197,0.01,1e-07,1e-06,16777216,p9870
a197,0.01,1e-07,1e-06,16777216,p9871
a197,0.01,1e-07,1e-06,16777216,p9872
a197,0.01,1e-07,1e-06,16777216,p9873
a197,0.01,1e-07,1e-06,16777216,p9874
a197,0.01,1e-07,1e-06,16777216,p9875
a197,0.01,1e-07,1e-06,16777216,p9876
a197,0.01,1e-07,1e-06,16777216,p9877
a197,0.01,1e-07,1e-06,16777216,p9878
a197,0.01,1e-07,1e-06,16777216,p9879
a197,0.01,1e-07,1e-06,16777216,p9880
a197,0.01,1e-07,1e-06,16777216,p9881
a197,0.01,1e-07,1e-06,16777216,p9882
a197,0.01,1e-07,1e-06,16777216,p9883
a197,0.01,1e-07,1e-06,16777216,p9884
a197,0.01,1e-07,1e-06,16777216,p9885
a197,0.01,1e-07,1e-06,16777216,p9886
a197,0.01,1e-07,1e-06,16777216,p9887
a197,0.01,1e-07,1e-06,16777216,p9888
a197,0.01,1e-07,1e-06,16777216,p9889
a197,0.01,1e-07,1e-06,16777216,p9890
a197,0.01,1e-07,1e-06,16777216,p9891
a197,0.01,1e-07,1e-06,16777216,p9892
a197,0.01,1e-07,1e-06,16777216,p9893
a197,0.01,1e-07,1e-06,16777216,p9894
a197,0.01,1e-07,1e-06,16777216,p9895
a197,0.01,1e-07,1e-06,16777216,p9896
a197,0.01,1e-07,1e-06,16777216,p9897
a197,0.01,1e-07,1e-06,16777216,p9898
a197,0.01,1e-07,1e-06,16777216,p9899
a198,0.01,1e-07,9.999999999999999e-06,16777216,p9900
a198,0.01,1e-07,9.999999999999999e-06,16777216,p9901
a198,0.01,1e-07,9.999999999999999e-06,16777216,p9902
a198,0.01,1e-07,9.999999999999999e-06,16777216,p9903
a198,0.01,1e-07,9.999999999999999e-06,16777216,p9904
a198,0.01,1e-07,9.999999999999999e-06,16777216,p9905
a198,0.01,1e-07,9.999999999999999e-06,16777216,p9906
a198,0.01,1e-07,9.999999999999999e-06,16777216,p9907
a198,0.01,1e-07,9.999999999999999e-06,16777216,p9908
a198,0.01,1e-07,9.999999999999999e-06,16777216,p9909
a198,0.01,1e-07,9.999999999999999e-06,16777216,p9910
a198,0.01,1e-07,9.999999999999999e-06,16777216,p9911
a198,0.01,1e-07,9.999999999999999e-06,16777216,p9912
a198,0.01,1e-07,9.999999999999999e-06,16777216,p9913
a198,0.01,1e-07,9.999999999999999e-06,16777216,p9914
a198,0.01,1e-07,9.999999999999999e-06,16777216,p9915
a198,0.01,1e-07,9.999999999999999e-06,16777216,p9916
a198,0.01,1e-07,9.999999999999999e-06,16777216,p9917
a198,0.01,1e-07,9.999999999999999e-06,16777216,p9918
a198,0.01,1e-07,9.999999999999999e-06,16777216,p9919
a198,0.01,1e-07,9.999999999999999e-06,16777216,p9920
a198,0.01,1e-07,9.999999999999999e-06,16777216,p9921
a198,0.01,1e-07,9.999999999999999e-06,16777216,p9922
a198,0.01,1e-07,9.999999999999999e-06,16777216,p9923
a198,0.01,1e-07,9.999999999999999e-06,16777216,p9924
a198,0.01,1e-07,9.999999999999999e-06,16777216,p9925
a198,0.01,1e-07,9.999999999999999e-06,16777216,p9926
a198,0.01,1e-07,9.999999999999999e-06,16777216,p9927
a198,0.01,1e-07,9.999999999999999e-06,16777216,p9928
a198,0.01,1e-07,9.999999999999999e-06,16777216,p9929
a198,0.01,1e-07,9.999999999999999e-06,16777216,p9930
a198,0.01,1e-07,9.999999999999999e-06,16777216,p9931
a198,0.01,1e-07,9.999999999999999e-06,16777216,p9932
a198,0.01,1e-07,9.999999999999999e-06,16777216,p9933
a198,0.01,1e-07,9.999999999999999e-06,16777216,p9934
a198,0.01,1e-07,9.999999999999999e-06,16777216,p9935
a198,0.01,1e-07,9.999999999999999e-06,16777216,p9936
a198,0.01,1e-07,9.999999999999999e-06,16777216,p9937
a198,0.01,1e-07,9.999999999999999e-06,16777216,p9938
a198,0.01,1e-07,9.999999999999999e-06,16777216,p9939
a198,0.01,1e-07,9.999999999999999e-06,16777216,p9940
a198,0.01,1e-07,9.999999999999999e-06,16777216,p9941
a198,0.01,1e-07,9.999999999999999e-06,16777216,p9942
a198,0.01,1e-07,9.999999999999999e-06,16777216,p9943
a198,0.01,1e-07,9.999999999999999e-06,16777216,p9944
a198,0.01,1e-07,9.999999999999999e-06,16777216,p9945
a198,0.01,1e-07,9.999999999999999e-06,16777216,p9946
a198,0.01,1e-07,9.999999999999999e-06,16777216,p9947
a198,0.01,1e-07,9.999999999999999e-06,16777216,p9948
a198,0.01,1e-07,9.999999999999999e-06,16777216,p9949
a199,0.01,1e-07,0.0001,16777216,p9950
a199,0.01,1e-07,0.0001,16777216,p9951
a199,0.01,1e-07,0.0001,16777216,p9952
a199,0.01,1e-07,0.0001,16777216,p9953
a199,0.01,1e-07,0.0001,16777216,p9954
a199,0.01,1e-07,0.0001,16777216,p9955
a199,0.01,1e-07,0.0001,16777216,p9956
a199,0.01,1e-07,0.0001,16777216,p9957
a199,0.01,1e-07,0.0001,16777216,p9958
a199,0.01,1e-07,0.0001,16777216,p9959
a199,0.01,1e-07,0.0001,16777216,p9960
a199,0.01,1e-07,0.0001,16777216,p9961
a199,0.01,1e-07,0.0001,16777216,p9962
a199,0.01,1e-07,0.0001,16777216,p9963
a199,0.01,1e-07,0.0001,16777216,p9964
a199,0.01,1e-07,0.0001,16777216,p9965
a199,0.01,1e-07,0.0001,16777216,p9966
a199,0.01,1e-07,0.0001,16777216,p9967
a199,0.01,1e-07,0.0001,16777216,p9968
a199,0.01,1e-07,0.0001,16777216,p9969
a199,0.01,1e-07,0.0001,16777216,p9970
a199,0.01,1e-07,0.0001,16777216,p9971
a199,0.01,1e-07,0.0001,16777216,p9972
a199,0.01,1e-07,0.0001,16777216,p9973
a199,0.01,1e-07,0.0001,16777216,p9974
a199,0.01,1e-07,0.0001,16777216,p9975
a199,0.01,1e-07,0.0001,16777216,p9976
a199,0.01,1e-07,0.0001,16777216,p9977
a199,0.01,1e-07,0.0001,16777216,p9978
a199,0.01,1e-07,0.0001,16777216,p9979
a199,0.01,1e-07,0.0001,16777216,p9980
a199,0.01,1e-07,0.0001,16777216,p9981
a199,0.01,1e-07,0.0001,16777216,p9982
a199,0.01,1e-07,0.0001,16777216,p9983
a199,0.01,1e-07,0.0001,16777216,p9984
a199,0.01,1e-07,0.0001,16777216,p9985
a199,0.01,1e-07,0.0001,16777216,p9986
a199,0.01,1e-07,0.0001,16777216,p9987
a199,0.01,1e-07,0.0001,16777216,p9988
a199,0.01,1e-07,0.0001,16777216,p9989
a199,0.01,1e-07,0.0001,16777216,p9990
a199,0.01,1e-07,0.0001,16777216,p9991
a199,0.01,1e-07,0.0001,16777216,p9992
a199,0.01,1e-07,0.0001,16777216,p9993
a199,0.01,1e-07,0.0001,16777216,p9994
a199,0.01,1e-07,0.0001,16777216,p9995
a199,0.01,1e-07,0.0001,16777216,p9996
a199,0.01,1e-07,0.0001,16777216,p9997
a199,0.01,1e-07,0.0001,16777216,p9998
a199,0.01,1e-07,0.0001,16777216,p9999
a200,0.01,1e-07,0.001,16777216,p10000
a200,0.01,1e-07,0.001,16777216,p10001
a200,0.01,1e-07,0.001,16777216,p10002
a200,0.01,1e-07,0.001,16777216,p10003
a200,0.01,1e-07,0.001,16777216,p10004
a200,0.01,1e-07,0.001,16777216,p10005
a200,0.01,1e-07,0.001,16777216,p10006
a200,0.01,1e-07,0.001,16777216,p10007
a200,0.01,1e-07,0.001,16777216,p10008
a200,0.01,1e-07,0.001,16777216,p10009
a200,0.01,1e-07,0.001,16777216,p10010
a200,0.01,1e-07,0.001,16777216,p10011
a200,0.01,1e-07,0.001,16777216,p10012
a200,0.01,1e-07,0.001,16777216,p10013
a200,0.01,1e-07,0.001,16777216,p10014
a200,0.01,1e-07,0.001,16777216,p10015
a200,0.01,1e-07,0.001,16777216,p10016
a200,0.01,1e-07,0.001,16777216,p10017
a200,0.01,1e-07,0.001,16777216,p10018
a200,0.01,1e-07,0.001,16777216,p10019
a200,0.01,1e-07,0.001,16777216,p10020
a200,0.01,1e-07,0.001,16777216,p10021
a200,0.01,1e-07,0.001,16777216,p10022
a200,0.01,1e-07,0.001,16777216,p10023
a200,0.01,1e-07,0.001,16777216,p10024
a200,0.01,1e-07,0.001,16777216,p10025
a200,0.01,1e-07,0.001,16777216,p10026
a200,0.01,1e-07,0.001,16777216,p10027
a200,0.01,1e-07,0.001,16777216,p10028
a200,0.01,1e-07,0.001,16777216,p10029
a200,0.01,1e-07,0.001,16777216,p10030
a200,0.01,1e-07,0.001,16777216,p10031
a200,0.01,1e-07,0.001,16777216,p10032
a200,0.01,1e-07,0.001,16777216,p10033
a200,0.01,1e-07,0.001,16777216,p10034
a200,0.01,1e-07,0.001,16777216,p10035
a200,0.01,1e-07,0.001,16777216,p10036
a200,0.01,1e-07,0.001,16777216,p10037
a200,0.01,1e-07,0.001,16777216,p10038
a200,0.01,1e-07,0.001,16777216,p10039
a200,0.01,1e-07,0.001,16777216,p10040
a200,0.01,1e-07,0.001,16777216,p10041
a200,0.01,1e-07,0.001,16777216,p10042
a200,0.01,1e-07,0.001,16777216,p10043
a200,0.01,1e-07,0.001,16777216,p10044
a200,0.01,1e-07,0.001,16777216,p10045
a200,0.01,1e-07,0.001,16777216,p10046
a200,0.01,1e-07,0.001,16777216,p10047
a200,0.01,1e-07,0.001,16777216,p10048
a200,0.01,1e-07,0.001,16777216,p10049
a201,0.01,1e-07,0.01,16777216,p10050
a201,0.01,1e-07,0.01,16777216,p10051
a201,0.01,1e-07,0.01,16777216,p10052
a201,0.01,1e-07,0.01,16777216,p10053
a201,0.01,1e-07,0.01,16777216,p10054
a201,0.01,1e-07,0.01,16777216,p10055
a201,0.01,1e-07,0.01,16777216,p10056
a201,0.01,1e-07,0.01,16777216,p10057
a201,0.01,1e-07,0.01,16777216,p10058
a201,0.01,1e-07,0.01,16777216,p10059
a201,0.01,1e-07,0.01,16777216,p10060
a201,0.01,1e-07,0.01,16777216,p10061
a201,0.01,1e-07,0.01,16777216,p10062
a201,0.01,1e-07,0.01,16777216,p10063
a201,0.01,1e-07,0.01,16777216,p10064
a201,0.01,1e-07,0.01,16777216,p10065
a201,0.01,1e-07,0.01,16777216,p10066
a201,0.01,1e-07,0.01,16777216,p10067
a201,0.01,1e-07,0.01,16777216,p10068
a201,0.01,1e-07,0.01,16777216,p10069
a201,0.01,1e-07,0.01,16777216,p10070
a201,0.01,1e-07,0.01,16777216,p10071
a201,0.01,1e-07,0.01,16777216,p10072
a201,0.01,1e-07,0.01,16777216,p10073
a201,0.01,1e-07,0.01,16777216,p10074
a201,0.01,1e-07,0.01,16777216,p10075
a201,0.01,1e-07,0.01,16777216,p10076
a201,0.01,1e-07,0.01,16777216,p10077
a201,0.01,1e-07,0.01,16777216,p10078
a201,0.01,1e-07,0.01,16777216,p10079
a201,0.01,1e-07,0.01,16777216,p10080
a201,0.01,1e-07,0.01,16777216,p10081
a201,0.01,1e-07,0.01,16777216,p10082
a201,0.01,1e-07,0.01,16777216,p10083
a201,0.01,1e-07,0.01,16777216,p10084
a201,0.01,1e-07,0.01,16777216,p10085
a201,0.01,1e-07,0.01,16777216,p10086
a201,0.01,1e-07,0.01,16777216,p10087
a201,0.01,1e-07,0.01,16777216,p10088
a201,0.01,1e-07,0.01,16777216,p10089
a201,0.01,1e-07,0.01,16777216,p10090
a201,0.01,1e-07,0.01,16777216,p10091
a201,0.01,1e-07,0.01,16777216,p10092
a201,0.01,1e-07,0.01,16777216,p10093
a201,0.01,1e-07,0.01,16777216,p10094
a201,0.01,1e-07,0.01,16777216,p10095
a201,0.01,1e-07,0.01,16777216,p10096
a201,0.01,1e-07,0.01,16777216,p10097
a201,0.01,1e-07,0.01,16777216,p10098
a201,0.01,1e-07,0.01,16777216,p10099
a202,0.01,1e-07,0.1,16777216,p10100
a202,0.01,1e-07,0.1,16777216,p10101
a202,0.01,1e-07,0.1,16777216,p10102
a202,0.01,1e-07,0.1,16777216,p10103
a202,0.01,1e-07,0.1,16777216,p10104
a202,0.01,1e-07,0.1,16777216,p10105
a202,0.01,1e-07,0.1,16777216,p10106
a202,0.01,1e-07,0.1,16777216,p10107
a202,0.01,1e-07,0.1,16777216,p10108
a202,0.01,1e-07,0.1,16777216,p10109
a202,0.01,1e-07,0.1,16777216,p10110
a202,0.01,1e-07,0.1,16777216,p10111
a202,0.01,1e-07,0.1,16777216,p10112
a202,0.01,1e-07,0.1,16777216,p10113
a202,0.01,1e-07,0.1,16777216,p10114
a202,0.01,1e-07,0.1,16777216,p10115
a202,0.01,1e-07,0.1,16777216,p10116
a202,0.01,1e-07,0.1,16777216,p10117
a202,0.01,1e-07,0.1,16777216,p10118
a202,0.01,1e-07,0.1,16777216,p10119
a202,0.01,1e-07,0.1,16777216,p10120
a202,0.01,1e-07,0.1,16777216,p10121
a202,0.01,1e-07,0.1,16777216,p10122
a202,0.01,1e-07,0.1,16777216,p10123
a202,0.01,1e-07,0.1,16777216,p10124
a202,0.01,1e-07,0.1,16777216,p10125
a202,0.01,1e-07,0.1,16777216,p10126
a202,0.01,1e-07,0.1,16777216,p10127
a202,0.01,1e-07,0.1,16777216,p10128
a202,0.01,1e-07,0.1,16777216,p10129
a202,0.01,1e-07,0.1,16777216,p10130
a202,0.01,1e-07,0.1,16777216,p10131
a202,0.01,1e-07,0.1,16777216,p10132
a202,0.01,1e-07,0.1,16777216,p10133
a202,0.01,1e-07,0.1,16777216,p10134
a202,0.01,1e-07,0.1,16777216,p10135
a202,0.01,1e-07,0.1,16777216,p10136
a202,0.01,1e-07,0.1,16777216,p10137
a202,0.01,1e-07,0.1,16777216,p10138
a202,0.01,1e-07,0.1,16777216,p10139
a202,0.01,1e-07,0.1,16777216,p10140
a202,0.01,1e-07,0.1,16777216,p10141
a202,0.01,1e-07,0.1,16777216,p10142
a202,0.01,1e-07,0.1,16777216,p10143
a202,0.01,1e-07,0.1,16777216,p10144
a202,0.01,1e-07,0.1,16777216,p10145
a202,0.01,1e-07,0.1,16777216,p10146
a202,0.01,1e-07,0.1,16777216,p10147
a202,0.01,1e-07,0.1,16777216,p10148
a202,0.01,1e-07,0.1,16777216,p10149
a203,0.01,3.162277660168379e-07,1e-07,16777216,p10150
a203,0.01,3.162277660168379e-07,1e-07,16777216,p10151
a203,0.01,3.162277660168379e-07,1e-07,16777216,p10152
a203,0.01,3.162277660168379e-07,1e-07,16777216,p10153
a203,0.01,3.162277660168379e-07,1e-07,16777216,p10154
a203,0.01,3.162277660168379e-07,1e-07,16777216,p10155
a203,0.01,3.162277660168379e-07,1e-07,16777216,p10156
a203,0.01,3.162277660168379e-07,1e-07,16777216,p10157
a203,0.01,3.162277660168379e-07,1e-07,16777216,p10158
a203,0.01,3.162277660168379e-07,1e-07,16777216,p10159
a203,0.01,3.162277660168379e-07,1e-07,16777216,p10160
a203,0.01,3.162277660168379e-07,1e-07,16777216,p10161
a203,0.01,3.162277660168379e-07,1e-07,16777216,p10162
a203,0.01,3.162277660168379e-07,1e-07,16777216,p10163
a203,0.01,3.162277660168379e-07,1e-07,16777216,p10164
a203,0.01,3.162277660168379e-07,1e-07,16777216,p10165
a203,0.01,3.162277660168379e-07,1e-07,16777216,p10166
a203,0.01,3.162277660168379e-07,1e-07,16777216,p10167
a203,0.01,3.162277660168379e-07,1e-07,16777216,p10168
a203,0.01,3.162277660168379e-07,1e-07,16777216,p10169
a203,0.01,3.162277660168379e-07,1e-07,16777216,p10170
a203,0.01,3.162277660168379e-07,1e-07,16777216,p10171
a203,0.01,3.162277660168379e-07,1e-07,16777216,p10172
a203,0.01,3.162277660168379e-07,1e-07,16777216,p10173
a203,0.01,3.162277660168379e-07,1e-07,16777216,p10174
a203,0.01,3.162277660168379e-07,1e-07,16777216,p10175
a203,0.01,3.162277660168379e-07,1e-07,16777216,p10176
a203,0.01,3.162277660168379e-07,1e-07,16777216,p10177
a203,0.01,3.162277660168379e-07,1e-07,16777216,p10178
a203,0.01,3.162277660168379e-07,1e-07,16777216,p10179
a203,0.01,3.162277660168379e-07,1e-07,16777216,p10180
a203,0.01,3.162277660168379e-07,1e-07,16777216,p10181
a203,0.01,3.162277660168379e-07,1e-07,16777216,p10182
a203,0.01,3.162277660168379e-07,1e-07,16777216,p10183
a203,0.01,3.162277660168379e-07,1e-07,16777216,p10184
a203,0.01,3.162277660168379e-07,1e-07,16777216,p10185
a203,0.01,3.162277660168379e-07,1e-07,16777216,p10186
a203,0.01,3.162277660168379e-07,1e-07,16777216,p10187
a203,0.01,3.162277660168379e-07,1e-07,16777216,p10188
a203,0.01,3.162277660168379e-07,1e-07,16777216,p10189
a203,0.01,3.162277660168379e-07,1e-07,16777216,p10190
a203,0.01,3.162277660168379e-07,1e-07,16777216,p10191
a203,0.01,3.162277660168379e-07,1e-07,16777216,p10192
a203,0.01,3.162277660168379e-07,1e-07,16777216,p10193
a203,0.01,3.162277660168379e-07,1e-07,16777216,p10194
a203,0.01,3.162277660168379e-07,1e-07,16777216,p10195
a203,0.01,3.162277660168379e-07,1e-07,16777216,p10196
a203,0.01,3.162277660168379e-07,1e-07,16777216,p10197
a203,0.01,3.162277660168379e-07,1e-07,16777216,p10198
a203,0.01,3.162277660168379e-07,1e-07,16777216,p10199
a204,0.01,3.162277660168379e-07,1e-06,16777216,p10200
a204,0.01,3.162277660168379e-07,1e-06,16777216,p10201
a204,0.01,3.162277660168379e-07,1e-06,16777216,p10202
a204,0.01,3.162277660168379e-07,1e-06,16777216,p10203
a204,0.01,3.162277660168379e-07,1e-06,16777216,p10204
a204,0.01,3.162277660168379e-07,1e-06,16777216,p10205
a204,0.01,3.162277660168379e-07,1e-06,16777216,p10206
a204,0.01,3.162277660168379e-07,1e-06,16777216,p10207
a204,0.01,3.162277660168379e-07,1e-06,16777216,p10208
a204,0.01,3.162277660168379e-07,1e-06,16777216,p10209
a204,0.01,3.162277660168379e-07,1e-06,16777216,p10210
a204,0.01,3.162277660168379e-07,1e-06,16777216,p10211
a204,0.01,3.162277660168379e-07,1e-06,16777216,p10212
a204,0.01,3.162277660168379e-07,1e-06,16777216,p10213
a204,0.01,3.162277660168379e-07,1e-06,16777216,p10214
a204,0.01,3.162277660168379e-07,1e-06,16777216,p10215
a204,0.01,3.162277660168379e-07,1e-06,16777216,p10216
a204,0.01,3.162277660168379e-07,1e-06,16777216,p10217
a204,0.01,3.162277660168379e-07,1e-06,16777216,p10218
a204,0.01,3.162277660168379e-07,1e-06,16777216,p10219
a204,0.01,3.162277660168379e-07,1e-06,16777216,p10220
a204,0.01,3.162277660168379e-07,1e-06,16777216,p10221
a204,0.01,3.162277660168379e-07,1e-06,16777216,p10222
a204,0.01,3.162277660168379e-07,1e-06,16777216,p10223
a204,0.01,3.162277660168379e-07,1e-06,16777216,p10224
a204,0.01,3.162277660168379e-07,1e-06,16777216,p10225
a204,0.01,3.162277660168379e-07,1e-06,16777216,p10226
a204,0.01,3.162277660168379e-07,1e-06,16777216,p10227
a204,0.01,3.162277660168379e-07,1e-06,16777216,p10228
a204,0.01,3.162277660168379e-07,1e-06,16777216,p10229
a204,0.01,3.162277660168379e-07,1e-06,16777216,p10230
a204,0.01,3.162277660168379e-07,1e-06,16777216,p10231
a204,0.01,3.162277660168379e-07,1e-06,16777216,p10232
a204,0.01,3.162277660168379e-07,1e-06,16777216,p10233
a204,0.01,3.162277660168379e-07,1e-06,16777216,p10234
a204,0.01,3.162277660168379e-07,1e-06,16777216,p10235
a204,0.01,3.162277660168379e-07,1e-06,16777216,p10236
a204,0.01,3.162277660168379e-07,1e-06,16777216,p10237
a204,0.01,3.162277660168379e-07,1e-06,16777216,p10238
a204,0.01,3.162277660168379e-07,1e-06,16777216,p10239
a204,0.01,3.162277660168379e-07,1e-06,16777216,p10240
a204,0.01,3.162277660168379e-07,1e-06,16777216,p10241
a204,0.01,3.162277660168379e-07,1e-06,16777216,p10242
a204,0.01,3.162277660168379e-07,1e-06,16777216,p10243
a204,0.01,3.162277660168379e-07,1e-06,16777216,p10244
a204,0.01,3.162277660168379e-07,1e-06,16777216,p10245
a204,0.01,3.162277660168379e-07,1e-06,16777216,p10246
a204,0.01,3.162277660168379e-07,1e-06,16777216,p10247
a204,0.01,3.162277660168379e-07,1e-06,16777216,p10248
a204,0.01,3.162277660168379e-07,1e-06,16777216,p10249
a205,0.01,3.162277660168379e-07,9.999999999999999e-06,16777216,p10250
a205,0.01,3.162277660168379e-07,9.999999999999999e-06,16777216,p10251
a205,0.01,3.162277660168379e-07,9.999999999999999e-06,16777216,p10252
a205,0.01,3.162277660168379e-07,9.999999999999999e-06,16777216,p10253
a205,0.01,3.162277660168379e-07,9.999999999999999e-06,16777216,p10254
a205,0.01,3.162277660168379e-07,9.999999999999999e-06,16777216,p10255
a205,0.01,3.162277660168379e-07,9.999999999999999e-06,16777216,p10256
a205,0.01,3.162277660168379e-07,9.999999999999999e-06,16777216,p10257
a205,0.01,3.162277660168379e-07,9.999999999999999e-06,16777216,p10258
a205,0.01,3.162277660168379e-07,9.999999999999999e-06,16777216,p10259
a205,0.01,3.162277660168379e-07,9.999999999999999e-06,16777216,p10260
a205,0.01,3.162277660168379e-07,9.999999999999999e-06,16777216,p10261
a205,0.01,3.162277660168379e-07,9.999999999999999e-06,16777216,p10262
a205,0.01,3.162277660168379e-07,9.999999999999999e-06,16777216,p10263
a205,0.01,3.162277660168379e-07,9.999999999999999e-06,16777216,p10264
a205,0.01,3.162277660168379e-07,9.999999999999999e-06,16777216,p10265
a205,0.01,3.162277660168379e-07,9.999999999999999e-06,16777216,p10266
a205,0.01,3.162277660168379e-07,9.999999999999999e-06,16777216,p10267
a205,0.01,3.162277660168379e-07,9.999999999999999e-06,16777216,p10268
a205,0.01,3.162277660168379e-07,9.999999999999999e-06,16777216,p10269
a205,0.01,3.162277660168379e-07,9.999999999999999e-06,16777216,p10270
a205,0.01,3.162277660168379e-07,9.999999999999999e-06,16777216,p10271
a205,0.01,3.162277660168379e-07,9.999999999999999e-06,16777216,p10272
a205,0.01,3.162277660168379e-07,9.999999999999999e-06,16777216,p10273
a205,0.01,3.162277660168379e-07,9.999999999999999e-06,16777216,p10274
a205,0.01,3.162277660168379e-07,9.999999999999999e-06,16777216,p10275
a205,0.01,3.162277660168379e-07,9.999999999999999e-06,16777216,p10276
a205,0.01,3.162277660168379e-07,9.999999999999999e-06,16777216,p10277
a205,0.01,3.162277660168379e-07,9.999999999999999e-06,16777216,p10278
a205,0.01,3.162277660168379e-07,9.999999999999999e-06,16777216,p10279
a205,0.01,3.162277660168379e-07,9.999999999999999e-06,16777216,p10280
a205,0.01,3.162277660168379e-07,9.999999999999999e-06,16777216,p10281
a205,0.01,3.162277660168379e-07,9.999999999999999e-06,16777216,p10282
a205,0.01,3.162277660168379e-07,9.999999999999999e-06,16777216,p10283
a205,0.01,3.162277660168379e-07,9.999999999999999e-06,16777216,p10284
a205,0.01,3.162277660168379e-07,9.999999999999999e-06,16777216,p10285
a205,0.01,3.162277660168379e-07,9.999999999999999e-06,16777216,p10286
a205,0.01,3.162277660168379e-07,9.999999999999999e-06,16777216,p10287
a205,0.01,3.162277660168379e-07,9.999999999999999e-06,16777216,p10288
a205,0.01,3.162277660168379e-07,9.999999999999999e-06,16777216,p10289
a205,0.01,3.162277660168379e-07,9.999999999999999e-06,16777216,p10290
a205,0.01,3.162277660168379e-07,9.999999999999999e-06,16777216,p10291
a205,0.01,3.162277660168379e-07,9.999999999999999e-06,16777216,p10292
a205,0.01,3.162277660168379e-07,9.999999999999999e-06,16777216,p10293
a205,0.01,3.162277660168379e-07,9.999999999999999e-06,16777216,p10294
a205,0.01,3.162277660168379e-07,9.999999999999999e-06,16777216,p10295
a205,0.01,3.162277660168379e-07,9.999999999999999e-06,16777216,p10296
a205,0.01,3.162277660168379e-07,9.999999999999999e-06,16777216,p10297
a205,0.01,3.162277660168379e-07,9.999999999999999e-06,16777216,p10298
a205,0.01,3.162277660168379e-07,9.999999999999999e-06,16777216,p10299
a206,0.01,3.162277660168379e-07,0.0001,16777216,p10300
a206,0.01,3.162277660168379e-07,0.0001,16777216,p10301
a206,0.01,3.162277660168379e-07,0.0001,16777216,p10302
a206,0.01,3.162277660168379e-07,0.0001,16777216,p10303
a206,0.01,3.162277660168379e-07,0.0001,16777216,p10304
a206,0.01,3.162277660168379e-07,0.0001,16777216,p10305
a206,0.01,3.162277660168379e-07,0.0001,16777216,p10306
a206,0.01,3.162277660168379e-07,0.0001,16777216,p10307
a206,0.01,3.162277660168379e-07,0.0001,16777216,p10308
a206,0.01,3.162277660168379e-07,0.0001,16777216,p10309
a206,0.01,3.162277660168379e-07,0.0001,16777216,p10310
a206,0.01,3.162277660168379e-07,0.0001,16777216,p10311
a206,0.01,3.162277660168379e-07,0.0001,16777216,p10312
a206,0.01,3.162277660168379e-07,0.0001,16777216,p10313
a206,0.01,3.162277660168379e-07,0.0001,16777216,p10314
a206,0.01,3.162277660168379e-07,0.0001,16777216,p10315
a206,0.01,3.162277660168379e-07,0.0001,16777216,p10316
a206,0.01,3.162277660168379e-07,0.0001,16777216,p10317
a206,0.01,3.162277660168379e-07,0.0001,16777216,p10318
a206,0.01,3.162277660168379e-07,0.0001,16777216,p10319
a206,0.01,3.162277660168379e-07,0.0001,16777216,p10320
a206,0.01,3.162277660168379e-07,0.0001,16777216,p10321
a206,0.01,3.162277660168379e-07,0.0001,16777216,p10322
a206,0.01,3.162277660168379e-07,0.0001,16777216,p10323
a206,0.01,3.162277660168379e-07,0.0001,16777216,p10324
a206,0.01,3.162277660168379e-07,0.0001,16777216,p10325
a206,0.01,3.162277660168379e-07,0.0001,16777216,p10326
a206,0.01,3.162277660168379e-07,0.0001,16777216,p10327
a206,0.01,3.162277660168379e-07,0.0001,16777216,p10328
a206,0.01,3.162277660168379e-07,0.0001,16777216,p10329
a206,0.01,3.162277660168379e-07,0.0001,16777216,p10330
a206,0.01,3.162277660168379e-07,0.0001,16777216,p10331
a206,0.01,3.162277660168379e-07,0.0001,16777216,p10332
a206,0.01,3.162277660168379e-07,0.0001,16777216,p10333
a206,0.01,3.162277660168379e-07,0.0001,16777216,p10334
a206,0.01,3.162277660168379e-07,0.0001,16777216,p10335
a206,0.01,3.162277660168379e-07,0.0001,16777216,p10336
a206,0.01,3.162277660168379e-07,0.0001,16777216,p10337
a206,0.01,3.162277660168379e-07,0.0001,16777216,p10338
a206,0.01,3.162277660168379e-07,0.0001,16777216,p10339
a206,0.01,3.162277660168379e-07,0.0001,16777216,p10340
a206,0.01,3.162277660168379e-07,0.0001,16777216,p10341
a206,0.01,3.162277660168379e-07,0.0001,16777216,p10342
a206,0.01,3.162277660168379e-07,0.0001,16777216,p10343
a206,0.01,3.162277660168379e-07,0.0001,16777216,p10344
a206,0.01,3.162277660168379e-07,0.0001,16777216,p10345
a206,0.01,3.162277660168379e-07,0.0001,16777216,p10346
a206,0.01,3.162277660168379e-07,0.0001,16777216,p10347
a206,0.01,3.162277660168379e-07,0.0001,16777216,p10348
a206,0.01,3.162277660168379e-07,0.0001,16777216,p10349
a207,0.01,3.162277660168379e-07,0.001,16777216,p10350
a207,0.01,3.162277660168379e-07,0.001,16777216,p10351
a207,0.01,3.162277660168379e-07,0.001,16777216,p10352
a207,0.01,3.162277660168379e-07,0.001,16777216,p10353
a207,0.01,3.162277660168379e-07,0.001,16777216,p10354
a207,0.01,3.162277660168379e-07,0.001,16777216,p10355
a207,0.01,3.162277660168379e-07,0.001,16777216,p10356
a207,0.01,3.162277660168379e-07,0.001,16777216,p10357
a207,0.01,3.162277660168379e-07,0.001,16777216,p10358
a207,0.01,3.162277660168379e-07,0.001,16777216,p10359
a207,0.01,3.162277660168379e-07,0.001,16777216,p10360
a207,0.01,3.162277660168379e-07,0.001,16777216,p10361
a207,0.01,3.162277660168379e-07,0.001,16777216,p10362
a207,0.01,3.162277660168379e-07,0.001,16777216,p10363
a207,0.01,3.162277660168379e-07,0.001,16777216,p10364
a207,0.01,3.162277660168379e-07,0.001,16777216,p10365
a207,0.01,3.162277660168379e-07,0.001,16777216,p10366
a207,0.01,3.162277660168379e-07,0.001,16777216,p10367
a207,0.01,3.162277660168379e-07,0.001,16777216,p10368
a207,0.01,3.162277660168379e-07,0.001,16777216,p10369
a207,0.01,3.162277660168379e-07,0.001,16777216,p10370
a207,0.01,3.162277660168379e-07,0.001,16777216,p10371
a207,0.01,3.162277660168379e-07,0.001,16777216,p10372
a207,0.01,3.162277660168379e-07,0.001,16777216,p10373
a207,0.01,3.162277660168379e-07,0.001,16777216,p10374
a207,0.01,3.162277660168379e-07,0.001,16777216,p10375
a207,0.01,3.162277660168379e-07,0.001,16777216,p10376
a207,0.01,3.162277660168379e-07,0.001,16777216,p10377
a207,0.01,3.162277660168379e-07,0.001,16777216,p10378
a207,0.01,3.162277660168379e-07,0.001,16777216,p10379
a207,0.01,3.162277660168379e-07,0.001,16777216,p10380
a207,0.01,3.162277660168379e-07,0.001,16777216,p10381
a207,0.01,3.162277660168379e-07,0.001,16777216,p10382
a207,0.01,3.162277660168379e-07,0.001,16777216,p10383
a207,0.01,3.162277660168379e-07,0.001,16777216,p10384
a207,0.01,3.162277660168379e-07,0.001,16777216,p10385
a207,0.01,3.162277660168379e-07,0.001,16777216,p10386
a207,0.01,3.162277660168379e-07,0.001,16777216,p10387
a207,0.01,3.162277660168379e-07,0.001,16777216,p10388
a207,0.01,3.162277660168379e-07,0.001,16777216,p10389
a207,0.01,3.162277660168379e-07,0.001,16777216,p10390
a207,0.01,3.162277660168379e-07,0.001,16777216,p10391
a207,0.01,3.162277660168379e-07,0.001,16777216,p10392
a207,0.01,3.162277660168379e-07,0.001,16777216,p10393
a207,0.01,3.162277660168379e-07,0.001,16777216,p10394
a207,0.01,3.162277660168379e-07,0.001,16777216,p10395
a207,0.01,3.162277660168379e-07,0.001,16777216,p10396
a207,0.01,3.162277660168379e-07,0.001,16777216,p10397
a207,0.01,3.162277660168379e-07,0.001,16777216,p10398
a207,0.01,3.162277660168379e-07,0.001,16777216,p10399
a208,0.01,3.162277660168379e-07,0.01,16777216,p10400
a208,0.01,3.162277660168379e-07,0.01,16777216,p10401
a208,0.01,3.162277660168379e-07,0.01,16777216,p10402
a208,0.01,3.162277660168379e-07,0.01,16777216,p10403
a208,0.01,3.162277660168379e-07,0.01,16777216,p10404
a208,0.01,3.162277660168379e-07,0.01,16777216,p10405
a208,0.01,3.162277660168379e-07,0.01,16777216,p10406
a208,0.01,3.162277660168379e-07,0.01,16777216,p10407
a208,0.01,3.162277660168379e-07,0.01,16777216,p10408
a208,0.01,3.162277660168379e-07,0.01,16777216,p10409
a208,0.01,3.162277660168379e-07,0.01,16777216,p10410
a208,0.01,3.162277660168379e-07,0.01,16777216,p10411
a208,0.01,3.162277660168379e-07,0.01,16777216,p10412
a208,0.01,3.162277660168379e-07,0.01,16777216,p10413
a208,0.01,3.162277660168379e-07,0.01,16777216,p10414
a208,0.01,3.162277660168379e-07,0.01,16777216,p10415
a208,0.01,3.162277660168379e-07,0.01,16777216,p10416
a208,0.01,3.162277660168379e-07,0.01,16777216,p10417
a208,0.01,3.162277660168379e-07,0.01,16777216,p10418
a208,0.01,3.162277660168379e-07,0.01,16777216,p10419
a208,0.01,3.162277660168379e-07,0.01,16777216,p10420
a208,0.01,3.162277660168379e-07,0.01,16777216,p10421
a208,0.01,3.162277660168379e-07,0.01,16777216,p10422
a208,0.01,3.162277660168379e-07,0.01,16777216,p10423
a208,0.01,3.162277660168379e-07,0.01,16777216,p10424
a208,0.01,3.162277660168379e-07,0.01,16777216,p10425
a208,0.01,3.162277660168379e-07,0.01,16777216,p10426
a208,0.01,3.162277660168379e-07,0.01,16777216,p10427
a208,0.01,3.162277660168379e-07,0.01,16777216,p10428
a208,0.01,3.162277660168379e-07,0.01,16777216,p10429
a208,0.01,3.162277660168379e-07,0.01,16777216,p10430
a208,0.01,3.162277660168379e-07,0.01,16777216,p10431
a208,0.01,3.162277660168379e-07,0.01,16777216,p10432
a208,0.01,3.162277660168379e-07,0.01,16777216,p10433
a208,0.01,3.162277660168379e-07,0.01,16777216,p10434
a208,0.01,3.162277660168379e-07,0.01,16777216,p10435
a208,0.01,3.162277660168379e-07,0.01,16777216,p10436
a208,0.01,3.162277660168379e-07,0.01,16777216,p10437
a208,0.01,3.162277660168379e-07,0.01,16777216,p10438
a208,0.01,3.162277660168379e-07,0.01,16777216,p10439
a208,0.01,3.162277660168379e-07,0.01,16777216,p10440
a208,0.01,3.162277660168379e-07,0.01,16777216,p10441
a208,0.01,3.162277660168379e-07,0.01,16777216,p10442
a208,0.01,3.162277660168379e-07,0.01,16777216,p10443
a208,0.01,3.162277660168379e-07,0.01,16777216,p10444
a208,0.01,3.162277660168379e-07,0.01,16777216,p10445
a208,0.01,3.162277660168379e-07,0.01,16777216,p10446
a208,0.01,3.162277660168379e-07,0.01,16777216,p10447
a208,0.01,3.162277660168379e-07,0.01,16777216,p10448
a208,0.01,3.162277660168379e-07,0.01,16777216,p10449
a209,0.01,3.162277660168379e-07,0.1,16777216,p10450
a209,0.01,3.162277660168379e-07,0.1,16777216,p10451
a209,0.01,3.162277660168379e-07,0.1,16777216,p10452
a209,0.01,3.162277660168379e-07,0.1,16777216,p10453
a209,0.01,3.162277660168379e-07,0.1,16777216,p10454
a209,0.01,3.162277660168379e-07,0.1,16777216,p10455
a209,0.01,3.162277660168379e-07,0.1,16777216,p10456
a209,0.01,3.162277660168379e-07,0.1,16777216,p10457
a209,0.01,3.162277660168379e-07,0.1,16777216,p10458
a209,0.01,3.162277660168379e-07,0.1,16777216,p10459
a209,0.01,3.162277660168379e-07,0.1,16777216,p10460
a209,0.01,3.162277660168379e-07,0.1,16777216,p10461
a209,0.01,3.162277660168379e-07,0.1,16777216,p10462
a209,0.01,3.162277660168379e-07,0.1,16777216,p10463
a209,0.01,3.162277660168379e-07,0.1,16777216,p10464
a209,0.01,3.162277660168379e-07,0.1,16777216,p10465
a209,0.01,3.162277660168379e-07,0.1,16777216,p10466
a209,0.01,3.162277660168379e-07,0.1,16777216,p10467
a209,0.01,3.162277660168379e-07,0.1,16777216,p10468
a209,0.01,3.162277660168379e-07,0.1,16777216,p10469
a209,0.01,3.162277660168379e-07,0.1,16777216,p10470
a209,0.01,3.162277660168379e-07,0.1,16777216,p10471
a209,0.01,3.162277660168379e-07,0.1,16777216,p10472
a209,0.01,3.162277660168379e-07,0.1,16777216,p10473
a209,0.01,3.162277660168379e-07,0.1,16777216,p10474
a209,0.01,3.162277660168379e-07,0.1,16777216,p10475
a209,0.01,3.162277660168379e-07,0.1,16777216,p10476
a209,0.01,3.162277660168379e-07,0.1,16777216,p10477
a209,0.01,3.162277660168379e-07,0.1,16777216,p10478
a209,0.01,3.162277660168379e-07,0.1,16777216,p10479
a209,0.01,3.162277660168379e-07,0.1,16777216,p10480
a209,0.01,3.162277660168379e-07,0.1,16777216,p10481
a209,0.01,3.162277660168379e-07,0.1,16777216,p10482
a209,0.01,3.162277660168379e-07,0.1,16777216,p10483
a209,0.01,3.162277660168379e-07,0.1,16777216,p10484
a209,0.01,3.162277660168379e-07,0.1,16777216,p10485
a209,0.01,3.162277660168379e-07,0.1,16777216,p10486
a209,0.01,3.162277660168379e-07,0.1,16777216,p10487
a209,0.01,3.162277660168379e-07,0.1,16777216,p10488
a209,0.01,3.162277660168379e-07,0.1,16777216,p10489
a209,0.01,3.162277660168379e-07,0.1,16777216,p10490
a209,0.01,3.162277660168379e-07,0.1,16777216,p10491
a209,0.01,3.162277660168379e-07,0.1,16777216,p10492
a209,0.01,3.162277660168379e-07,0.1,16777216,p10493
a209,0.01,3.162277660168379e-07,0.1,16777216,p10494
a209,0.01,3.162277660168379e-07,0.1,16777216,p10495
a209,0.01,3.162277660168379e-07,0.1,16777216,p10496
a209,0.01,3.162277660168379e-07,0.1,16777216,p10497
a209,0.01,3.162277660168379e-07,0.1,16777216,p10498
a209,0.01,3.162277660168379e-07,0.1,16777216,p10499
a210,0.01,1e-06,1e-07,16777216,p10500
a210,0.01,1e-06,1e-07,16777216,p10501
a210,0.01,1e-06,1e-07,16777216,p10502
a210,0.01,1e-06,1e-07,16777216,p10503
a210,0.01,1e-06,1e-07,16777216,p10504
a210,0.01,1e-06,1e-07,16777216,p10505
a210,0.01,1e-06,1e-07,16777216,p10506
a210,0.01,1e-06,1e-07,16777216,p10507
a210,0.01,1e-06,1e-07,16777216,p10508
a210,0.01,1e-06,1e-07,16777216,p10509
a210,0.01,1e-06,1e-07,16777216,p10510
a210,0.01,1e-06,1e-07,16777216,p10511
a210,0.01,1e-06,1e-07,16777216,p10512
a210,0.01,1e-06,1e-07,16777216,p10513
a210,0.01,1e-06,1e-07,16777216,p10514
a210,0.01,1e-06,1e-07,16777216,p10515
a210,0.01,1e-06,1e-07,16777216,p10516
a210,0.01,1e-06,1e-07,16777216,p10517
a210,0.01,1e-06,1e-07,16777216,p10518
a210,0.01,1e-06,1e-07,16777216,p10519
a210,0.01,1e-06,1e-07,16777216,p10520
a210,0.01,1e-06,1e-07,16777216,p10521
a210,0.01,1e-06,1e-07,16777216,p10522
a210,0.01,1e-06,1e-07,16777216,p10523
a210,0.01,1e-06,1e-07,16777216,p10524
a210,0.01,1e-06,1e-07,16777216,p10525
a210,0.01,1e-06,1e-07,16777216,p10526
a210,0.01,1e-06,1e-07,16777216,p10527
a210,0.01,1e-06,1e-07,16777216,p10528
a210,0.01,1e-06,1e-07,16777216,p10529
a210,0.01,1e-06,1e-07,16777216,p10530
a210,0.01,1e-06,1e-07,16777216,p10531
a210,0.01,1e-06,1e-07,16777216,p10532
a210,0.01,1e-06,1e-07,16777216,p10533
a210,0.01,1e-06,1e-07,16777216,p10534
a210,0.01,1e-06,1e-07,16777216,p10535
a210,0.01,1e-06,1e-07,16777216,p10536
a210,0.01,1e-06,1e-07,16777216,p10537
a210,0.01,1e-06,1e-07,16777216,p10538
a210,0.01,1e-06,1e-07,16777216,p10539
a210,0.01,1e-06,1e-07,16777216,p10540
a210,0.01,1e-06,1e-07,16777216,p10541
a210,0.01,1e-06,1e-07,16777216,p10542
a210,0.01,1e-06,1e-07,16777216,p10543
a210,0.01,1e-06,1e-07,16777216,p10544
a210,0.01,1e-06,1e-07,16777216,p10545
a210,0.01,1e-06,1e-07,16777216,p10546
a210,0.01,1e-06,1e-07,16777216,p10547
a210,0.01,1e-06,1e-07,16777216,p10548
a210,0.01,1e-06,1e-07,16777216,p10549
a211,0.01,1e-06,1e-06,16777216,p10550
a211,0.01,1e-06,1e-06,16777216,p10551
a211,0.01,1e-06,1e-06,16777216,p10552
a211,0.01,1e-06,1e-06,16777216,p10553
a211,0.01,1e-06,1e-06,16777216,p10554
a211,0.01,1e-06,1e-06,16777216,p10555
a211,0.01,1e-06,1e-06,16777216,p10556
a211,0.01,1e-06,1e-06,16777216,p10557
a211,0.01,1e-06,1e-06,16777216,p10558
a211,0.01,1e-06,1e-06,16777216,p10559
a211,0.01,1e-06,1e-06,16777216,p10560
a211,0.01,1e-06,1e-06,16777216,p10561
a211,0.01,1e-06,1e-06,16777216,p10562
a211,0.01,1e-06,1e-06,16777216,p10563
a211,0.01,1e-06,1e-06,16777216,p10564
a211,0.01,1e-06,1e-06,16777216,p10565
a211,0.01,1e-06,1e-06,16777216,p10566
a211,0.01,1e-06,1e-06,16777216,p10567
a211,0.01,1e-06,1e-06,16777216,p10568
a211,0.01,1e-06,1e-06,16777216,p10569
a211,0.01,1e-06,1e-06,16777216,p10570
a211,0.01,1e-06,1e-06,16777216,p10571
a211,0.01,1e-06,1e-06,16777216,p10572
a211,0.01,1e-06,1e-06,16777216,p10573
a211,0.01,1e-06,1e-06,16777216,p10574
a211,0.01,1e-06,1e-06,16777216,p10575
a211,0.01,1e-06,1e-06,16777216,p10576
a211,0.01,1e-06,1e-06,16777216,p10577
a211,0.01,1e-06,1e-06,16777216,p10578
a211,0.01,1e-06,1e-06,16777216,p10579
a211,0.01,1e-06,1e-06,16777216,p10580
a211,0.01,1e-06,1e-06,16777216,p10581
a211,0.01,1e-06,1e-06,16777216,p10582
a211,0.01,1e-06,1e-06,16777216,p10583
a211,0.01,1e-06,1e-06,16777216,p10584
a211,0.01,1e-06,1e-06,16777216,p10585
a211,0.01,1e-06,1e-06,16777216,p10586
a211,0.01,1e-06,1e-06,16777216,p10587
a211,0.01,1e-06,1e-06,16777216,p10588
a211,0.01,1e-06,1e-06,16777216,p10589
a211,0.01,1e-06,1e-06,16777216,p10590
a211,0.01,1e-06,1e-06,16777216,p10591
a211,0.01,1e-06,1e-06,16777216,p10592
a211,0.01,1e-06,1e-06,16777216,p10593
a211,0.01,1e-06,1e-06,16777216,p10594
a211,0.01,1e-06,1e-06,16777216,p10595
a211,0.01,1e-06,1e-06,16777216,p10596
a211,0.01,1e-06,1e-06,16777216,p10597
a211,0.01,1e-06,1e-06,16777216,p10598
a211,0.01,1e-06,1e-06,16777216,p10599
a212,0.01,1e-06,9.999999999999999e-06,16777216,p10600
a212,0.01,1e-06,9.999999999999999e-06,16777216,p10601
a212,0.01,1e-06,9.999999999999999e-06,16777216,p10602
a212,0.01,1e-06,9.999999999999999e-06,16777216,p10603
a212,0.01,1e-06,9.999999999999999e-06,16777216,p10604
a212,0.01,1e-06,9.999999999999999e-06,16777216,p10605
a212,0.01,1e-06,9.999999999999999e-06,16777216,p10606
a212,0.01,1e-06,9.999999999999999e-06,16777216,p10607
a212,0.01,1e-06,9.999999999999999e-06,16777216,p10608
a212,0.01,1e-06,9.999999999999999e-06,16777216,p10609
a212,0.01,1e-06,9.999999999999999e-06,16777216,p10610
a212,0.01,1e-06,9.999999999999999e-06,16777216,p10611
a212,0.01,1e-06,9.999999999999999e-06,16777216,p10612
a212,0.01,1e-06,9.999999999999999e-06,16777216,p10613
a212,0.01,1e-06,9.999999999999999e-06,16777216,p10614
a212,0.01,1e-06,9.999999999999999e-06,16777216,p10615
a212,0.01,1e-06,9.999999999999999e-06,16777216,p10616
a212,0.01,1e-06,9.999999999999999e-06,16777216,p10617
a212,0.01,1e-06,9.999999999999999e-06,16777216,p10618
a212,0.01,1e-06,9.999999999999999e-06,16777216,p10619
a212,0.01,1e-06,9.999999999999999e-06,16777216,p10620
a212,0.01,1e-06,9.999999999999999e-06,16777216,p10621
a212,0.01,1e-06,9.999999999999999e-06,16777216,p10622
a212,0.01,1e-06,9.999999999999999e-06,16777216,p10623
a212,0.01,1e-06,9.999999999999999e-06,16777216,p10624
a212,0.01,1e-06,9.999999999999999e-06,16777216,p10625
a212,0.01,1e-06,9.999999999999999e-06,16777216,p10626
a212,0.01,1e-06,9.999999999999999e-06,16777216,p10627
a212,0.01,1e-06,9.999999999999999e-06,16777216,p10628
a212,0.01,1e-06,9.999999999999999e-06,16777216,p10629
a212,0.01,1e-06,9.999999999999999e-06,16777216,p10630
a212,0.01,1e-06,9.999999999999999e-06,16777216,p10631
a212,0.01,1e-06,9.999999999999999e-06,16777216,p10632
a212,0.01,1e-06,9.999999999999999e-06,16777216,p10633
a212,0.01,1e-06,9.999999999999999e-06,16777216,p10634
a212,0.01,1e-06,9.999999999999999e-06,16777216,p10635
a212,0.01,1e-06,9.999999999999999e-06,16777216,p10636
a212,0.01,1e-06,9.999999999999999e-06,16777216,p10637
a212,0.01,1e-06,9.999999999999999e-06,16777216,p10638
a212,0.01,1e-06,9.999999999999999e-06,16777216,p10639
a212,0.01,1e-06,9.999999999999999e-06,16777216,p10640
a212,0.01,1e-06,9.999999999999999e-06,16777216,p10641
a212,0.01,1e-06,9.999999999999999e-06,16777216,p10642
a212,0.01,1e-06,9.999999999999999e-06,16777216,p10643
a212,0.01,1e-06,9.999999999999999e-06,16777216,p10644
a212,0.01,1e-06,9.999999999999999e-06,16777216,p10645
a212,0.01,1e-06,9.999999999999999e-06,16777216,p10646
a212,0.01,1e-06,9.999999999999999e-06,16777216,p10647
a212,0.01,1e-06,9.999999999999999e-06,16777216,p10648
a212,0.01,1e-06,9.999999999999999e-06,16777216,p10649
a213,0.01,1e-06,0.0001,16777216,p10650
a213,0.01,1e-06,0.0001,16777216,p10651
a213,0.01,1e-06,0.0001,16777216,p10652
a213,0.01,1e-06,0.0001,16777216,p10653
a213,0.01,1e-06,0.0001,16777216,p10654
a213,0.01,1e-06,0.0001,16777216,p10655
a213,0.01,1e-06,0.0001,16777216,p10656
a213,0.01,1e-06,0.0001,16777216,p10657
a213,0.01,1e-06,0.0001,16777216,p10658
a213,0.01,1e-06,0.0001,16777216,p10659
a213,0.01,1e-06,0.0001,16777216,p10660
a213,0.01,1e-06,0.0001,16777216,p10661
a213,0.01,1e-06,0.0001,16777216,p10662
a213,0.01,1e-06,0.0001,16777216,p10663
a213,0.01,1e-06,0.0001,16777216,p10664
a213,0.01,1e-06,0.0001,16777216,p10665
a213,0.01,1e-06,0.0001,16777216,p10666
a213,0.01,1e-06,0.0001,16777216,p10667
a213,0.01,1e-06,0.0001,16777216,p10668
a213,0.01,1e-06,0.0001,16777216,p10669
a213,0.01,1e-06,0.0001,16777216,p10670
a213,0.01,1e-06,0.0001,16777216,p10671
a213,0.01,1e-06,0.0001,16777216,p10672
a213,0.01,1e-06,0.0001,16777216,p10673
a213,0.01,1e-06,0.0001,16777216,p10674
a213,0.01,1e-06,0.0001,16777216,p10675
a213,0.01,1e-06,0.0001,16777216,p10676
a213,0.01,1e-06,0.0001,16777216,p10677
a213,0.01,1e-06,0.0001,16777216,p10678
a213,0.01,1e-06,0.0001,16777216,p10679
a213,0.01,1e-06,0.0001,16777216,p10680
a213,0.01,1e-06,0.0001,16777216,p10681
a213,0.01,1e-06,0.0001,16777216,p10682
a213,0.01,1e-06,0.0001,16777216,p10683
a213,0.01,1e-06,0.0001,16777216,p10684
a213,0.01,1e-06,0.0001,16777216,p10685
a213,0.01,1e-06,0.0001,16777216,p10686
a213,0.01,1e-06,0.0001,16777216,p10687
a213,0.01,1e-06,0.0001,16777216,p10688
a213,0.01,1e-06,0.0001,16777216,p10689
a213,0.01,1e-06,0.0001,16777216,p10690
a213,0.01,1e-06,0.0001,16777216,p10691
a213,0.01,1e-06,0.0001,16777216,p10692
a213,0.01,1e-06,0.0001,16777216,p10693
a213,0.01,1e-06,0.0001,16777216,p10694
a213,0.01,1e-06,0.0001,16777216,p10695
a213,0.01,1e-06,0.0001,16777216,p10696
a213,0.01,1e-06,0.0001,16777216,p10697
a213,0.01,1e-06,0.0001,16777216,p10698
a213,0.01,1e-06,0.0001,16777216,p10699
a214,0.01,1e-06,0.001,16777216,p10700
a214,0.01,1e-06,0.001,16777216,p10701
a214,0.01,1e-06,0.001,16777216,p10702
a214,0.01,1e-06,0.001,16777216,p10703
a214,0.01,1e-06,0.001,16777216,p10704
a214,0.01,1e-06,0.001,16777216,p10705
a214,0.01,1e-06,0.001,16777216,p10706
a214,0.01,1e-06,0.001,16777216,p10707
a214,0.01,1e-06,0.001,16777216,p10708
a214,0.01,1e-06,0.001,16777216,p10709
a214,0.01,1e-06,0.001,16777216,p10710
a214,0.01,1e-06,0.001,16777216,p10711
a214,0.01,1e-06,0.001,16777216,p10712
a214,0.01,1e-06,0.001,16777216,p10713
a214,0.01,1e-06,0.001,16777216,p10714
a214,0.01,1e-06,0.001,16777216,p10715
a214,0.01,1e-06,0.001,16777216,p10716
a214,0.01,1e-06,0.001,16777216,p10717
a214,0.01,1e-06,0.001,16777216,p10718
a214,0.01,1e-06,0.001,16777216,p10719
a214,0.01,1e-06,0.001,16777216,p10720
a214,0.01,1e-06,0.001,16777216,p10721
a214,0.01,1e-06,0.001,16777216,p10722
a214,0.01,1e-06,0.001,16777216,p10723
a214,0.01,1e-06,0.001,16777216,p10724
a214,0.01,1e-06,0.001,16777216,p10725
a214,0.01,1e-06,0.001,16777216,p10726
a214,0.01,1e-06,0.001,16777216,p10727
a214,0.01,1e-06,0.001,16777216,p10728
a214,0.01,1e-06,0.001,16777216,p10729
a214,0.01,1e-06,0.001,16777216,p10730
a214,0.01,1e-06,0.001,16777216,p10731
a214,0.01,1e-06,0.001,16777216,p10732
a214,0.01,1e-06,0.001,16777216,p10733
a214,0.01,1e-06,0.001,16777216,p10734
a214,0.01,1e-06,0.001,16777216,p10735
a214,0.01,1e-06,0.001,16777216,p10736
a214,0.01,1e-06,0.001,16777216,p10737
a214,0.01,1e-06,0.001,16777216,p10738
a214,0.01,1e-06,0.001,16777216,p10739
a214,0.01,1e-06,0.001,16777216,p10740
a214,0.01,1e-06,0.001,16777216,p10741
a214,0.01,1e-06,0.001,16777216,p10742
a214,0.01,1e-06,0.001,16777216,p10743
a214,0.01,1e-06,0.001,16777216,p10744
a214,0.01,1e-06,0.001,16777216,p10745
a214,0.01,1e-06,0.001,16777216,p10746
a214,0.01,1e-06,0.001,16777216,p10747
a214,0.01,1e-06,0.001,16777216,p10748
a214,0.01,1e-06,0.001,16777216,p10749
a215,0.01,1e-06,0.01,16777216,p10750
a215,0.01,1e-06,0.01,16777216,p10751
a215,0.01,1e-06,0.01,16777216,p10752
a215,0.01,1e-06,0.01,16777216,p10753
a215,0.01,1e-06,0.01,16777216,p10754
a215,0.01,1e-06,0.01,16777216,p10755
a215,0.01,1e-06,0.01,16777216,p10756
a215,0.01,1e-06,0.01,16777216,p10757
a215,0.01,1e-06,0.01,16777216,p10758
a215,0.01,1e-06,0.01,16777216,p10759
a215,0.01,1e-06,0.01,16777216,p10760
a215,0.01,1e-06,0.01,16777216,p10761
a215,0.01,1e-06,0.01,16777216,p10762
a215,0.01,1e-06,0.01,16777216,p10763
a215,0.01,1e-06,0.01,16777216,p10764
a215,0.01,1e-06,0.01,16777216,p10765
a215,0.01,1e-06,0.01,16777216,p10766
a215,0.01,1e-06,0.01,16777216,p10767
a215,0.01,1e-06,0.01,16777216,p10768
a215,0.01,1e-06,0.01,16777216,p10769
a215,0.01,1e-06,0.01,16777216,p10770
a215,0.01,1e-06,0.01,16777216,p10771
a215,0.01,1e-06,0.01,16777216,p10772
a215,0.01,1e-06,0.01,16777216,p10773
a215,0.01,1e-06,0.01,16777216,p10774
a215,0.01,1e-06,0.01,16777216,p10775
a215,0.01,1e-06,0.01,16777216,p10776
a215,0.01,1e-06,0.01,16777216,p10777
a215,0.01,1e-06,0.01,16777216,p10778
a215,0.01,1e-06,0.01,16777216,p10779
a215,0.01,1e-06,0.01,16777216,p10780
a215,0.01,1e-06,0.01,16777216,p10781
a215,0.01,1e-06,0.01,16777216,p10782
a215,0.01,1e-06,0.01,16777216,p10783
a215,0.01,1e-06,0.01,16777216,p10784
a215,0.01,1e-06,0.01,16777216,p10785
a215,0.01,1e-06,0.01,16777216,p10786
a215,0.01,1e-06,0.01,16777216,p10787
a215,0.01,1e-06,0.01,16777216,p10788
a215,0.01,1e-06,0.01,16777216,p10789
a215,0.01,1e-06,0.01,16777216,p10790
a215,0.01,1e-06,0.01,16777216,p10791
a215,0.01,1e-06,0.01,16777216,p10792
a215,0.01,1e-06,0.01,16777216,p10793
a215,0.01,1e-06,0.01,16777216,p10794
a215,0.01,1e-06,0.01,16777216,p10795
a215,0.01,1e-06,0.01,16777216,p10796
a215,0.01,1e-06,0.01,16777216,p10797
a215,0.01,1e-06,0.01,16777216,p10798
a215,0.01,1e-06,0.01,16777216,p10799
a216,0.01,1e-06,0.1,16777216,p10800
a216,0.01,1e-06,0.1,16777216,p10801
a216,0.01,1e-06,0.1,16777216,p10802
a216,0.01,1e-06,0.1,16777216,p10803
a216,0.01,1e-06,0.1,16777216,p10804
a216,0.01,1e-06,0.1,16777216,p10805
a216,0.01,1e-06,0.1,16777216,p10806
a216,0.01,1e-06,0.1,16777216,p10807
a216,0.01,1e-06,0.1,16777216,p10808
a216,0.01,1e-06,0.1,16777216,p10809
a216,0.01,1e-06,0.1,16777216,p10810
a216,0.01,1e-06,0.1,16777216,p10811
a216,0.01,1e-06,0.1,16777216,p10812
a216,0.01,1e-06,0.1,16777216,p10813
a216,0.01,1e-06,0.1,16777216,p10814
a216,0.01,1e-06,0.1,16777216,p10815
a216,0.01,1e-06,0.1,16777216,p10816
a216,0.01,1e-06,0.1,16777216,p10817
a216,0.01,1e-06,0.1,16777216,p10818
a216,0.01,1e-06,0.1,16777216,p10819
a216,0.01,1e-06,0.1,16777216,p10820
a216,0.01,1e-06,0.1,16777216,p10821
a216,0.01,1e-06,0.1,16777216,p10822
a216,0.01,1e-06,0.1,16777216,p10823
a216,0.01,1e-06,0.1,16777216,p10824
a216,0.01,1e-06,0.1,16777216,p10825
a216,0.01,1e-06,0.1,16777216,p10826
a216,0.01,1e-06,0.1,16777216,p10827
a216,0.01,1e-06,0.1,16777216,p10828
a216,0.01,1e-06,0.1,16777216,p10829
a216,0.01,1e-06,0.1,16777216,p10830
a216,0.01,1e-06,0.1,16777216,p10831
a216,0.01,1e-06,0.1,16777216,p10832
a216,0.01,1e-06,0.1,16777216,p10833
a216,0.01,1e-06,0.1,16777216,p10834
a216,0.01,1e-06,0.1,16777216,p10835
a216,0.01,1e-06,0.1,16777216,p10836
a216,0.01,1e-06,0.1,16777216,p10837
a216,0.01,1e-06,0.1,16777216,p10838
a216,0.01,1e-06,0.1,16777216,p10839
a216,0.01,1e-06,0.1,16777216,p10840
a216,0.01,1e-06,0.1,16777216,p10841
a216,0.01,1e-06,0.1,16777216,p10842
a216,0.01,1e-06,0.1,16777216,p10843
a216,0.01,1e-06,0.1,16777216,p10844
a216,0.01,1e-06,0.1,16777216,p10845
a216,0.01,1e-06,0.1,16777216,p10846
a216,0.01,1e-06,0.1,16777216,p10847
a216,0.01,1e-06,0.1,16777216,p10848
a216,0.01,1e-06,0.1,16777216,p10849
a217,0.01,3.162277660168379e-06,1e-07,6324555,p10850
a217,0.01,3.162277660168379e-06,1e-07,6324555,p10851
a217,0.01,3.162277660168379e-06,1e-07,6324555,p10852
a217,0.01,3.162277660168379e-06,1e-07,6324555,p10853
a217,0.01,3.162277660168379e-06,1e-07,6324555,p10854
a217,0.01,3.162277660168379e-06,1e-07,6324555,p10855
a217,0.01,3.162277660168379e-06,1e-07,6324555,p10856
a217,0.01,3.162277660168379e-06,1e-07,6324555,p10857
a217,0.01,3.162277660168379e-06,1e-07,6324555,p10858
a217,0.01,3.162277660168379e-06,1e-07,6324555,p10859
a217,0.01,3.162277660168379e-06,1e-07,6324555,p10860
a217,0.01,3.162277660168379e-06,1e-07,6324555,p10861
a217,0.01,3.162277660168379e-06,1e-07,6324555,p10862
a217,0.01,3.162277660168379e-06,1e-07,6324555,p10863
a217,0.01,3.162277660168379e-06,1e-07,6324555,p10864
a217,0.01,3.162277660168379e-06,1e-07,6324555,p10865
a217,0.01,3.162277660168379e-06,1e-07,6324555,p10866
a217,0.01,3.162277660168379e-06,1e-07,6324555,p10867
a217,0.01,3.162277660168379e-06,1e-07,6324555,p10868
a217,0.01,3.162277660168379e-06,1e-07,6324555,p10869
a217,0.01,3.162277660168379e-06,1e-07,6324555,p10870
a217,0.01,3.162277660168379e-06,1e-07,6324555,p10871
a217,0.01,3.162277660168379e-06,1e-07,6324555,p10872
a217,0.01,3.162277660168379e-06,1e-07,6324555,p10873
a217,0.01,3.162277660168379e-06,1e-07,6324555,p10874
a217,0.01,3.162277660168379e-06,1e-07,6324555,p10875
a217,0.01,3.162277660168379e-06,1e-07,6324555,p10876
a217,0.01,3.162277660168379e-06,1e-07,6324555,p10877
a217,0.01,3.162277660168379e-06,1e-07,6324555,p10878
a217,0.01,3.162277660168379e-06,1e-07,6324555,p10879
a217,0.01,3.162277660168379e-06,1e-07,6324555,p10880
a217,0.01,3.162277660168379e-06,1e-07,6324555,p10881
a217,0.01,3.162277660168379e-06,1e-07,6324555,p10882
a217,0.01,3.162277660168379e-06,1e-07,6324555,p10883
a217,0.01,3.162277660168379e-06,1e-07,6324555,p10884
a217,0.01,3.162277660168379e-06,1e-07,6324555,p10885
a217,0.01,3.162277660168379e-06,1e-07,6324555,p10886
a217,0.01,3.162277660168379e-06,1e-07,6324555,p10887
a217,0.01,3.162277660168379e-06,1e-07,6324555,p10888
a217,0.01,3.162277660168379e-06,1e-07,6324555,p10889
a217,0.01,3.162277660168379e-06,1e-07,6324555,p10890
a217,0.01,3.162277660168379e-06,1e-07,6324555,p10891
a217,0.01,3.162277660168379e-06,1e-07,6324555,p10892
a217,0.01,3.162277660168379e-06,1e-07,6324555,p10893
a217,0.01,3.162277660168379e-06,1e-07,6324555,p10894
a217,0.01,3.162277660168379e-06,1e-07,6324555,p10895
a217,0.01,3.162277660168379e-06,1e-07,6324555,p10896
a217,0.01,3.162277660168379e-06,1e-07,6324555,p10897
a217,0.01,3.162277660168379e-06,1e-07,6324555,p10898
a217,0.01,3.162277660168379e-06,1e-07,6324555,p10899
a218,0.01,3.162277660168379e-06,1e-06,6324555,p10900
a218,0.01,3.162277660168379e-06,1e-06,6324555,p10901
a218,0.01,3.162277660168379e-06,1e-06,6324555,p10902
a218,0.01,3.162277660168379e-06,1e-06,6324555,p10903
a218,0.01,3.162277660168379e-06,1e-06,6324555,p10904
a218,0.01,3.162277660168379e-06,1e-06,6324555,p10905
a218,0.01,3.162277660168379e-06,1e-06,6324555,p10906
a218,0.01,3.162277660168379e-06,1e-06,6324555,p10907
a218,0.01,3.162277660168379e-06,1e-06,6324555,p10908
a218,0.01,3.162277660168379e-06,1e-06,6324555,p10909
a218,0.01,3.162277660168379e-06,1e-06,6324555,p10910
a218,0.01,3.162277660168379e-06,1e-06,6324555,p10911
a218,0.01,3.162277660168379e-06,1e-06,6324555,p10912
a218,0.01,3.162277660168379e-06,1e-06,6324555,p10913
a218,0.01,3.162277660168379e-06,1e-06,6324555,p10914
a218,0.01,3.162277660168379e-06,1e-06,6324555,p10915
a218,0.01,3.162277660168379e-06,1e-06,6324555,p10916
a218,0.01,3.162277660168379e-06,1e-06,6324555,p10917
a218,0.01,3.162277660168379e-06,1e-06,6324555,p10918
a218,0.01,3.162277660168379e-06,1e-06,6324555,p10919
a218,0.01,3.162277660168379e-06,1e-06,6324555,p10920
a218,0.01,3.162277660168379e-06,1e-06,6324555,p10921
a218,0.01,3.162277660168379e-06,1e-06,6324555,p10922
a218,0.01,3.162277660168379e-06,1e-06,6324555,p10923
a218,0.01,3.162277660168379e-06,1e-06,6324555,p10924
a218,0.01,3.162277660168379e-06,1e-06,6324555,p10925
a218,0.01,3.162277660168379e-06,1e-06,6324555,p10926
a218,0.01,3.162277660168379e-06,1e-06,6324555,p10927
a218,0.01,3.162277660168379e-06,1e-06,6324555,p10928
a218,0.01,3.162277660168379e-06,1e-06,6324555,p10929
a218,0.01,3.162277660168379e-06,1e-06,6324555,p10930
a218,0.01,3.162277660168379e-06,1e-06,6324555,p10931
a218,0.01,3.162277660168379e-06,1e-06,6324555,p10932
a218,0.01,3.162277660168379e-06,1e-06,6324555,p10933
a218,0.01,3.162277660168379e-06,1e-06,6324555,p10934
a218,0.01,3.162277660168379e-06,1e-06,6324555,p10935
a218,0.01,3.162277660168379e-06,1e-06,6324555,p10936
a218,0.01,3.162277660168379e-06,1e-06,6324555,p10937
a218,0.01,3.162277660168379e-06,1e-06,6324555,p10938
a218,0.01,3.162277660168379e-06,1e-06,6324555,p10939
a218,0.01,3.162277660168379e-06,1e-06,6324555,p10940
a218,0.01,3.162277660168379e-06,1e-06,6324555,p10941
a218,0.01,3.162277660168379e-06,1e-06,6324555,p10942
a218,0.01,3.162277660168379e-06,1e-06,6324555,p10943
a218,0.01,3.162277660168379e-06,1e-06,6324555,p10944
a218,0.01,3.162277660168379e-06,1e-06,6324555,p10945
a218,0.01,3.162277660168379e-06,1e-06,6324555,p10946
a218,0.01,3.162277660168379e-06,1e-06,6324555,p10947
a218,0.01,3.162277660168379e-06,1e-06,6324555,p10948
a218,0.01,3.162277660168379e-06,1e-06,6324555,p10949
a219,0.01,3.162277660168379e-06,9.999999999999999e-06,6324555,p10950
a219,0.01,3.162277660168379e-06,9.999999999999999e-06,6324555,p10951
a219,0.01,3.162277660168379e-06,9.999999999999999e-06,6324555,p10952
a219,0.01,3.162277660168379e-06,9.999999999999999e-06,6324555,p10953
a219,0.01,3.162277660168379e-06,9.999999999999999e-06,6324555,p10954
a219,0.01,3.162277660168379e-06,9.999999999999999e-06,6324555,p10955
a219,0.01,3.162277660168379e-06,9.999999999999999e-06,6324555,p10956
a219,0.01,3.162277660168379e-06,9.999999999999999e-06,6324555,p10957
a219,0.01,3.162277660168379e-06,9.999999999999999e-06,6324555,p10958
a219,0.01,3.162277660168379e-06,9.999999999999999e-06,6324555,p10959
a219,0.01,3.162277660168379e-06,9.999999999999999e-06,6324555,p10960
a219,0.01,3.162277660168379e-06,9.999999999999999e-06,6324555,p10961
a219,0.01,3.162277660168379e-06,9.999999999999999e-06,6324555,p10962
a219,0.01,3.162277660168379e-06,9.999999999999999e-06,6324555,p10963
a219,0.01,3.162277660168379e-06,9.999999999999999e-06,6324555,p10964
a219,0.01,3.162277660168379e-06,9.999999999999999e-06,6324555,p10965
a219,0.01,3.162277660168379e-06,9.999999999999999e-06,6324555,p10966
a219,0.01,3.162277660168379e-06,9.999999999999999e-06,6324555,p10967
a219,0.01,3.162277660168379e-06,9.999999999999999e-06,6324555,p10968
a219,0.01,3.162277660168379e-06,9.999999999999999e-06,6324555,p10969
a219,0.01,3.162277660168379e-06,9.999999999999999e-06,6324555,p10970
a219,0.01,3.162277660168379e-06,9.999999999999999e-06,6324555,p10971
a219,0.01,3.162277660168379e-06,9.999999999999999e-06,6324555,p10972
a219,0.01,3.162277660168379e-06,9.999999999999999e-06,6324555,p10973
a219,0.01,3.162277660168379e-06,9.999999999999999e-06,6324555,p10974
a219,0.01,3.162277660168379e-06,9.999999999999999e-06,6324555,p10975
a219,0.01,3.162277660168379e-06,9.999999999999999e-06,6324555,p10976
a219,0.01,3.162277660168379e-06,9.999999999999999e-06,6324555,p10977
a219,0.01,3.162277660168379e-06,9.999999999999999e-06,6324555,p10978
a219,0.01,3.162277660168379e-06,9.999999999999999e-06,6324555,p10979
a219,0.01,3.162277660168379e-06,9.999999999999999e-06,6324555,p10980
a219,0.01,3.162277660168379e-06,9.999999999999999e-06,6324555,p10981
a219,0.01,3.162277660168379e-06,9.999999999999999e-06,6324555,p10982
a219,0.01,3.162277660168379e-06,9.999999999999999e-06,6324555,p10983
a219,0.01,3.162277660168379e-06,9.999999999999999e-06,6324555,p10984
a219,0.01,3.162277660168379e-06,9.999999999999999e-06,6324555,p10985
a219,0.01,3.162277660168379e-06,9.999999999999999e-06,6324555,p10986
a219,0.01,3.162277660168379e-06,9.999999999999999e-06,6324555,p10987
a219,0.01,3.162277660168379e-06,9.999999999999999e-06,6324555,p10988
a219,0.01,3.162277660168379e-06,9.999999999999999e-06,6324555,p10989
a219,0.01,3.162277660168379e-06,9.999999999999999e-06,6324555,p10990
a219,0.01,3.162277660168379e-06,9.999999999999999e-06,6324555,p10991
a219,0.01,3.162277660168379e-06,9.999999999999999e-06,6324555,p10992
a219,0.01,3.162277660168379e-06,9.999999999999999e-06,6324555,p10993
a219,0.01,3.162277660168379e-06,9.999999999999999e-06,6324555,p10994
a219,0.01,3.162277660168379e-06,9.999999999999999e-06,6324555,p10995
a219,0.01,3.162277660168379e-06,9.999999999999999e-06,6324555,p10996
a219,0.01,3.162277660168379e-06,9.999999999999999e-06,6324555,p10997
a219,0.01,3.162277660168379e-06,9.999999999999999e-06,6324555,p10998
a219,0.01,3.162277660168379e-06,9.999999999999999e-06,6324555,p10999
a220,0.01,3.162277660168379e-06,0.0001,6324555,p11000
a220,0.01,3.162277660168379e-06,0.0001,6324555,p11001
a220,0.01,3.162277660168379e-06,0.0001,6324555,p11002
a220,0.01,3.162277660168379e-06,0.0001,6324555,p11003
a220,0.01,3.162277660168379e-06,0.0001,6324555,p11004
a220,0.01,3.162277660168379e-06,0.0001,6324555,p11005
a220,0.01,3.162277660168379e-06,0.0001,6324555,p11006
a220,0.01,3.162277660168379e-06,0.0001,6324555,p11007
a220,0.01,3.162277660168379e-06,0.0001,6324555,p11008
a220,0.01,3.162277660168379e-06,0.0001,6324555,p11009
a220,0.01,3.162277660168379e-06,0.0001,6324555,p11010
a220,0.01,3.162277660168379e-06,0.0001,6324555,p11011
a220,0.01,3.162277660168379e-06,0.0001,6324555,p11012
a220,0.01,3.162277660168379e-06,0.0001,6324555,p11013
a220,0.01,3.162277660168379e-06,0.0001,6324555,p11014
a220,0.01,3.162277660168379e-06,0.0001,6324555,p11015
a220,0.01,3.162277660168379e-06,0.0001,6324555,p11016
a220,0.01,3.162277660168379e-06,0.0001,6324555,p11017
a220,0.01,3.162277660168379e-06,0.0001,6324555,p11018
a220,0.01,3.162277660168379e-06,0.0001,6324555,p11019
a220,0.01,3.162277660168379e-06,0.0001,6324555,p11020
a220,0.01,3.162277660168379e-06,0.0001,6324555,p11021
a220,0.01,3.162277660168379e-06,0.0001,6324555,p11022
a220,0.01,3.162277660168379e-06,0.0001,6324555,p11023
a220,0.01,3.162277660168379e-06,0.0001,6324555,p11024
a220,0.01,3.162277660168379e-06,0.0001,6324555,p11025
a220,0.01,3.162277660168379e-06,0.0001,6324555,p11026
a220,0.01,3.162277660168379e-06,0.0001,6324555,p11027
a220,0.01,3.162277660168379e-06,0.0001,6324555,p11028
a220,0.01,3.162277660168379e-06,0.0001,6324555,p11029
a220,0.01,3.162277660168379e-06,0.0001,6324555,p11030
a220,0.01,3.162277660168379e-06,0.0001,6324555,p11031
a220,0.01,3.162277660168379e-06,0.0001,6324555,p11032
a220,0.01,3.162277660168379e-06,0.0001,6324555,p11033
a220,0.01,3.162277660168379e-06,0.0001,6324555,p11034
a220,0.01,3.162277660168379e-06,0.0001,6324555,p11035
a220,0.01,3.162277660168379e-06,0.0001,6324555,p11036
a220,0.01,3.162277660168379e-06,0.0001,6324555,p11037
a220,0.01,3.162277660168379e-06,0.0001,6324555,p11038
a220,0.01,3.162277660168379e-06,0.0001,6324555,p11039
a220,0.01,3.162277660168379e-06,0.0001,6324555,p11040
a220,0.01,3.162277660168379e-06,0.0001,6324555,p11041
a220,0.01,3.162277660168379e-06,0.0001,6324555,p11042
a220,0.01,3.162277660168379e-06,0.0001,6324555,p11043
a220,0.01,3.162277660168379e-06,0.0001,6324555,p11044
a220,0.01,3.162277660168379e-06,0.0001,6324555,p11045
a220,0.01,3.162277660168379e-06,0.0001,6324555,p11046
a220,0.01,3.162277660168379e-06,0.0001,6324555,p11047
a220,0.01,3.162277660168379e-06,0.0001,6324555,p11048
a220,0.01,3.162277660168379e-06,0.0001,6324555,p11049
a221,0.01,3.162277660168379e-06,0.001,6324555,p11050
a221,0.01,3.162277660168379e-06,0.001,6324555,p11051
a221,0.01,3.162277660168379e-06,0.001,6324555,p11052
a221,0.01,3.162277660168379e-06,0.001,6324555,p11053
a221,0.01,3.162277660168379e-06,0.001,6324555,p11054
a221,0.01,3.162277660168379e-06,0.001,6324555,p11055
a221,0.01,3.162277660168379e-06,0.001,6324555,p11056
a221,0.01,3.162277660168379e-06,0.001,6324555,p11057
a221,0.01,3.162277660168379e-06,0.001,6324555,p11058
a221,0.01,3.162277660168379e-06,0.001,6324555,p11059
a221,0.01,3.162277660168379e-06,0.001,6324555,p11060
a221,0.01,3.162277660168379e-06,0.001,6324555,p11061
a221,0.01,3.162277660168379e-06,0.001,6324555,p11062
a221,0.01,3.162277660168379e-06,0.001,6324555,p11063
a221,0.01,3.162277660168379e-06,0.001,6324555,p11064
a221,0.01,3.162277660168379e-06,0.001,6324555,p11065
a221,0.01,3.162277660168379e-06,0.001,6324555,p11066
a221,0.01,3.162277660168379e-06,0.001,6324555,p11067
a221,0.01,3.162277660168379e-06,0.001,6324555,p11068
a221,0.01,3.162277660168379e-06,0.001,6324555,p11069
a221,0.01,3.162277660168379e-06,0.001,6324555,p11070
a221,0.01,3.162277660168379e-06,0.001,6324555,p11071
a221,0.01,3.162277660168379e-06,0.001,6324555,p11072
a221,0.01,3.162277660168379e-06,0.001,6324555,p11073
a221,0.01,3.162277660168379e-06,0.001,6324555,p11074
a221,0.01,3.162277660168379e-06,0.001,6324555,p11075
a221,0.01,3.162277660168379e-06,0.001,6324555,p11076
a221,0.01,3.162277660168379e-06,0.001,6324555,p11077
a221,0.01,3.162277660168379e-06,0.001,6324555,p11078
a221,0.01,3.162277660168379e-06,0.001,6324555,p11079
a221,0.01,3.162277660168379e-06,0.001,6324555,p11080
a221,0.01,3.162277660168379e-06,0.001,6324555,p11081
a221,0.01,3.162277660168379e-06,0.001,6324555,p11082
a221,0.01,3.162277660168379e-06,0.001,6324555,p11083
a221,0.01,3.162277660168379e-06,0.001,6324555,p11084
a221,0.01,3.162277660168379e-06,0.001,6324555,p11085
a221,0.01,3.162277660168379e-06,0.001,6324555,p11086
a221,0.01,3.162277660168379e-06,0.001,6324555,p11087
a221,0.01,3.162277660168379e-06,0.001,6324555,p11088
a221,0.01,3.162277660168379e-06,0.001,6324555,p11089
a221,0.01,3.162277660168379e-06,0.001,6324555,p11090
a221,0.01,3.162277660168379e-06,0.001,6324555,p11091
a221,0.01,3.162277660168379e-06,0.001,6324555,p11092
a221,0.01,3.162277660168379e-06,0.001,6324555,p11093
a221,0.01,3.162277660168379e-06,0.001,6324555,p11094
a221,0.01,3.162277660168379e-06,0.001,6324555,p11095
a221,0.01,3.162277660168379e-06,0.001,6324555,p11096
a221,0.01,3.162277660168379e-06,0.001,6324555,p11097
a221,0.01,3.162277660168379e-06,0.001,6324555,p11098
a221,0.01,3.162277660168379e-06,0.001,6324555,p11099
a222,0.01,3.162277660168379e-06,0.01,6324555,p11100
a222,0.01,3.162277660168379e-06,0.01,6324555,p11101
a222,0.01,3.162277660168379e-06,0.01,6324555,p11102
a222,0.01,3.162277660168379e-06,0.01,6324555,p11103
a222,0.01,3.162277660168379e-06,0.01,6324555,p11104
a222,0.01,3.162277660168379e-06,0.01,6324555,p11105
a222,0.01,3.162277660168379e-06,0.01,6324555,p11106
a222,0.01,3.162277660168379e-06,0.01,6324555,p11107
a222,0.01,3.162277660168379e-06,0.01,6324555,p11108
a222,0.01,3.162277660168379e-06,0.01,6324555,p11109
a222,0.01,3.162277660168379e-06,0.01,6324555,p11110
a222,0.01,3.162277660168379e-06,0.01,6324555,p11111
a222,0.01,3.162277660168379e-06,0.01,6324555,p11112
a222,0.01,3.162277660168379e-06,0.01,6324555,p11113
a222,0.01,3.162277660168379e-06,0.01,6324555,p11114
a222,0.01,3.162277660168379e-06,0.01,6324555,p11115
a222,0.01,3.162277660168379e-06,0.01,6324555,p11116
a222,0.01,3.162277660168379e-06,0.01,6324555,p11117
a222,0.01,3.162277660168379e-06,0.01,6324555,p11118
a222,0.01,3.162277660168379e-06,0.01,6324555,p11119
a222,0.01,3.162277660168379e-06,0.01,6324555,p11120
a222,0.01,3.162277660168379e-06,0.01,6324555,p11121
a222,0.01,3.162277660168379e-06,0.01,6324555,p11122
a222,0.01,3.162277660168379e-06,0.01,6324555,p11123
a222,0.01,3.162277660168379e-06,0.01,6324555,p11124
a222,0.01,3.162277660168379e-06,0.01,6324555,p11125
a222,0.01,3.162277660168379e-06,0.01,6324555,p11126
a222,0.01,3.162277660168379e-06,0.01,6324555,p11127
a222,0.01,3.162277660168379e-06,0.01,6324555,p11128
a222,0.01,3.162277660168379e-06,0.01,6324555,p11129
a222,0.01,3.162277660168379e-06,0.01,6324555,p11130
a222,0.01,3.162277660168379e-06,0.01,6324555,p11131
a222,0.01,3.162277660168379e-06,0.01,6324555,p11132
a222,0.01,3.162277660168379e-06,0.01,6324555,p11133
a222,0.01,3.162277660168379e-06,0.01,6324555,p11134
a222,0.01,3.162277660168379e-06,0.01,6324555,p11135
a222,0.01,3.162277660168379e-06,0.01,6324555,p11136
a222,0.01,3.162277660168379e-06,0.01,6324555,p11137
a222,0.01,3.162277660168379e-06,0.01,6324555,p11138
a222,0.01,3.162277660168379e-06,0.01,6324555,p11139
a222,0.01,3.162277660168379e-06,0.01,6324555,p11140
a222,0.01,3.162277660168379e-06,0.01,6324555,p11141
a222,0.01,3.162277660168379e-06,0.01,6324555,p11142
a222,0.01,3.162277660168379e-06,0.01,6324555,p11143
a222,0.01,3.162277660168379e-06,0.01,6324555,p11144
a222,0.01,3.162277660168379e-06,0.01,6324555,p11145
a222,0.01,3.162277660168379e-06,0.01,6324555,p11146
a222,0.01,3.162277660168379e-06,0.01,6324555,p11147
a222,0.01,3.162277660168379e-06,0.01,6324555,p11148
a222,0.01,3.162277660168379e-06,0.01,6324555,p11149
a223,0.01,3.162277660168379e-06,0.1,6324555,p11150
a223,0.01,3.162277660168379e-06,0.1,6324555,p11151
a223,0.01,3.162277660168379e-06,0.1,6324555,p11152
a223,0.01,3.162277660168379e-06,0.1,6324555,p11153
a223,0.01,3.162277660168379e-06,0.1,6324555,p11154
a223,0.01,3.162277660168379e-06,0.1,6324555,p11155
a223,0.01,3.162277660168379e-06,0.1,6324555,p11156
a223,0.01,3.162277660168379e-06,0.1,6324555,p11157
a223,0.01,3.162277660168379e-06,0.1,6324555,p11158
a223,0.01,3.162277660168379e-06,0.1,6324555,p11159
a223,0.01,3.162277660168379e-06,0.1,6324555,p11160
a223,0.01,3.162277660168379e-06,0.1,6324555,p11161
a223,0.01,3.162277660168379e-06,0.1,6324555,p11162
a223,0.01,3.162277660168379e-06,0.1,6324555,p11163
a223,0.01,3.162277660168379e-06,0.1,6324555,p11164
a223,0.01,3.162277660168379e-06,0.1,6324555,p11165
a223,0.01,3.162277660168379e-06,0.1,6324555,p11166
a223,0.01,3.162277660168379e-06,0.1,6324555,p11167
a223,0.01,3.162277660168379e-06,0.1,6324555,p11168
a223,0.01,3.162277660168379e-06,0.1,6324555,p11169
a223,0.01,3.162277660168379e-06,0.1,6324555,p11170
a223,0.01,3.162277660168379e-06,0.1,6324555,p11171
a223,0.01,3.162277660168379e-06,0.1,6324555,p11172
a223,0.01,3.162277660168379e-06,0.1,6324555,p11173
a223,0.01,3.162277660168379e-06,0.1,6324555,p11174
a223,0.01,3.162277660168379e-06,0.1,6324555,p11175
a223,0.01,3.162277660168379e-06,0.1,6324555,p11176
a223,0.01,3.162277660168379e-06,0.1,6324555,p11177
a223,0.01,3.162277660168379e-06,0.1,6324555,p11178
a223,0.01,3.162277660168379e-06,0.1,6324555,p11179
a223,0.01,3.162277660168379e-06,0.1,6324555,p11180
a223,0.01,3.162277660168379e-06,0.1,6324555,p11181
a223,0.01,3.162277660168379e-06,0.1,6324555,p11182
a223,0.01,3.162277660168379e-06,0.1,6324555,p11183
a223,0.01,3.162277660168379e-06,0.1,6324555,p11184
a223,0.01,3.162277660168379e-06,0.1,6324555,p11185
a223,0.01,3.162277660168379e-06,0.1,6324555,p11186
a223,0.01,3.162277660168379e-06,0.1,6324555,p11187
a223,0.01,3.162277660168379e-06,0.1,6324555,p11188
a223,0.01,3.162277660168379e-06,0.1,6324555,p11189
a223,0.01,3.162277660168379e-06,0.1,6324555,p11190
a223,0.01,3.162277660168379e-06,0.1,6324555,p11191
a223,0.01,3.162277660168379e-06,0.1,6324555,p11192
a223,0.01,3.162277660168379e-06,0.1,6324555,p11193
a223,0.01,3.162277660168379e-06,0.1,6324555,p11194
a223,0.01,3.162277660168379e-06,0.1,6324555,p11195
a223,0.01,3.162277660168379e-06,0.1,6324555,p11196
a223,0.01,3.162277660168379e-06,0.1,6324555,p11197
a223,0.01,3.162277660168379e-06,0.1,6324555,p11198
a223,0.01,3.162277660168379e-06,0.1,6324555,p11199
a224,0.01,9.999999999999999e-06,1e-07,2000000,p11200
a224,0.01,9.999999999999999e-06,1e-07,2000000,p11201
a224,0.01,9.999999999999999e-06,1e-07,2000000,p11202
a224,0.01,9.999999999999999e-06,1e-07,2000000,p11203
a224,0.01,9.999999999999999e-06,1e-07,2000000,p11204
a224,0.01,9.999999999999999e-06,1e-07,2000000,p11205
a224,0.01,9.999999999999999e-06,1e-07,2000000,p11206
a224,0.01,9.999999999999999e-06,1e-07,2000000,p11207
a224,0.01,9.999999999999999e-06,1e-07,2000000,p11208
a224,0.01,9.999999999999999e-06,1e-07,2000000,p11209
a224,0.01,9.999999999999999e-06,1e-07,2000000,p11210
a224,0.01,9.999999999999999e-06,1e-07,2000000,p11211
a224,0.01,9.999999999999999e-06,1e-07,2000000,p11212
a224,0.01,9.999999999999999e-06,1e-07,2000000,p11213
a224,0.01,9.999999999999999e-06,1e-07,2000000,p11214
a224,0.01,9.999999999999999e-06,1e-07,2000000,p11215
a224,0.01,9.999999999999999e-06,1e-07,2000000,p11216
a224,0.01,9.999999999999999e-06,1e-07,2000000,p11217
a224,0.01,9.999999999999999e-06,1e-07,2000000,p11218
a224,0.01,9.999999999999999e-06,1e-07,2000000,p11219
a224,0.01,9.999999999999999e-06,1e-07,2000000,p11220
a224,0.01,9.999999999999999e-06,1e-07,2000000,p11221
a224,0.01,9.999999999999999e-06,1e-07,2000000,p11222
a224,0.01,9.999999999999999e-06,1e-07,2000000,p11223
a224,0.01,9.999999999999999e-06,1e-07,2000000,p11224
a224,0.01,9.999999999999999e-06,1e-07,2000000,p11225
a224,0.01,9.999999999999999e-06,1e-07,2000000,p11226
a224,0.01,9.999999999999999e-06,1e-07,2000000,p11227
a224,0.01,9.999999999999999e-06,1e-07,2000000,p11228
a224,0.01,9.999999999999999e-06,1e-07,2000000,p11229
a224,0.01,9.999999999999999e-06,1e-07,2000000,p11230
a224,0.01,9.999999999999999e-06,1e-07,2000000,p11231
a224,0.01,9.999999999999999e-06,1e-07,2000000,p11232
a224,0.01,9.999999999999999e-06,1e-07,2000000,p11233
a224,0.01,9.999999999999999e-06,1e-07,2000000,p11234
a224,0.01,9.999999999999999e-06,1e-07,2000000,p11235
a224,0.01,9.999999999999999e-06,1e-07,2000000,p11236
a224,0.01,9.999999999999999e-06,1e-07,2000000,p11237
a224,0.01,9.999999999999999e-06,1e-07,2000000,p11238
a224,0.01,9.999999999999999e-06,1e-07,2000000,p11239
a224,0.01,9.999999999999999e-06,1e-07,2000000,p11240
a224,0.01,9.999999999999999e-06,1e-07,2000000,p11241
a224,0.01,9.999999999999999e-06,1e-07,2000000,p11242
a224,0.01,9.999999999999999e-06,1e-07,2000000,p11243
a224,0.01,9.999999999999999e-06,1e-07,2000000,p11244
a224,0.01,9.999999999999999e-06,1e-07,2000000,p11245
a224,0.01,9.999999999999999e-06,1e-07,2000000,p11246
a224,0.01,9.999999999999999e-06,1e-07,2000000,p11247
a224,0.01,9.999999999999999e-06,1e-07,2000000,p11248
a224,0.01,9.999999999999999e-06,1e-07,2000000,p11249
a225,0.01,9.999999999999999e-06,1e-06,2000000,p11250
a225,0.01,9.999999999999999e-06,1e-06,2000000,p11251
a225,0.01,9.999999999999999e-06,1e-06,2000000,p11252
a225,0.01,9.999999999999999e-06,1e-06,2000000,p11253
a225,0.01,9.999999999999999e-06,1e-06,2000000,p11254
a225,0.01,9.999999999999999e-06,1e-06,2000000,p11255
a225,0.01,9.999999999999999e-06,1e-06,2000000,p11256
a225,0.01,9.999999999999999e-06,1e-06,2000000,p11257
a225,0.01,9.999999999999999e-06,1e-06,2000000,p11258
a225,0.01,9.999999999999999e-06,1e-06,2000000,p11259
a225,0.01,9.999999999999999e-06,1e-06,2000000,p11260
a225,0.01,9.999999999999999e-06,1e-06,2000000,p11261
a225,0.01,9.999999999999999e-06,1e-06,2000000,p11262
a225,0.01,9.999999999999999e-06,1e-06,2000000,p11263
a225,0.01,9.999999999999999e-06,1e-06,2000000,p11264
a225,0.01,9.999999999999999e-06,1e-06,2000000,p11265
a225,0.01,9.999999999999999e-06,1e-06,2000000,p11266
a225,0.01,9.999999999999999e-06,1e-06,2000000,p11267
a225,0.01,9.999999999999999e-06,1e-06,2000000,p11268
a225,0.01,9.999999999999999e-06,1e-06,2000000,p11269
a225,0.01,9.999999999999999e-06,1e-06,2000000,p11270
a225,0.01,9.999999999999999e-06,1e-06,2000000,p11271
a225,0.01,9.999999999999999e-06,1e-06,2000000,p11272
a225,0.01,9.999999999999999e-06,1e-06,2000000,p11273
a225,0.01,9.999999999999999e-06,1e-06,2000000,p11274
a225,0.01,9.999999999999999e-06,1e-06,2000000,p11275
a225,0.01,9.999999999999999e-06,1e-06,2000000,p11276
a225,0.01,9.999999999999999e-06,1e-06,2000000,p11277
a225,0.01,9.999999999999999e-06,1e-06,2000000,p11278
a225,0.01,9.999999999999999e-06,1e-06,2000000,p11279
a225,0.01,9.999999999999999e-06,1e-06,2000000,p11280
a225,0.01,9.999999999999999e-06,1e-06,2000000,p11281
a225,0.01,9.999999999999999e-06,1e-06,2000000,p11282
a225,0.01,9.999999999999999e-06,1e-06,2000000,p11283
a225,0.01,9.999999999999999e-06,1e-06,2000000,p11284
a225,0.01,9.999999999999999e-06,1e-06,2000000,p11285
a225,0.01,9.999999999999999e-06,1e-06,2000000,p11286
a225,0.01,9.999999999999999e-06,1e-06,2000000,p11287
a225,0.01,9.999999999999999e-06,1e-06,2000000,p11288
a225,0.01,9.999999999999999e-06,1e-06,2000000,p11289
a225,0.01,9.999999999999999e-06,1e-06,2000000,p11290
a225,0.01,9.999999999999999e-06,1e-06,2000000,p11291
a225,0.01,9.999999999999999e-06,1e-06,2000000,p11292
a225,0.01,9.999999999999999e-06,1e-06,2000000,p11293
a225,0.01,9.999999999999999e-06,1e-06,2000000,p11294
a225,0.01,9.999999999999999e-06,1e-06,2000000,p11295
a225,0.01,9.999999999999999e-06,1e-06,2000000,p11296
a225,0.01,9.999999999999999e-06,1e-06,2000000,p11297
a225,0.01,9.999999999999999e-06,1e-06,2000000,p11298
a225,0.01,9.999999999999999e-06,1e-06,2000000,p11299
a226,0.01,9.999999999999999e-06,9.999999999999999e-06,2000000,p11300
a226,0.01,9.999999999999999e-06,9.999999999999999e-06,2000000,p11301
a226,0.01,9.999999999999999e-06,9.999999999999999e-06,2000000,p11302
a226,0.01,9.999999999999999e-06,9.999999999999999e-06,2000000,p11303
a226,0.01,9.999999999999999e-06,9.999999999999999e-06,2000000,p11304
a226,0.01,9.999999999999999e-06,9.999999999999999e-06,2000000,p11305
a226,0.01,9.999999999999999e-06,9.999999999999999e-06,2000000,p11306
a226,0.01,9.999999999999999e-06,9.999999999999999e-06,2000000,p11307
a226,0.01,9.999999999999999e-06,9.999999999999999e-06,2000000,p11308
a226,0.01,9.999999999999999e-06,9.999999999999999e-06,2000000,p11309
a226,0.01,9.999999999999999e-06,9.999999999999999e-06,2000000,p11310
a226,0.01,9.999999999999999e-06,9.999999999999999e-06,2000000,p11311
a226,0.01,9.999999999999999e-06,9.999999999999999e-06,2000000,p11312
a226,0.01,9.999999999999999e-06,9.999999999999999e-06,2000000,p11313
a226,0.01,9.999999999999999e-06,9.999999999999999e-06,2000000,p11314
a226,0.01,9.999999999999999e-06,9.999999999999999e-06,2000000,p11315
a226,0.01,9.999999999999999e-06,9.999999999999999e-06,2000000,p11316
a226,0.01,9.999999999999999e-06,9.999999999999999e-06,2000000,p11317
a226,0.01,9.999999999999999e-06,9.999999999999999e-06,2000000,p11318
a226,0.01,9.999999999999999e-06,9.999999999999999e-06,2000000,p11319
a226,0.01,9.999999999999999e-06,9.999999999999999e-06,2000000,p11320
a226,0.01,9.999999999999999e-06,9.999999999999999e-06,2000000,p11321
a226,0.01,9.999999999999999e-06,9.999999999999999e-06,2000000,p11322
a226,0.01,9.999999999999999e-06,9.999999999999999e-06,2000000,p11323
a226,0.01,9.999999999999999e-06,9.999999999999999e-06,2000000,p11324
a226,0.01,9.999999999999999e-06,9.999999999999999e-06,2000000,p11325
a226,0.01,9.999999999999999e-06,9.999999999999999e-06,2000000,p11326
a226,0.01,9.999999999999999e-06,9.999999999999999e-06,2000000,p11327
a226,0.01,9.999999999999999e-06,9.999999999999999e-06,2000000,p11328
a226,0.01,9.999999999999999e-06,9.999999999999999e-06,2000000,p11329
a226,0.01,9.999999999999999e-06,9.999999999999999e-06,2000000,p11330
a226,0.01,9.999999999999999e-06,9.999999999999999e-06,2000000,p11331
a226,0.01,9.999999999999999e-06,9.999999999999999e-06,2000000,p11332
a226,0.01,9.999999999999999e-06,9.999999999999999e-06,2000000,p11333
a226,0.01,9.999999999999999e-06,9.999999999999999e-06,2000000,p11334
a226,0.01,9.999999999999999e-06,9.999999999999999e-06,2000000,p11335
a226,0.01,9.999999999999999e-06,9.999999999999999e-06,2000000,p11336
a226,0.01,9.999999999999999e-06,9.999999999999999e-06,2000000,p11337
a226,0.01,9.999999999999999e-06,9.999999999999999e-06,2000000,p11338
a226,0.01,9.999999999999999e-06,9.999999999999999e-06,2000000,p11339
a226,0.01,9.999999999999999e-06,9.999999999999999e-06,2000000,p11340
a226,0.01,9.999999999999999e-06,9.999999999999999e-06,2000000,p11341
a226,0.01,9.999999999999999e-06,9.999999999999999e-06,2000000,p11342
a226,0.01,9.999999999999999e-06,9.999999999999999e-06,2000000,p11343
a226,0.01,9.999999999999999e-06,9.999999999999999e-06,2000000,p11344
a226,0.01,9.999999999999999e-06,9.999999999999999e-06,2000000,p11345
a226,0.01,9.999999999999999e-06,9.999999999999999e-06,2000000,p11346
a226,0.01,9.999999999999999e-06,9.999999999999999e-06,2000000,p11347
a226,0.01,9.999999999999999e-06,9.999999999999999e-06,2000000,p11348
a226,0.01,9.999999999999999e-06,9.999999999999999e-06,2000000,p11349
a227,0.01,9.999999999999999e-06,0.0001,2000000,p11350
a227,0.01,9.999999999999999e-06,0.0001,2000000,p11351
a227,0.01,9.999999999999999e-06,0.0001,2000000,p11352
a227,0.01,9.999999999999999e-06,0.0001,2000000,p11353
a227,0.01,9.999999999999999e-06,0.0001,2000000,p11354
a227,0.01,9.999999999999999e-06,0.0001,2000000,p11355
a227,0.01,9.999999999999999e-06,0.0001,2000000,p11356
a227,0.01,9.999999999999999e-06,0.0001,2000000,p11357
a227,0.01,9.999999999999999e-06,0.0001,2000000,p11358
a227,0.01,9.999999999999999e-06,0.0001,2000000,p11359
a227,0.01,9.999999999999999e-06,0.0001,2000000,p11360
a227,0.01,9.999999999999999e-06,0.0001,2000000,p11361
a227,0.01,9.999999999999999e-06,0.0001,2000000,p11362
a227,0.01,9.999999999999999e-06,0.0001,2000000,p11363
a227,0.01,9.999999999999999e-06,0.0001,2000000,p11364
a227,0.01,9.999999999999999e-06,0.0001,2000000,p11365
a227,0.01,9.999999999999999e-06,0.0001,2000000,p11366
a227,0.01,9.999999999999999e-06,0.0001,2000000,p11367
a227,0.01,9.999999999999999e-06,0.0001,2000000,p11368
a227,0.01,9.999999999999999e-06,0.0001,2000000,p11369
a227,0.01,9.999999999999999e-06,0.0001,2000000,p11370
a227,0.01,9.999999999999999e-06,0.0001,2000000,p11371
a227,0.01,9.999999999999999e-06,0.0001,2000000,p11372
a227,0.01,9.999999999999999e-06,0.0001,2000000,p11373
a227,0.01,9.999999999999999e-06,0.0001,2000000,p11374
a227,0.01,9.999999999999999e-06,0.0001,2000000,p11375
a227,0.01,9.999999999999999e-06,0.0001,2000000,p11376
a227,0.01,9.999999999999999e-06,0.0001,2000000,p11377
a227,0.01,9.999999999999999e-06,0.0001,2000000,p11378
a227,0.01,9.999999999999999e-06,0.0001,2000000,p11379
a227,0.01,9.999999999999999e-06,0.0001,2000000,p11380
a227,0.01,9.999999999999999e-06,0.0001,2000000,p11381
a227,0.01,9.999999999999999e-06,0.0001,2000000,p11382
a227,0.01,9.999999999999999e-06,0.0001,2000000,p11383
a227,0.01,9.999999999999999e-06,0.0001,2000000,p11384
a227,0.01,9.999999999999999e-06,0.0001,2000000,p11385
a227,0.01,9.999999999999999e-06,0.0001,2000000,p11386
a227,0.01,9.999999999999999e-06,0.0001,2000000,p11387
a227,0.01,9.999999999999999e-06,0.0001,2000000,p11388
a227,0.01,9.999999999999999e-06,0.0001,2000000,p11389
a227,0.01,9.999999999999999e-06,0.0001,2000000,p11390
a227,0.01,9.999999999999999e-06,0.0001,2000000,p11391
a227,0.01,9.999999999999999e-06,0.0001,2000000,p11392
a227,0.01,9.999999999999999e-06,0.0001,2000000,p11393
a227,0.01,9.999999999999999e-06,0.0001,2000000,p11394
a227,0.01,9.999999999999999e-06,0.0001,2000000,p11395
a227,0.01,9.999999999999999e-06,0.0001,2000000,p11396
a227,0.01,9.999999999999999e-06,0.0001,2000000,p11397
a227,0.01,9.999999999999999e-06,0.0001,2000000,p11398
a227,0.01,9.999999999999999e-06,0.0001,2000000,p11399
a228,0.01,9.999999999999999e-06,0.001,2000000,p11400
a228,0.01,9.999999999999999e-06,0.001,2000000,p11401
a228,0.01,9.999999999999999e-06,0.001,2000000,p11402
a228,0.01,9.999999999999999e-06,0.001,2000000,p11403
a228,0.01,9.999999999999999e-06,0.001,2000000,p11404
a228,0.01,9.999999999999999e-06,0.001,2000000,p11405
a228,0.01,9.999999999999999e-06,0.001,2000000,p11406
a228,0.01,9.999999999999999e-06,0.001,2000000,p11407
a228,0.01,9.999999999999999e-06,0.001,2000000,p11408
a228,0.01,9.999999999999999e-06,0.001,2000000,p11409
a228,0.01,9.999999999999999e-06,0.001,2000000,p11410
a228,0.01,9.999999999999999e-06,0.001,2000000,p11411
a228,0.01,9.999999999999999e-06,0.001,2000000,p11412
a228,0.01,9.999999999999999e-06,0.001,2000000,p11413
a228,0.01,9.999999999999999e-06,0.001,2000000,p11414
a228,0.01,9.999999999999999e-06,0.001,2000000,p11415
a228,0.01,9.999999999999999e-06,0.001,2000000,p11416
a228,0.01,9.999999999999999e-06,0.001,2000000,p11417
a228,0.01,9.999999999999999e-06,0.001,2000000,p11418
a228,0.01,9.999999999999999e-06,0.001,2000000,p11419
a228,0.01,9.999999999999999e-06,0.001,2000000,p11420
a228,0.01,9.999999999999999e-06,0.001,2000000,p11421
a228,0.01,9.999999999999999e-06,0.001,2000000,p11422
a228,0.01,9.999999999999999e-06,0.001,2000000,p11423
a228,0.01,9.999999999999999e-06,0.001,2000000,p11424
a228,0.01,9.999999999999999e-06,0.001,2000000,p11425
a228,0.01,9.999999999999999e-06,0.001,2000000,p11426
a228,0.01,9.999999999999999e-06,0.001,2000000,p11427
a228,0.01,9.999999999999999e-06,0.001,2000000,p11428
a228,0.01,9.999999999999999e-06,0.001,2000000,p11429
a228,0.01,9.999999999999999e-06,0.001,2000000,p11430
a228,0.01,9.999999999999999e-06,0.001,2000000,p11431
a228,0.01,9.999999999999999e-06,0.001,2000000,p11432
a228,0.01,9.999999999999999e-06,0.001,2000000,p11433
a228,0.01,9.999999999999999e-06,0.001,2000000,p11434
a228,0.01,9.999999999999999e-06,0.001,2000000,p11435
a228,0.01,9.999999999999999e-06,0.001,2000000,p11436
a228,0.01,9.999999999999999e-06,0.001,2000000,p11437
a228,0.01,9.999999999999999e-06,0.001,2000000,p11438
a228,0.01,9.999999999999999e-06,0.001,2000000,p11439
a228,0.01,9.999999999999999e-06,0.001,2000000,p11440
a228,0.01,9.999999999999999e-06,0.001,2000000,p11441
a228,0.01,9.999999999999999e-06,0.001,2000000,p11442
a228,0.01,9.999999999999999e-06,0.001,2000000,p11443
a228,0.01,9.999999999999999e-06,0.001,2000000,p11444
a228,0.01,9.999999999999999e-06,0.001,2000000,p11445
a228,0.01,9.999999999999999e-06,0.001,2000000,p11446
a228,0.01,9.999999999999999e-06,0.001,2000000,p11447
a228,0.01,9.999999999999999e-06,0.001,2000000,p11448
a228,0.01,9.999999999999999e-06,0.001,2000000,p11449
a229,0.01,9.999999999999999e-06,0.01,2000000,p11450
a229,0.01,9.999999999999999e-06,0.01,2000000,p11451
a229,0.01,9.999999999999999e-06,0.01,2000000,p11452
a229,0.01,9.999999999999999e-06,0.01,2000000,p11453
a229,0.01,9.999999999999999e-06,0.01,2000000,p11454
a229,0.01,9.999999999999999e-06,0.01,2000000,p11455
a229,0.01,9.999999999999999e-06,0.01,2000000,p11456
a229,0.01,9.999999999999999e-06,0.01,2000000,p11457
a229,0.01,9.999999999999999e-06,0.01,2000000,p11458
a229,0.01,9.999999999999999e-06,0.01,2000000,p11459
a229,0.01,9.999999999999999e-06,0.01,2000000,p11460
a229,0.01,9.999999999999999e-06,0.01,2000000,p11461
a229,0.01,9.999999999999999e-06,0.01,2000000,p11462
a229,0.01,9.999999999999999e-06,0.01,2000000,p11463
a229,0.01,9.999999999999999e-06,0.01,2000000,p11464
a229,0.01,9.999999999999999e-06,0.01,2000000,p11465
a229,0.01,9.999999999999999e-06,0.01,2000000,p11466
a229,0.01,9.999999999999999e-06,0.01,2000000,p11467
a229,0.01,9.999999999999999e-06,0.01,2000000,p11468
a229,0.01,9.999999999999999e-06,0.01,2000000,p11469
a229,0.01,9.999999999999999e-06,0.01,2000000,p11470
a229,0.01,9.999999999999999e-06,0.01,2000000,p11471
a229,0.01,9.999999999999999e-06,0.01,2000000,p11472
a229,0.01,9.999999999999999e-06,0.01,2000000,p11473
a229,0.01,9.999999999999999e-06,0.01,2000000,p11474
a229,0.01,9.999999999999999e-06,0.01,2000000,p11475
a229,0.01,9.999999999999999e-06,0.01,2000000,p11476
a229,0.01,9.999999999999999e-06,0.01,2000000,p11477
a229,0.01,9.999999999999999e-06,0.01,2000000,p11478
a229,0.01,9.999999999999999e-06,0.01,2000000,p11479
a229,0.01,9.999999999999999e-06,0.01,2000000,p11480
a229,0.01,9.999999999999999e-06,0.01,2000000,p11481
a229,0.01,9.999999999999999e-06,0.01,2000000,p11482
a229,0.01,9.999999999999999e-06,0.01,2000000,p11483
a229,0.01,9.999999999999999e-06,0.01,2000000,p11484
a229,0.01,9.999999999999999e-06,0.01,2000000,p11485
a229,0.01,9.999999999999999e-06,0.01,2000000,p11486
a229,0.01,9.999999999999999e-06,0.01,2000000,p11487
a229,0.01,9.999999999999999e-06,0.01,2000000,p11488
a229,0.01,9.999999999999999e-06,0.01,2000000,p11489
a229,0.01,9.999999999999999e-06,0.01,2000000,p11490
a229,0.01,9.999999999999999e-06,0.01,2000000,p11491
a229,0.01,9.999999999999999e-06,0.01,2000000,p11492
a229,0.01,9.999999999999999e-06,0.01,2000000,p11493
a229,0.01,9.999999999999999e-06,0.01,2000000,p11494
a229,0.01,9.999999999999999e-06,0.01,2000000,p11495
a229,0.01,9.999999999999999e-06,0.01,2000000,p11496
a229,0.01,9.999999999999999e-06,0.01,2000000,p11497
a229,0.01,9.999999999999999e-06,0.01,2000000,p11498
a229,0.01,9.999999999999999e-06,0.01,2000000,p11499
a230,0.01,9.999999999999999e-06,0.1,2000000,p11500
a230,0.01,9.999999999999999e-06,0.1,2000000,p11501
a230,0.01,9.999999999999999e-06,0.1,2000000,p11502
a230,0.01,9.999999999999999e-06,0.1,2000000,p11503
a230,0.01,9.999999999999999e-06,0.1,2000000,p11504
a230,0.01,9.999999999999999e-06,0.1,2000000,p11505
a230,0.01,9.999999999999999e-06,0.1,2000000,p11506
a230,0.01,9.999999999999999e-06,0.1,2000000,p11507
a230,0.01,9.999999999999999e-06,0.1,2000000,p11508
a230,0.01,9.999999999999999e-06,0.1,2000000,p11509
a230,0.01,9.999999999999999e-06,0.1,2000000,p11510
a230,0.01,9.999999999999999e-06,0.1,2000000,p11511
a230,0.01,9.999999999999999e-06,0.1,2000000,p11512
a230,0.01,9.999999999999999e-06,0.1,2000000,p11513
a230,0.01,9.999999999999999e-06,0.1,2000000,p11514
a230,0.01,9.999999999999999e-06,0.1,2000000,p11515
a230,0.01,9.999999999999999e-06,0.1,2000000,p11516
a230,0.01,9.999999999999999e-06,0.1,2000000,p11517
a230,0.01,9.999999999999999e-06,0.1,2000000,p11518
a230,0.01,9.999999999999999e-06,0.1,2000000,p11519
a230,0.01,9.999999999999999e-06,0.1,2000000,p11520
a230,0.01,9.999999999999999e-06,0.1,2000000,p11521
a230,0.01,9.999999999999999e-06,0.1,2000000,p11522
a230,0.01,9.999999999999999e-06,0.1,2000000,p11523
a230,0.01,9.999999999999999e-06,0.1,2000000,p11524
a230,0.01,9.999999999999999e-06,0.1,2000000,p11525
a230,0.01,9.999999999999999e-06,0.1,2000000,p11526
a230,0.01,9.999999999999999e-06,0.1,2000000,p11527
a230,0.01,9.999999999999999e-06,0.1,2000000,p11528
a230,0.01,9.999999999999999e-06,0.1,2000000,p11529
a230,0.01,9.999999999999999e-06,0.1,2000000,p11530
a230,0.01,9.999999999999999e-06,0.1,2000000,p11531
a230,0.01,9.999999999999999e-06,0.1,2000000,p11532
a230,0.01,9.999999999999999e-06,0.1,2000000,p11533
a230,0.01,9.999999999999999e-06,0.1,2000000,p11534
a230,0.01,9.999999999999999e-06,0.1,2000000,p11535
a230,0.01,9.999999999999999e-06,0.1,2000000,p11536
a230,0.01,9.999999999999999e-06,0.1,2000000,p11537
a230,0.01,9.999999999999999e-06,0.1,2000000,p11538
a230,0.01,9.999999999999999e-06,0.1,2000000,p11539
a230,0.01,9.999999999999999e-06,0.1,2000000,p11540
a230,0.01,9.999999999999999e-06,0.1,2000000,p11541
a230,0.01,9.999999999999999e-06,0.1,2000000,p11542
a230,0.01,9.999999999999999e-06,0.1,2000000,p11543
a230,0.01,9.999999999999999e-06,0.1,2000000,p11544
a230,0.01,9.999999999999999e-06,0.1,2000000,p11545
a230,0.01,9.999999999999999e-06,0.1,2000000,p11546
a230,0.01,9.999999999999999e-06,0.1,2000000,p11547
a230,0.01,9.999999999999999e-06,0.1,2000000,p11548
a230,0.01,9.999999999999999e-06,0.1,2000000,p11549
a231,0.01,3.1622776601683795e-05,1e-07,632455,p11550
a231,0.01,3.1622776601683795e-05,1e-07,632455,p11551
a231,0.01,3.1622776601683795e-05,1e-07,632455,p11552
a231,0.01,3.1622776601683795e-05,1e-07,632455,p11553
a231,0.01,3.1622776601683795e-05,1e-07,632455,p11554
a231,0.01,3.1622776601683795e-05,1e-07,632455,p11555
a231,0.01,3.1622776601683795e-05,1e-07,632455,p11556
a231,0.01,3.1622776601683795e-05,1e-07,632455,p11557
a231,0.01,3.1622776601683795e-05,1e-07,632455,p11558
a231,0.01,3.1622776601683795e-05,1e-07,632455,p11559
a231,0.01,3.1622776601683795e-05,1e-07,632455,p11560
a231,0.01,3.1622776601683795e-05,1e-07,632455,p11561
a231,0.01,3.1622776601683795e-05,1e-07,632455,p11562
a231,0.01,3.1622776601683795e-05,1e-07,632455,p11563
a231,0.01,3.1622776601683795e-05,1e-07,632455,p11564
a231,0.01,3.1622776601683795e-05,1e-07,632455,p11565
a231,0.01,3.1622776601683795e-05,1e-07,632455,p11566
a231,0.01,3.1622776601683795e-05,1e-07,632455,p11567
a231,0.01,3.1622776601683795e-05,1e-07,632455,p11568
a231,0.01,3.1622776601683795e-05,1e-07,632455,p11569
a231,0.01,3.1622776601683795e-05,1e-07,632455,p11570
a231,0.01,3.1622776601683795e-05,1e-07,632455,p11571
a231,0.01,3.1622776601683795e-05,1e-07,632455,p11572
a231,0.01,3.1622776601683795e-05,1e-07,632455,p11573
a231,0.01,3.1622776601683795e-05,1e-07,632455,p11574
a231,0.01,3.1622776601683795e-05,1e-07,632455,p11575
a231,0.01,3.1622776601683795e-05,1e-07,632455,p11576
a231,0.01,3.1622776601683795e-05,1e-07,632455,p11577
a231,0.01,3.1622776601683795e-05,1e-07,632455,p11578
a231,0.01,3.1622776601683795e-05,1e-07,632455,p11579
a231,0.01,3.1622776601683795e-05,1e-07,632455,p11580
a231,0.01,3.1622776601683795e-05,1e-07,632455,p11581
a231,0.01,3.1622776601683795e-05,1e-07,632455,p11582
a231,0.01,3.1622776601683795e-05,1e-07,632455,p11583
a231,0.01,3.1622776601683795e-05,1e-07,632455,p11584
a231,0.01,3.1622776601683795e-05,1e-07,632455,p11585
a231,0.01,3.1622776601683795e-05,1e-07,632455,p11586
a231,0.01,3.1622776601683795e-05,1e-07,632455,p11587
a231,0.01,3.1622776601683795e-05,1e-07,632455,p11588
a231,0.01,3.1622776601683795e-05,1e-07,632455,p11589
a231,0.01,3.1622776601683795e-05,1e-07,632455,p11590
a231,0.01,3.1622776601683795e-05,1e-07,632455,p11591
a231,0.01,3.1622776601683795e-05,1e-07,632455,p11592
a231,0.01,3.1622776601683795e-05,1e-07,632455,p11593
a231,0.01,3.1622776601683795e-05,1e-07,632455,p11594
a231,0.01,3.1622776601683795e-05,1e-07,632455,p11595
a231,0.01,3.1622776601683795e-05,1e-07,632455,p11596
a231,0.01,3.1622776601683795e-05,1e-07,632455,p11597
a231,0.01,3.1622776601683795e-05,1e-07,632455,p11598
a231,0.01,3.1622776601683795e-05,1e-07,632455,p11599
a232,0.01,3.1622776601683795e-05,1e-06,632455,p11600
a232,0.01,3.1622776601683795e-05,1e-06,632455,p11601
a232,0.01,3.1622776601683795e-05,1e-06,632455,p11602
a232,0.01,3.1622776601683795e-05,1e-06,632455,p11603
a232,0.01,3.1622776601683795e-05,1e-06,632455,p11604
a232,0.01,3.1622776601683795e-05,1e-06,632455,p11605
a232,0.01,3.1622776601683795e-05,1e-06,632455,p11606
a232,0.01,3.1622776601683795e-05,1e-06,632455,p11607
a232,0.01,3.1622776601683795e-05,1e-06,632455,p11608
a232,0.01,3.1622776601683795e-05,1e-06,632455,p11609
a232,0.01,3.1622776601683795e-05,1e-06,632455,p11610
a232,0.01,3.1622776601683795e-05,1e-06,632455,p11611
a232,0.01,3.1622776601683795e-05,1e-06,632455,p11612
a232,0.01,3.1622776601683795e-05,1e-06,632455,p11613
a232,0.01,3.1622776601683795e-05,1e-06,632455,p11614
a232,0.01,3.1622776601683795e-05,1e-06,632455,p11615
a232,0.01,3.1622776601683795e-05,1e-06,632455,p11616
a232,0.01,3.1622776601683795e-05,1e-06,632455,p11617
a232,0.01,3.1622776601683795e-05,1e-06,632455,p11618
a232,0.01,3.1622776601683795e-05,1e-06,632455,p11619
a232,0.01,3.1622776601683795e-05,1e-06,632455,p11620
a232,0.01,3.1622776601683795e-05,1e-06,632455,p11621
a232,0.01,3.1622776601683795e-05,1e-06,632455,p11622
a232,0.01,3.1622776601683795e-05,1e-06,632455,p11623
a232,0.01,3.1622776601683795e-05,1e-06,632455,p11624
a232,0.01,3.1622776601683795e-05,1e-06,632455,p11625
a232,0.01,3.1622776601683795e-05,1e-06,632455,p11626
a232,0.01,3.1622776601683795e-05,1e-06,632455,p11627
a232,0.01,3.1622776601683795e-05,1e-06,632455,p11628
a232,0.01,3.1622776601683795e-05,1e-06,632455,p11629
a232,0.01,3.1622776601683795e-05,1e-06,632455,p11630
a232,0.01,3.1622776601683795e-05,1e-06,632455,p11631
a232,0.01,3.1622776601683795e-05,1e-06,632455,p11632
a232,0.01,3.1622776601683795e-05,1e-06,632455,p11633
a232,0.01,3.1622776601683795e-05,1e-06,632455,p11634
a232,0.01,3.1622776601683795e-05,1e-06,632455,p11635
a232,0.01,3.1622776601683795e-05,1e-06,632455,p11636
a232,0.01,3.1622776601683795e-05,1e-06,632455,p11637
a232,0.01,3.1622776601683795e-05,1e-06,632455,p11638
a232,0.01,3.1622776601683795e-05,1e-06,632455,p11639
a232,0.01,3.1622776601683795e-05,1e-06,632455,p11640
a232,0.01,3.1622776601683795e-05,1e-06,632455,p11641
a232,0.01,3.1622776601683795e-05,1e-06,632455,p11642
a232,0.01,3.1622776601683795e-05,1e-06,632455,p11643
a232,0.01,3.1622776601683795e-05,1e-06,632455,p11644
a232,0.01,3.1622776601683795e-05,1e-06,632455,p11645
a232,0.01,3.1622776601683795e-05,1e-06,632455,p11646
a232,0.01,3.1622776601683795e-05,1e-06,632455,p11647
a232,0.01,3.1622776601683795e-05,1e-06,632455,p11648
a232,0.01,3.1622776601683795e-05,1e-06,632455,p11649
a233,0.01,3.1622776601683795e-05,9.999999999999999e-06,632455,p11650
a233,0.01,3.1622776601683795e-05,9.999999999999999e-06,632455,p11651
a233,0.01,3.1622776601683795e-05,9.999999999999999e-06,632455,p11652
a233,0.01,3.1622776601683795e-05,9.999999999999999e-06,632455,p11653
a233,0.01,3.1622776601683795e-05,9.999999999999999e-06,632455,p11654
a233,0.01,3.1622776601683795e-05,9.999999999999999e-06,632455,p11655
a233,0.01,3.1622776601683795e-05,9.999999999999999e-06,632455,p11656
a233,0.01,3.1622776601683795e-05,9.999999999999999e-06,632455,p11657
a233,0.01,3.1622776601683795e-05,9.999999999999999e-06,632455,p11658
a233,0.01,3.1622776601683795e-05,9.999999999999999e-06,632455,p11659
a233,0.01,3.1622776601683795e-05,9.999999999999999e-06,632455,p11660
a233,0.01,3.1622776601683795e-05,9.999999999999999e-06,632455,p11661
a233,0.01,3.1622776601683795e-05,9.999999999999999e-06,632455,p11662
a233,0.01,3.1622776601683795e-05,9.999999999999999e-06,632455,p11663
a233,0.01,3.1622776601683795e-05,9.999999999999999e-06,632455,p11664
a233,0.01,3.1622776601683795e-05,9.999999999999999e-06,632455,p11665
a233,0.01,3.1622776601683795e-05,9.999999999999999e-06,632455,p11666
a233,0.01,3.1622776601683795e-05,9.999999999999999e-06,632455,p11667
a233,0.01,3.1622776601683795e-05,9.999999999999999e-06,632455,p11668
a233,0.01,3.1622776601683795e-05,9.999999999999999e-06,632455,p11669
a233,0.01,3.1622776601683795e-05,9.999999999999999e-06,632455,p11670
a233,0.01,3.1622776601683795e-05,9.999999999999999e-06,632455,p11671
a233,0.01,3.1622776601683795e-05,9.999999999999999e-06,632455,p11672
a233,0.01,3.1622776601683795e-05,9.999999999999999e-06,632455,p11673
a233,0.01,3.1622776601683795e-05,9.999999999999999e-06,632455,p11674
a233,0.01,3.1622776601683795e-05,9.999999999999999e-06,632455,p11675
a233,0.01,3.1622776601683795e-05,9.999999999999999e-06,632455,p11676
a233,0.01,3.1622776601683795e-05,9.999999999999999e-06,632455,p11677
a233,0.01,3.1622776601683795e-05,9.999999999999999e-06,632455,p11678
a233,0.01,3.1622776601683795e-05,9.999999999999999e-06,632455,p11679
a233,0.01,3.1622776601683795e-05,9.999999999999999e-06,632455,p11680
a233,0.01,3.1622776601683795e-05,9.999999999999999e-06,632455,p11681
a233,0.01,3.1622776601683795e-05,9.999999999999999e-06,632455,p11682
a233,0.01,3.1622776601683795e-05,9.999999999999999e-06,632455,p11683
a233,0.01,3.1622776601683795e-05,9.999999999999999e-06,632455,p11684
a233,0.01,3.1622776601683795e-05,9.999999999999999e-06,632455,p11685
a233,0.01,3.1622776601683795e-05,9.999999999999999e-06,632455,p11686
a233,0.01,3.1622776601683795e-05,9.999999999999999e-06,632455,p11687
a233,0.01,3.1622776601683795e-05,9.999999999999999e-06,632455,p11688
a233,0.01,3.1622776601683795e-05,9.999999999999999e-06,632455,p11689
a233,0.01,3.1622776601683795e-05,9.999999999999999e-06,632455,p11690
a233,0.01,3.1622776601683795e-05,9.999999999999999e-06,632455,p11691
a233,0.01,3.1622776601683795e-05,9.999999999999999e-06,632455,p11692
a233,0.01,3.1622776601683795e-05,9.999999999999999e-06,632455,p11693
a233,0.01,3.1622776601683795e-05,9.999999999999999e-06,632455,p11694
a233,0.01,3.1622776601683795e-05,9.999999999999999e-06,632455,p11695
a233,0.01,3.1622776601683795e-05,9.999999999999999e-06,632455,p11696
a233,0.01,3.1622776601683795e-05,9.999999999999999e-06,632455,p11697
a233,0.01,3.1622776601683795e-05,9.999999999999999e-06,632455,p11698
a233,0.01,3.1622776601683795e-05,9.999999999999999e-06,632455,p11699
a234,0.01,3.1622776601683795e-05,0.0001,632455,p11700
a234,0.01,3.1622776601683795e-05,0.0001,632455,p11701
a234,0.01,3.1622776601683795e-05,0.0001,632455,p11702
a234,0.01,3.1622776601683795e-05,0.0001,632455,p11703
a234,0.01,3.1622776601683795e-05,0.0001,632455,p11704
a234,0.01,3.1622776601683795e-05,0.0001,632455,p11705
a234,0.01,3.1622776601683795e-05,0.0001,632455,p11706
a234,0.01,3.1622776601683795e-05,0.0001,632455,p11707
a234,0.01,3.1622776601683795e-05,0.0001,632455,p11708
a234,0.01,3.1622776601683795e-05,0.0001,632455,p11709
a234,0.01,3.1622776601683795e-05,0.0001,632455,p11710
a234,0.01,3.1622776601683795e-05,0.0001,632455,p11711
a234,0.01,3.1622776601683795e-05,0.0001,632455,p11712
a234,0.01,3.1622776601683795e-05,0.0001,632455,p11713
a234,0.01,3.1622776601683795e-05,0.0001,632455,p11714
a234,0.01,3.1622776601683795e-05,0.0001,632455,p11715
a234,0.01,3.1622776601683795e-05,0.0001,632455,p11716
a234,0.01,3.1622776601683795e-05,0.0001,632455,p11717
a234,0.01,3.1622776601683795e-05,0.0001,632455,p11718
a234,0.01,3.1622776601683795e-05,0.0001,632455,p11719
a234,0.01,3.1622776601683795e-05,0.0001,632455,p11720
a234,0.01,3.1622776601683795e-05,0.0001,632455,p11721
a234,0.01,3.1622776601683795e-05,0.0001,632455,p11722
a234,0.01,3.1622776601683795e-05,0.0001,632455,p11723
a234,0.01,3.1622776601683795e-05,0.0001,632455,p11724
a234,0.01,3.1622776601683795e-05,0.0001,632455,p11725
a234,0.01,3.1622776601683795e-05,0.0001,632455,p11726
a234,0.01,3.1622776601683795e-05,0.0001,632455,p11727
a234,0.01,3.1622776601683795e-05,0.0001,632455,p11728
a234,0.01,3.1622776601683795e-05,0.0001,632455,p11729
a234,0.01,3.1622776601683795e-05,0.0001,632455,p11730
a234,0.01,3.1622776601683795e-05,0.0001,632455,p11731
a234,0.01,3.1622776601683795e-05,0.0001,632455,p11732
a234,0.01,3.1622776601683795e-05,0.0001,632455,p11733
a234,0.01,3.1622776601683795e-05,0.0001,632455,p11734
a234,0.01,3.1622776601683795e-05,0.0001,632455,p11735
a234,0.01,3.1622776601683795e-05,0.0001,632455,p11736
a234,0.01,3.1622776601683795e-05,0.0001,632455,p11737
a234,0.01,3.1622776601683795e-05,0.0001,632455,p11738
a234,0.01,3.1622776601683795e-05,0.0001,632455,p11739
a234,0.01,3.1622776601683795e-05,0.0001,632455,p11740
a234,0.01,3.1622776601683795e-05,0.0001,632455,p11741
a234,0.01,3.1622776601683795e-05,0.0001,632455,p11742
a234,0.01,3.1622776601683795e-05,0.0001,632455,p11743
a234,0.01,3.1622776601683795e-05,0.0001,632455,p11744
a234,0.01,3.1622776601683795e-05,0.0001,632455,p11745
a234,0.01,3.1622776601683795e-05,0.0001,632455,p11746
a234,0.01,3.1622776601683795e-05,0.0001,632455,p11747
a234,0.01,3.1622776601683795e-05,0.0001,632455,p11748
a234,0.01,3.1622776601683795e-05,0.0001,632455,p11749
a235,0.01,3.1622776601683795e-05,0.001,632455,p11750
a235,0.01,3.1622776601683795e-05,0.001,632455,p11751
a235,0.01,3.1622776601683795e-05,0.001,632455,p11752
a235,0.01,3.1622776601683795e-05,0.001,632455,p11753
a235,0.01,3.1622776601683795e-05,0.001,632455,p11754
a235,0.01,3.1622776601683795e-05,0.001,632455,p11755
a235,0.01,3.1622776601683795e-05,0.001,632455,p11756
a235,0.01,3.1622776601683795e-05,0.001,632455,p11757
a235,0.01,3.1622776601683795e-05,0.001,632455,p11758
a235,0.01,3.1622776601683795e-05,0.001,632455,p11759
a235,0.01,3.1622776601683795e-05,0.001,632455,p11760
a235,0.01,3.1622776601683795e-05,0.001,632455,p11761
a235,0.01,3.1622776601683795e-05,0.001,632455,p11762
a235,0.01,3.1622776601683795e-05,0.001,632455,p11763
a235,0.01,3.1622776601683795e-05,0.001,632455,p11764
a235,0.01,3.1622776601683795e-05,0.001,632455,p11765
a235,0.01,3.1622776601683795e-05,0.001,632455,p11766
a235,0.01,3.1622776601683795e-05,0.001,632455,p11767
a235,0.01,3.1622776601683795e-05,0.001,632455,p11768
a235,0.01,3.1622776601683795e-05,0.001,632455,p11769
a235,0.01,3.1622776601683795e-05,0.001,632455,p11770
a235,0.01,3.1622776601683795e-05,0.001,632455,p11771
a235,0.01,3.1622776601683795e-05,0.001,632455,p11772
a235,0.01,3.1622776601683795e-05,0.001,632455,p11773
a235,0.01,3.1622776601683795e-05,0.001,632455,p11774
a235,0.01,3.1622776601683795e-05,0.001,632455,p11775
a235,0.01,3.1622776601683795e-05,0.001,632455,p11776
a235,0.01,3.1622776601683795e-05,0.001,632455,p11777
a235,0.01,3.1622776601683795e-05,0.001,632455,p11778
a235,0.01,3.1622776601683795e-05,0.001,632455,p11779
a235,0.01,3.1622776601683795e-05,0.001,632455,p11780
a235,0.01,3.1622776601683795e-05,0.001,632455,p11781
a235,0.01,3.1622776601683795e-05,0.001,632455,p11782
a235,0.01,3.1622776601683795e-05,0.001,632455,p11783
a235,0.01,3.1622776601683795e-05,0.001,632455,p11784
a235,0.01,3.1622776601683795e-05,0.001,632455,p11785
a235,0.01,3.1622776601683795e-05,0.001,632455,p11786
a235,0.01,3.1622776601683795e-05,0.001,632455,p11787
a235,0.01,3.1622776601683795e-05,0.001,632455,p11788
a235,0.01,3.1622776601683795e-05,0.001,632455,p11789
a235,0.01,3.1622776601683795e-05,0.001,632455,p11790
a235,0.01,3.1622776601683795e-05,0.001,632455,p11791
a235,0.01,3.1622776601683795e-05,0.001,632455,p11792
a235,0.01,3.1622776601683795e-05,0.001,632455,p11793
a235,0.01,3.1622776601683795e-05,0.001,632455,p11794
a235,0.01,3.1622776601683795e-05,0.001,632455,p11795
a235,0.01,3.1622776601683795e-05,0.001,632455,p11796
a235,0.01,3.1622776601683795e-05,0.001,632455,p11797
a235,0.01,3.1622776601683795e-05,0.001,632455,p11798
a235,0.01,3.1622776601683795e-05,0.001,632455,p11799
a236,0.01,3.1622776601683795e-05,0.01,632455,p11800
a236,0.01,3.1622776601683795e-05,0.01,632455,p11801
a236,0.01,3.1622776601683795e-05,0.01,632455,p11802
a236,0.01,3.1622776601683795e-05,0.01,632455,p11803
a236,0.01,3.1622776601683795e-05,0.01,632455,p11804
a236,0.01,3.1622776601683795e-05,0.01,632455,p11805
a236,0.01,3.1622776601683795e-05,0.01,632455,p11806
a236,0.01,3.1622776601683795e-05,0.01,632455,p11807
a236,0.01,3.1622776601683795e-05,0.01,632455,p11808
a236,0.01,3.1622776601683795e-05,0.01,632455,p11809
a236,0.01,3.1622776601683795e-05,0.01,632455,p11810
a236,0.01,3.1622776601683795e-05,0.01,632455,p11811
a236,0.01,3.1622776601683795e-05,0.01,632455,p11812
a236,0.01,3.1622776601683795e-05,0.01,632455,p11813
a236,0.01,3.1622776601683795e-05,0.01,632455,p11814
a236,0.01,3.1622776601683795e-05,0.01,632455,p11815
a236,0.01,3.1622776601683795e-05,0.01,632455,p11816
a236,0.01,3.1622776601683795e-05,0.01,632455,p11817
a236,0.01,3.1622776601683795e-05,0.01,632455,p11818
a236,0.01,3.1622776601683795e-05,0.01,632455,p11819
a236,0.01,3.1622776601683795e-05,0.01,632455,p11820
a236,0.01,3.1622776601683795e-05,0.01,632455,p11821
a236,0.01,3.1622776601683795e-05,0.01,632455,p11822
a236,0.01,3.1622776601683795e-05,0.01,632455,p11823
a236,0.01,3.1622776601683795e-05,0.01,632455,p11824
a236,0.01,3.1622776601683795e-05,0.01,632455,p11825
a236,0.01,3.1622776601683795e-05,0.01,632455,p11826
a236,0.01,3.1622776601683795e-05,0.01,632455,p11827
a236,0.01,3.1622776601683795e-05,0.01,632455,p11828
a236,0.01,3.1622776601683795e-05,0.01,632455,p11829
a236,0.01,3.1622776601683795e-05,0.01,632455,p11830
a236,0.01,3.1622776601683795e-05,0.01,632455,p11831
a236,0.01,3.1622776601683795e-05,0.01,632455,p11832
a236,0.01,3.1622776601683795e-05,0.01,632455,p11833
a236,0.01,3.1622776601683795e-05,0.01,632455,p11834
a236,0.01,3.1622776601683795e-05,0.01,632455,p11835
a236,0.01,3.1622776601683795e-05,0.01,632455,p11836
a236,0.01,3.1622776601683795e-05,0.01,632455,p11837
a236,0.01,3.1622776601683795e-05,0.01,632455,p11838
a236,0.01,3.1622776601683795e-05,0.01,632455,p11839
a236,0.01,3.1622776601683795e-05,0.01,632455,p11840
a236,0.01,3.1622776601683795e-05,0.01,632455,p11841
a236,0.01,3.1622776601683795e-05,0.01,632455,p11842
a236,0.01,3.1622776601683795e-05,0.01,632455,p11843
a236,0.01,3.1622776601683795e-05,0.01,632455,p11844
a236,0.01,3.1622776601683795e-05,0.01,632455,p11845
a236,0.01,3.1622776601683795e-05,0.01,632455,p11846
a236,0.01,3.1622776601683795e-05,0.01,632455,p11847
a236,0.01,3.1622776601683795e-05,0.01,632455,p11848
a236,0.01,3.1622776601683795e-05,0.01,632455,p11849
a237,0.01,3.1622776601683795e-05,0.1,632455,p11850
a237,0.01,3.1622776601683795e-05,0.1,632455,p11851
a237,0.01,3.1622776601683795e-05,0.1,632455,p11852
a237,0.01,3.1622776601683795e-05,0.1,632455,p11853
a237,0.01,3.1622776601683795e-05,0.1,632455,p11854
a237,0.01,3.1622776601683795e-05,0.1,632455,p11855
a237,0.01,3.1622776601683795e-05,0.1,632455,p11856
a237,0.01,3.1622776601683795e-05,0.1,632455,p11857
a237,0.01,3.1622776601683795e-05,0.1,632455,p11858
a237,0.01,3.1622776601683795e-05,0.1,632455,p11859
a237,0.01,3.1622776601683795e-05,0.1,632455,p11860
a237,0.01,3.1622776601683795e-05,0.1,632455,p11861
a237,0.01,3.1622776601683795e-05,0.1,632455,p11862
a237,0.01,3.1622776601683795e-05,0.1,632455,p11863
a237,0.01,3.1622776601683795e-05,0.1,632455,p11864
a237,0.01,3.1622776601683795e-05,0.1,632455,p11865
a237,0.01,3.1622776601683795e-05,0.1,632455,p11866
a237,0.01,3.1622776601683795e-05,0.1,632455,p11867
a237,0.01,3.1622776601683795e-05,0.1,632455,p11868
a237,0.01,3.1622776601683795e-05,0.1,632455,p11869
a237,0.01,3.1622776601683795e-05,0.1,632455,p11870
a237,0.01,3.1622776601683795e-05,0.1,632455,p11871
a237,0.01,3.1622776601683795e-05,0.1,632455,p11872
a237,0.01,3.1622776601683795e-05,0.1,632455,p11873
a237,0.01,3.1622776601683795e-05,0.1,632455,p11874
a237,0.01,3.1622776601683795e-05,0.1,632455,p11875
a237,0.01,3.1622776601683795e-05,0.1,632455,p11876
a237,0.01,3.1622776601683795e-05,0.1,632455,p11877
a237,0.01,3.1622776601683795e-05,0.1,632455,p11878
a237,0.01,3.1622776601683795e-05,0.1,632455,p11879
a237,0.01,3.1622776601683795e-05,0.1,632455,p11880
a237,0.01,3.1622776601683795e-05,0.1,632455,p11881
a237,0.01,3.1622776601683795e-05,0.1,632455,p11882
a237,0.01,3.1622776601683795e-05,0.1,632455,p11883
a237,0.01,3.1622776601683795e-05,0.1,632455,p11884
a237,0.01,3.1622776601683795e-05,0.1,632455,p11885
a237,0.01,3.1622776601683795e-05,0.1,632455,p11886
a237,0.01,3.1622776601683795e-05,0.1,632455,p11887
a237,0.01,3.1622776601683795e-05,0.1,632455,p11888
a237,0.01,3.1622776601683795e-05,0.1,632455,p11889
a237,0.01,3.1622776601683795e-05,0.1,632455,p11890
a237,0.01,3.1622776601683795e-05,0.1,632455,p11891
a237,0.01,3.1622776601683795e-05,0.1,632455,p11892
a237,0.01,3.1622776601683795e-05,0.1,632455,p11893
a237,0.01,3.1622776601683795e-05,0.1,632455,p11894
a237,0.01,3.1622776601683795e-05,0.1,632455,p11895
a237,0.01,3.1622776601683795e-05,0.1,632455,p11896
a237,0.01,3.1622776601683795e-05,0.1,632455,p11897
a237,0.01,3.1622776601683795e-05,0.1,632455,p11898
a237,0.01,3.1622776601683795e-05,0.1,632455,p11899
a238,0.01,0.0001,1e-07,200000,p11900
a238,0.01,0.0001,1e-07,200000,p11901
a238,0.01,0.0001,1e-07,200000,p11902
a238,0.01,0.0001,1e-07,200000,p11903
a238,0.01,0.0001,1e-07,200000,p11904
a238,0.01,0.0001,1e-07,200000,p11905
a238,0.01,0.0001,1e-07,200000,p11906
a238,0.01,0.0001,1e-07,200000,p11907
a238,0.01,0.0001,1e-07,200000,p11908
a238,0.01,0.0001,1e-07,200000,p11909
a238,0.01,0.0001,1e-07,200000,p11910
a238,0.01,0.0001,1e-07,200000,p11911
a238,0.01,0.0001,1e-07,200000,p11912
a238,0.01,0.0001,1e-07,200000,p11913
a238,0.01,0.0001,1e-07,200000,p11914
a238,0.01,0.0001,1e-07,200000,p11915
a238,0.01,0.0001,1e-07,200000,p11916
a238,0.01,0.0001,1e-07,200000,p11917
a238,0.01,0.0001,1e-07,200000,p11918
a238,0.01,0.0001,1e-07,200000,p11919
a238,0.01,0.0001,1e-07,200000,p11920
a238,0.01,0.0001,1e-07,200000,p11921
a238,0.01,0.0001,1e-07,200000,p11922
a238,0.01,0.0001,1e-07,200000,p11923
a238,0.01,0.0001,1e-07,200000,p11924
a238,0.01,0.0001,1e-07,200000,p11925
a238,0.01,0.0001,1e-07,200000,p11926
a238,0.01,0.0001,1e-07,200000,p11927
a238,0.01,0.0001,1e-07,200000,p11928
a238,0.01,0.0001,1e-07,200000,p11929
a238,0.01,0.0001,1e-07,200000,p11930
a238,0.01,0.0001,1e-07,200000,p11931
a238,0.01,0.0001,1e-07,200000,p11932
a238,0.01,0.0001,1e-07,200000,p11933
a238,0.01,0.0001,1e-07,200000,p11934
a238,0.01,0.0001,1e-07,200000,p11935
a238,0.01,0.0001,1e-07,200000,p11936
a238,0.01,0.0001,1e-07,200000,p11937
a238,0.01,0.0001,1e-07,200000,p11938
a238,0.01,0.0001,1e-07,200000,p11939
a238,0.01,0.0001,1e-07,200000,p11940
a238,0.01,0.0001,1e-07,200000,p11941
a238,0.01,0.0001,1e-07,200000,p11942
a238,0.01,0.0001,1e-07,200000,p11943
a238,0.01,0.0001,1e-07,200000,p11944
a238,0.01,0.0001,1e-07,200000,p11945
a238,0.01,0.0001,1e-07,200000,p11946
a238,0.01,0.0001,1e-07,200000,p11947
a238,0.01,0.0001,1e-07,200000,p11948
a238,0.01,0.0001,1e-07,200000,p11949
a239,0.01,0.0001,1e-06,200000,p11950
a239,0.01,0.0001,1e-06,200000,p11951
a239,0.01,0.0001,1e-06,200000,p11952
a239,0.01,0.0001,1e-06,200000,p11953
a239,0.01,0.0001,1e-06,200000,p11954
a239,0.01,0.0001,1e-06,200000,p11955
a239,0.01,0.0001,1e-06,200000,p11956
a239,0.01,0.0001,1e-06,200000,p11957
a239,0.01,0.0001,1e-06,200000,p11958
a239,0.01,0.0001,1e-06,200000,p11959
a239,0.01,0.0001,1e-06,200000,p11960
a239,0.01,0.0001,1e-06,200000,p11961
a239,0.01,0.0001,1e-06,200000,p11962
a239,0.01,0.0001,1e-06,200000,p11963
a239,0.01,0.0001,1e-06,200000,p11964
a239,0.01,0.0001,1e-06,200000,p11965
a239,0.01,0.0001,1e-06,200000,p11966
a239,0.01,0.0001,1e-06,200000,p11967
a239,0.01,0.0001,1e-06,200000,p11968
a239,0.01,0.0001,1e-06,200000,p11969
a239,0.01,0.0001,1e-06,200000,p11970
a239,0.01,0.0001,1e-06,200000,p11971
a239,0.01,0.0001,1e-06,200000,p11972
a239,0.01,0.0001,1e-06,200000,p11973
a239,0.01,0.0001,1e-06,200000,p11974
a239,0.01,0.0001,1e-06,200000,p11975
a239,0.01,0.0001,1e-06,200000,p11976
a239,0.01,0.0001,1e-06,200000,p11977
a239,0.01,0.0001,1e-06,200000,p11978
a239,0.01,0.0001,1e-06,200000,p11979
a239,0.01,0.0001,1e-06,200000,p11980
a239,0.01,0.0001,1e-06,200000,p11981
a239,0.01,0.0001,1e-06,200000,p11982
a239,0.01,0.0001,1e-06,200000,p11983
a239,0.01,0.0001,1e-06,200000,p11984
a239,0.01,0.0001,1e-06,200000,p11985
a239,0.01,0.0001,1e-06,200000,p11986
a239,0.01,0.0001,1e-06,200000,p11987
a239,0.01,0.0001,1e-06,200000,p11988
a239,0.01,0.0001,1e-06,200000,p11989
a239,0.01,0.0001,1e-06,200000,p11990
a239,0.01,0.0001,1e-06,200000,p11991
a239,0.01,0.0001,1e-06,200000,p11992
a239,0.01,0.0001,1e-06,200000,p11993
a239,0.01,0.0001,1e-06,200000,p11994
a239,0.01,0.0001,1e-06,200000,p11995
a239,0.01,0.0001,1e-06,200000,p11996
a239,0.01,0.0001,1e-06,200000,p11997
a239,0.01,0.0001,1e-06,200000,p11998
a239,0.01,0.0001,1e-06,200000,p11999
a240,0.01,0.0001,9.999999999999999e-06,200000,p12000
a240,0.01,0.0001,9.999999999999999e-06,200000,p12001
a240,0.01,0.0001,9.999999999999999e-06,200000,p12002
a240,0.01,0.0001,9.999999999999999e-06,200000,p12003
a240,0.01,0.0001,9.999999999999999e-06,200000,p12004
a240,0.01,0.0001,9.999999999999999e-06,200000,p12005
a240,0.01,0.0001,9.999999999999999e-06,200000,p12006
a240,0.01,0.0001,9.999999999999999e-06,200000,p12007
a240,0.01,0.0001,9.999999999999999e-06,200000,p12008
a240,0.01,0.0001,9.999999999999999e-06,200000,p12009
a240,0.01,0.0001,9.999999999999999e-06,200000,p12010
a240,0.01,0.0001,9.999999999999999e-06,200000,p12011
a240,0.01,0.0001,9.999999999999999e-06,200000,p12012
a240,0.01,0.0001,9.999999999999999e-06,200000,p12013
a240,0.01,0.0001,9.999999999999999e-06,200000,p12014
a240,0.01,0.0001,9.999999999999999e-06,200000,p12015
a240,0.01,0.0001,9.999999999999999e-06,200000,p12016
a240,0.01,0.0001,9.999999999999999e-06,200000,p12017
a240,0.01,0.0001,9.999999999999999e-06,200000,p12018
a240,0.01,0.0001,9.999999999999999e-06,200000,p12019
a240,0.01,0.0001,9.999999999999999e-06,200000,p12020
a240,0.01,0.0001,9.999999999999999e-06,200000,p12021
a240,0.01,0.0001,9.999999999999999e-06,200000,p12022
a240,0.01,0.0001,9.999999999999999e-06,200000,p12023
a240,0.01,0.0001,9.999999999999999e-06,200000,p12024
a240,0.01,0.0001,9.999999999999999e-06,200000,p12025
a240,0.01,0.0001,9.999999999999999e-06,200000,p12026
a240,0.01,0.0001,9.999999999999999e-06,200000,p12027
a240,0.01,0.0001,9.999999999999999e-06,200000,p12028
a240,0.01,0.0001,9.999999999999999e-06,200000,p12029
a240,0.01,0.0001,9.999999999999999e-06,200000,p12030
a240,0.01,0.0001,9.999999999999999e-06,200000,p12031
a240,0.01,0.0001,9.999999999999999e-06,200000,p12032
a240,0.01,0.0001,9.999999999999999e-06,200000,p12033
a240,0.01,0.0001,9.999999999999999e-06,200000,p12034
a240,0.01,0.0001,9.999999999999999e-06,200000,p12035
a240,0.01,0.0001,9.999999999999999e-06,200000,p12036
a240,0.01,0.0001,9.999999999999999e-06,200000,p12037
a240,0.01,0.0001,9.999999999999999e-06,200000,p12038
a240,0.01,0.0001,9.999999999999999e-06,200000,p12039
a240,0.01,0.0001,9.999999999999999e-06,200000,p12040
a240,0.01,0.0001,9.999999999999999e-06,200000,p12041
a240,0.01,0.0001,9.999999999999999e-06,200000,p12042
a240,0.01,0.0001,9.999999999999999e-06,200000,p12043
a240,0.01,0.0001,9.999999999999999e-06,200000,p12044
a240,0.01,0.0001,9.999999999999999e-06,200000,p12045
a240,0.01,0.0001,9.999999999999999e-06,200000,p12046
a240,0.01,0.0001,9.999999999999999e-06,200000,p12047
a240,0.01,0.0001,9.999999999999999e-06,200000,p12048
a240,0.01,0.0001,9.999999999999999e-06,200000,p12049
a241,0.01,0.0001,0.0001,200000,p12050
a241,0.01,0.0001,0.0001,200000,p12051
a241,0.01,0.0001,0.0001,200000,p12052
a241,0.01,0.0001,0.0001,200000,p12053
a241,0.01,0.0001,0.0001,200000,p12054
a241,0.01,0.0001,0.0001,200000,p12055
a241,0.01,0.0001,0.0001,200000,p12056
a241,0.01,0.0001,0.0001,200000,p12057
a241,0.01,0.0001,0.0001,200000,p12058
a241,0.01,0.0001,0.0001,200000,p12059
a241,0.01,0.0001,0.0001,200000,p12060
a241,0.01,0.0001,0.0001,200000,p12061
a241,0.01,0.0001,0.0001,200000,p12062
a241,0.01,0.0001,0.0001,200000,p12063
a241,0.01,0.0001,0.0001,200000,p12064
a241,0.01,0.0001,0.0001,200000,p12065
a241,0.01,0.0001,0.0001,200000,p12066
a241,0.01,0.0001,0.0001,200000,p12067
a241,0.01,0.0001,0.0001,200000,p12068
a241,0.01,0.0001,0.0001,200000,p12069
a241,0.01,0.0001,0.0001,200000,p12070
a241,0.01,0.0001,0.0001,200000,p12071
a241,0.01,0.0001,0.0001,200000,p12072
a241,0.01,0.0001,0.0001,200000,p12073
a241,0.01,0.0001,0.0001,200000,p12074
a241,0.01,0.0001,0.0001,200000,p12075
a241,0.01,0.0001,0.0001,200000,p12076
a241,0.01,0.0001,0.0001,200000,p12077
a241,0.01,0.0001,0.0001,200000,p12078
a241,0.01,0.0001,0.0001,200000,p12079
a241,0.01,0.0001,0.0001,200000,p12080
a241,0.01,0.0001,0.0001,200000,p12081
a241,0.01,0.0001,0.0001,200000,p12082
a241,0.01,0.0001,0.0001,200000,p12083
a241,0.01,0.0001,0.0001,200000,p12084
a241,0.01,0.0001,0.0001,200000,p12085
a241,0.01,0.0001,0.0001,200000,p12086
a241,0.01,0.0001,0.0001,200000,p12087
a241,0.01,0.0001,0.0001,200000,p12088
a241,0.01,0.0001,0.0001,200000,p12089
a241,0.01,0.0001,0.0001,200000,p12090
a241,0.01,0.0001,0.0001,200000,p12091
a241,0.01,0.0001,0.0001,200000,p12092
a241,0.01,0.0001,0.0001,200000,p12093
a241,0.01,0.0001,0.0001,200000,p12094
a241,0.01,0.0001,0.0001,200000,p12095
a241,0.01,0.0001,0.0001,200000,p12096
a241,0.01,0.0001,0.0001,200000,p12097
a241,0.01,0.0001,0.0001,200000,p12098
a241,0.01,0.0001,0.0001,200000,p12099
a242,0.01,0.0001,0.001,200000,p12100
a242,0.01,0.0001,0.001,200000,p12101
a242,0.01,0.0001,0.001,200000,p12102
a242,0.01,0.0001,0.001,200000,p12103
a242,0.01,0.0001,0.001,200000,p12104
a242,0.01,0.0001,0.001,200000,p12105
a242,0.01,0.0001,0.001,200000,p12106
a242,0.01,0.0001,0.001,200000,p12107
a242,0.01,0.0001,0.001,200000,p12108
a242,0.01,0.0001,0.001,200000,p12109
a242,0.01,0.0001,0.001,200000,p12110
a242,0.01,0.0001,0.001,200000,p12111
a242,0.01,0.0001,0.001,200000,p12112
a242,0.01,0.0001,0.001,200000,p12113
a242,0.01,0.0001,0.001,200000,p12114
a242,0.01,0.0001,0.001,200000,p12115
a242,0.01,0.0001,0.001,200000,p12116
a242,0.01,0.0001,0.001,200000,p12117
a242,0.01,0.0001,0.001,200000,p12118
a242,0.01,0.0001,0.001,200000,p12119
a242,0.01,0.0001,0.001,200000,p12120
a242,0.01,0.0001,0.001,200000,p12121
a242,0.01,0.0001,0.001,200000,p12122
a242,0.01,0.0001,0.001,200000,p12123
a242,0.01,0.0001,0.001,200000,p12124
a242,0.01,0.0001,0.001,200000,p12125
a242,0.01,0.0001,0.001,200000,p12126
a242,0.01,0.0001,0.001,200000,p12127
a242,0.01,0.0001,0.001,200000,p12128
a242,0.01,0.0001,0.001,200000,p12129
a242,0.01,0.0001,0.001,200000,p12130
a242,0.01,0.0001,0.001,200000,p12131
a242,0.01,0.0001,0.001,200000,p12132
a242,0.01,0.0001,0.001,200000,p12133
a242,0.01,0.0001,0.001,200000,p12134
a242,0.01,0.0001,0.001,200000,p12135
a242,0.01,0.0001,0.001,200000,p12136
a242,0.01,0.0001,0.001,200000,p12137
a242,0.01,0.0001,0.001,200000,p12138
a242,0.01,0.0001,0.001,200000,p12139
a242,0.01,0.0001,0.001,200000,p12140
a242,0.01,0.0001,0.001,200000,p12141
a242,0.01,0.0001,0.001,200000,p12142
a242,0.01,0.0001,0.001,200000,p12143
a242,0.01,0.0001,0.001,200000,p12144
a242,0.01,0.0001,0.001,200000,p12145
a242,0.01,0.0001,0.001,200000,p12146
a242,0.01,0.0001,0.001,200000,p12147
a242,0.01,0.0001,0.001,200000,p12148
a242,0.01,0.0001,0.001,200000,p12149
a243,0.01,0.0001,0.01,200000,p12150
a243,0.01,0.0001,0.01,200000,p12151
a243,0.01,0.0001,0.01,200000,p12152
a243,0.01,0.0001,0.01,200000,p12153
a243,0.01,0.0001,0.01,200000,p12154
a243,0.01,0.0001,0.01,200000,p12155
a243,0.01,0.0001,0.01,200000,p12156
a243,0.01,0.0001,0.01,200000,p12157
a243,0.01,0.0001,0.01,200000,p12158
a243,0.01,0.0001,0.01,200000,p12159
a243,0.01,0.0001,0.01,200000,p12160
a243,0.01,0.0001,0.01,200000,p12161
a243,0.01,0.0001,0.01,200000,p12162
a243,0.01,0.0001,0.01,200000,p12163
a243,0.01,0.0001,0.01,200000,p12164
a243,0.01,0.0001,0.01,200000,p12165
a243,0.01,0.0001,0.01,200000,p12166
a243,0.01,0.0001,0.01,200000,p12167
a243,0.01,0.0001,0.01,200000,p12168
a243,0.01,0.0001,0.01,200000,p12169
a243,0.01,0.0001,0.01,200000,p12170
a243,0.01,0.0001,0.01,200000,p12171
a243,0.01,0.0001,0.01,200000,p12172
a243,0.01,0.0001,0.01,200000,p12173
a243,0.01,0.0001,0.01,200000,p12174
a243,0.01,0.0001,0.01,200000,p12175
a243,0.01,0.0001,0.01,200000,p12176
a243,0.01,0.0001,0.01,200000,p12177
a243,0.01,0.0001,0.01,200000,p12178
a243,0.01,0.0001,0.01,200000,p12179
a243,0.01,0.0001,0.01,200000,p12180
a243,0.01,0.0001,0.01,200000,p12181
a243,0.01,0.0001,0.01,200000,p12182
a243,0.01,0.0001,0.01,200000,p12183
a243,0.01,0.0001,0.01,200000,p12184
a243,0.01,0.0001,0.01,200000,p12185
a243,0.01,0.0001,0.01,200000,p12186
a243,0.01,0.0001,0.01,200000,p12187
a243,0.01,0.0001,0.01,200000,p12188
a243,0.01,0.0001,0.01,200000,p12189
a243,0.01,0.0001,0.01,200000,p12190
a243,0.01,0.0001,0.01,200000,p12191
a243,0.01,0.0001,0.01,200000,p12192
a243,0.01,0.0001,0.01,200000,p12193
a243,0.01,0.0001,0.01,200000,p12194
a243,0.01,0.0001,0.01,200000,p12195
a243,0.01,0.0001,0.01,200000,p12196
a243,0.01,0.0001,0.01,200000,p12197
a243,0.01,0.0001,0.01,200000,p12198
a243,0.01,0.0001,0.01,200000,p12199
a244,0.01,0.0001,0.1,200000,p12200
a244,0.01,0.0001,0.1,200000,p12201
a244,0.01,0.0001,0.1,200000,p12202
a244,0.01,0.0001,0.1,200000,p12203
a244,0.01,0.0001,0.1,200000,p12204
a244,0.01,0.0001,0.1,200000,p12205
a244,0.01,0.0001,0.1,200000,p12206
a244,0.01,0.0001,0.1,200000,p12207
a244,0.01,0.0001,0.1,200000,p12208
a244,0.01,0.0001,0.1,200000,p12209
a244,0.01,0.0001,0.1,200000,p12210
a244,0.01,0.0001,0.1,200000,p12211
a244,0.01,0.0001,0.1,200000,p12212
a244,0.01,0.0001,0.1,200000,p12213
a244,0.01,0.0001,0.1,200000,p12214
a244,0.01,0.0001,0.1,200000,p12215
a244,0.01,0.0001,0.1,200000,p12216
a244,0.01,0.0001,0.1,200000,p12217
a244,0.01,0.0001,0.1,200000,p12218
a244,0.01,0.0001,0.1,200000,p12219
a244,0.01,0.0001,0.1,200000,p12220
a244,0.01,0.0001,0.1,200000,p12221
a244,0.01,0.0001,0.1,200000,p12222
a244,0.01,0.0001,0.1,200000,p12223
a244,0.01,0.0001,0.1,200000,p12224
a244,0.01,0.0001,0.1,200000,p12225
a244,0.01,0.0001,0.1,200000,p12226
a244,0.01,0.0001,0.1,200000,p12227
a244,0.01,0.0001,0.1,200000,p12228
a244,0.01,0.0001,0.1,200000,p12229
a244,0.01,0.0001,0.1,200000,p12230
a244,0.01,0.0001,0.1,200000,p12231
a244,0.01,0.0001,0.1,200000,p12232
a244,0.01,0.0001,0.1,200000,p12233
a244,0.01,0.0001,0.1,200000,p12234
a244,0.01,0.0001,0.1,200000,p12235
a244,0.01,0.0001,0.1,200000,p12236
a244,0.01,0.0001,0.1,200000,p12237
a244,0.01,0.0001,0.1,200000,p12238
a244,0.01,0.0001,0.1,200000,p12239
a244,0.01,0.0001,0.1,200000,p12240
a244,0.01,0.0001,0.1,200000,p12241
a244,0.01,0.0001,0.1,200000,p12242
a244,0.01,0.0001,0.1,200000,p12243
a244,0.01,0.0001,0.1,200000,p12244
a244,0.01,0.0001,0.1,200000,p12245
a244,0.01,0.0001,0.1,200000,p12246
a244,0.01,0.0001,0.1,200000,p12247
a244,0.01,0.0001,0.1,200000,p12248
a244,0.01,0.0001,0.1,200000,p12249
